Gas_Level,Temperature,Pressure,Humidity,Worker_Count,Maintenance_Status,Permit_Type,Shift,Explosion_Risk,Fire_Risk,Gas_Leakage_Risk,Electrical_Hazard,Worker_Safety_Score
62.93,30.01,5.38,64,30,Yes,Confined Space,Night,Medium,Low,Medium,Medium,45
21.04,79.98,3.92,84,8,Yes,Confined Space,Evening,Low,Medium,Low,Low,80
35.41,79.97,2.6,77,25,Yes,Confined Space,Evening,Low,Medium,Low,Low,70
0.99,32.86,2.78,79,21,Yes,Confined Space,Night,Low,Low,Low,Low,70
20.62,20.29,6.59,46,28,No,Hot Work,Morning,Low,Low,Low,Medium,80
95.78,95.28,3.13,57,21,No,Hot Work,Morning,High,High,High,Low,40
86.08,91.7,6.23,42,29,No,Normal,Evening,High,High,High,Medium,30
55.68,66.88,7.41,85,21,No,Hot Work,Morning,Low,Medium,Medium,Medium,70
35.83,84.63,7.78,60,21,Yes,Hot Work,Evening,Low,High,Low,Medium,50
53.82,48.53,6.9,76,30,Yes,Hot Work,Night,Low,Low,Medium,Medium,60
10.18,84.17,1.12,78,14,Yes,Confined Space,Morning,Low,High,Low,Low,70
99.87,99.59,1.32,38,1,No,Normal,Morning,High,High,High,Low,50
74.66,39.25,4.57,70,24,Yes,Normal,Evening,Medium,Low,Medium,Low,65
14.1,89.27,6.67,24,12,Yes,Normal,Evening,Low,High,Low,Medium,60
22.7,48.47,4.98,38,15,Yes,Normal,Night,Low,Low,Low,Low,80
27.12,54.26,4.32,23,3,Yes,Normal,Night,Low,Low,Low,Low,80
40.08,23.61,3.18,31,5,Yes,Normal,Night,Low,Low,Low,Low,80
54.68,80.6,9.28,64,21,No,Hot Work,Night,Low,High,Medium,High,40
67.32,76.01,5.91,42,20,Yes,Confined Space,Night,Medium,Medium,Medium,Medium,45
6.94,89.59,1.69,43,1,Yes,Confined Space,Evening,Low,High,Low,Low,70
42.74,52.84,3.84,36,28,Yes,Normal,Morning,Low,Low,Low,Low,80
68.86,32.3,3.05,64,9,No,Normal,Morning,Medium,Low,Medium,Low,85
66.63,72.05,6.17,58,11,No,Confined Space,Evening,Medium,Medium,Medium,Medium,65
99.44,77.24,4.39,87,28,No,Hot Work,Morning,High,Medium,High,Low,50
46.95,98.4,2.42,86,18,Yes,Confined Space,Night,Low,High,Low,Low,60
39.44,93.03,4.2,90,20,Yes,Confined Space,Evening,Low,High,Low,Low,70
50.13,33.41,5.56,51,7,No,Confined Space,Morning,Low,Low,Medium,Medium,90
13.6,48.68,4.73,82,14,No,Hot Work,Morning,Low,Low,Low,Low,100
90.35,28.06,9.97,35,8,No,Normal,Morning,Medium,Low,High,High,50
80.28,93.73,9.09,84,25,No,Confined Space,Morning,High,High,High,High,20
73.26,52.8,4.77,60,26,Yes,Confined Space,Evening,Medium,Low,Medium,Low,65
50.32,96.91,8.85,49,1,Yes,Hot Work,Evening,Low,High,Medium,High,50
97.59,63.4,5.59,86,26,No,Normal,Evening,Medium,Medium,High,Medium,40
74.0,76.51,9.61,47,29,Yes,Hot Work,Night,Medium,Medium,Medium,High,25
49.36,47.7,9.58,58,6,Yes,Hot Work,Evening,Low,Low,Low,High,70
85.23,93.47,7.25,40,16,No,Hot Work,Morning,High,High,High,Medium,40
27.02,47.8,5.95,61,26,Yes,Hot Work,Evening,Low,Low,Low,Medium,70
33.73,87.21,7.06,67,5,Yes,Confined Space,Morning,Low,High,Low,Medium,60
98.38,84.21,5.44,62,23,No,Normal,Night,High,High,High,Medium,20
99.23,25.9,9.02,29,17,No,Confined Space,Night,Medium,Low,High,High,40
41.1,36.27,1.24,69,5,No,Normal,Morning,Low,Low,Low,Low,100
89.44,76.35,3.37,89,27,No,Confined Space,Morning,High,Medium,High,Low,50
6.78,81.94,6.42,22,16,Yes,Hot Work,Night,Low,High,Low,Medium,50
1.14,96.68,6.23,47,12,No,Confined Space,Night,Low,High,Low,Medium,60
53.08,32.36,2.92,64,4,No,Confined Space,Night,Low,Low,Medium,Low,90
31.46,84.65,6.18,48,13,Yes,Normal,Evening,Low,High,Low,Medium,60
14.97,46.36,8.57,32,28,No,Confined Space,Morning,Low,Low,Low,High,70
81.6,61.88,6.77,61,22,No,Normal,Morning,Medium,Medium,High,Medium,40
42.97,68.03,8.43,78,12,No,Confined Space,Morning,Low,Medium,Low,High,70
82.14,56.36,7.37,71,25,No,Normal,Morning,Medium,Low,High,Medium,50
24.51,34.33,6.99,32,25,Yes,Normal,Morning,Low,Low,Low,Medium,70
91.78,91.93,9.81,48,21,No,Confined Space,Night,High,High,High,High,10
79.03,80.28,6.38,57,20,No,Confined Space,Morning,Medium,High,High,Medium,55
45.55,76.7,2.72,40,8,No,Hot Work,Morning,Low,Medium,Low,Low,90
38.75,43.84,2.54,82,13,No,Confined Space,Morning,Low,Low,Low,Low,100
53.41,47.81,1.82,27,15,Yes,Confined Space,Morning,Low,Low,Medium,Low,90
52.24,27.92,6.97,34,24,Yes,Hot Work,Evening,Low,Low,Medium,Medium,70
40.3,65.99,7.08,90,19,Yes,Confined Space,Night,Low,Medium,Low,Medium,60
62.34,87.15,4.51,69,4,No,Normal,Night,Medium,High,Medium,Low,55
26.79,34.35,9.46,85,20,No,Normal,Night,Low,Low,Low,High,70
7.84,85.56,8.09,82,8,Yes,Normal,Evening,Low,High,Low,High,50
54.07,49.2,3.85,54,2,Yes,Confined Space,Morning,Low,Low,Medium,Low,90
45.22,99.81,3.01,63,1,Yes,Hot Work,Night,Low,High,Low,Low,60
11.43,84.28,3.14,88,24,No,Normal,Morning,Low,High,Low,Low,70
8.5,74.42,4.85,50,25,Yes,Hot Work,Night,Low,Medium,Low,Low,60
27.18,92.39,5.25,67,23,Yes,Hot Work,Evening,Low,High,Low,Medium,50
5.43,72.75,2.35,69,12,No,Confined Space,Evening,Low,Medium,Low,Low,90
69.24,29.89,4.43,86,23,No,Confined Space,Night,Medium,Low,Medium,Low,65
94.8,79.59,1.03,39,10,Yes,Normal,Morning,High,Medium,High,Low,50
17.61,99.68,4.25,80,23,Yes,Confined Space,Night,Low,High,Low,Low,50
73.28,66.77,6.52,75,24,Yes,Confined Space,Night,Medium,Medium,Medium,Medium,35
34.88,71.11,4.73,59,19,No,Normal,Night,Low,Medium,Low,Low,80
50.94,98.79,8.38,69,4,Yes,Normal,Evening,Low,High,Medium,High,50
71.15,92.9,5.74,76,6,No,Hot Work,Evening,Medium,High,Medium,Medium,55
41.36,99.79,8.21,73,14,Yes,Hot Work,Evening,Low,High,Low,High,50
7.83,84.35,2.67,69,11,No,Normal,Evening,Low,High,Low,Low,80
52.85,31.23,2.63,76,30,No,Confined Space,Night,Low,Low,Medium,Low,80
50.78,36.27,2.68,64,30,No,Normal,Evening,Low,Low,Medium,Low,90
17.13,46.16,4.77,75,28,Yes,Normal,Night,Low,Low,Low,Low,70
52.09,76.96,9.17,51,23,No,Hot Work,Evening,Low,Medium,Medium,High,60
96.71,87.01,6.7,58,8,Yes,Normal,Evening,High,High,High,Medium,30
7.02,51.75,6.79,59,10,Yes,Normal,Night,Low,Low,Low,Medium,70
23.94,56.82,6.48,48,1,Yes,Hot Work,Night,Low,Low,Low,Medium,70
22.3,29.78,3.99,87,11,Yes,Hot Work,Morning,Low,Low,Low,Low,90
68.1,54.89,3.04,50,12,No,Hot Work,Morning,Medium,Low,Medium,Low,85
19.5,75.03,5.9,46,12,Yes,Hot Work,Evening,Low,Medium,Low,Medium,70
58.3,49.25,3.24,43,29,No,Confined Space,Evening,Low,Low,Medium,Low,90
98.58,33.45,3.7,28,30,No,Confined Space,Night,Medium,Low,High,Low,50
11.08,75.28,5.38,30,19,Yes,Hot Work,Evening,Low,Medium,Low,Medium,70
82.66,55.4,1.77,44,29,No,Hot Work,Morning,Medium,Low,High,Low,60
93.7,33.41,5.46,40,4,No,Hot Work,Evening,Medium,Low,High,Medium,60
43.16,20.5,5.87,39,3,Yes,Confined Space,Night,Low,Low,Low,Medium,70
9.83,72.69,7.8,87,29,No,Hot Work,Evening,Low,Medium,Low,Medium,70
92.57,46.03,5.72,83,17,No,Confined Space,Night,Medium,Low,High,Medium,50
86.58,81.4,7.76,70,7,Yes,Confined Space,Morning,High,High,High,Medium,30
63.47,26.96,4.42,79,21,No,Normal,Evening,Medium,Low,Medium,Low,75
8.13,66.49,4.55,59,10,Yes,Normal,Evening,Low,Medium,Low,Low,80
6.13,63.78,2.88,53,4,Yes,Normal,Night,Low,Medium,Low,Low,70
56.97,37.48,3.63,48,30,No,Normal,Night,Low,Low,Medium,Low,80
80.83,42.54,4.39,46,23,Yes,Normal,Evening,Medium,Low,High,Low,50
29.91,42.8,6.26,33,2,Yes,Hot Work,Morning,Low,Low,Low,Medium,80
27.19,30.21,1.21,88,7,No,Confined Space,Evening,Low,Low,Low,Low,100
86.18,23.66,7.24,49,14,No,Confined Space,Morning,Medium,Low,High,Medium,60
87.51,77.36,8.25,72,15,No,Normal,Night,High,Medium,High,High,30
91.39,39.37,3.12,73,9,No,Confined Space,Morning,Medium,Low,High,Low,70
57.45,81.27,1.05,49,20,Yes,Hot Work,Night,Low,High,Medium,Low,60
82.31,87.97,6.09,32,23,No,Hot Work,Evening,High,High,High,Medium,30
28.44,68.17,9.02,72,20,No,Normal,Morning,Low,Medium,Low,High,70
58.31,89.81,5.83,30,9,Yes,Hot Work,Morning,Low,High,Medium,Medium,60
51.36,20.29,6.24,49,26,Yes,Hot Work,Morning,Low,Low,Medium,Medium,70
46.47,84.04,1.88,55,2,Yes,Normal,Evening,Low,High,Low,Low,70
42.34,22.85,8.34,46,11,No,Hot Work,Morning,Low,Low,Low,High,80
43.4,47.2,9.89,84,27,Yes,Normal,Morning,Low,Low,Low,High,60
86.64,91.59,8.14,52,21,No,Normal,Morning,High,High,High,High,20
12.93,31.53,7.85,67,7,Yes,Confined Space,Evening,Low,Low,Low,Medium,80
41.16,72.73,5.5,85,7,Yes,Confined Space,Night,Low,Medium,Low,Medium,60
14.75,21.84,3.38,65,8,Yes,Normal,Evening,Low,Low,Low,Low,90
29.54,84.74,7.73,74,12,No,Normal,Morning,Low,High,Low,Medium,70
83.74,78.21,4.66,58,29,No,Normal,Night,High,Medium,High,Low,40
17.39,43.2,1.03,29,5,Yes,Normal,Evening,Low,Low,Low,Low,90
4.76,82.57,9.93,25,15,No,Normal,Evening,Low,High,Low,High,60
71.93,85.61,1.17,79,3,No,Hot Work,Night,Medium,High,Medium,Low,55
30.29,78.42,9.69,23,22,Yes,Hot Work,Night,Low,Medium,Low,High,40
52.64,81.73,8.81,51,12,Yes,Normal,Evening,Low,High,Medium,High,50
74.73,27.03,2.48,43,17,Yes,Hot Work,Night,Medium,Low,Medium,Low,65
6.57,32.74,7.21,90,13,Yes,Hot Work,Night,Low,Low,Low,Medium,70
78.0,32.75,7.92,25,15,Yes,Hot Work,Morning,Medium,Low,High,Medium,65
11.6,48.78,1.19,36,26,No,Confined Space,Morning,Low,Low,Low,Low,90
52.64,87.35,9.98,46,25,Yes,Normal,Night,Low,High,Medium,High,30
30.71,74.63,3.18,50,13,No,Hot Work,Evening,Low,Medium,Low,Low,90
18.68,92.83,7.08,87,20,Yes,Normal,Evening,Low,High,Low,Medium,60
1.78,77.24,3.25,59,17,No,Confined Space,Morning,Low,Medium,Low,Low,90
42.79,87.16,9.09,69,2,No,Hot Work,Night,Low,High,Low,High,50
48.49,23.51,1.63,21,15,No,Confined Space,Morning,Low,Low,Low,Low,100
36.27,74.38,4.93,34,7,No,Confined Space,Evening,Low,Medium,Low,Low,90
63.29,45.7,2.45,89,21,No,Hot Work,Evening,Medium,Low,Medium,Low,75
86.86,40.67,9.85,57,4,Yes,Hot Work,Morning,Medium,Low,High,High,40
57.69,92.89,5.53,82,21,No,Confined Space,Night,Low,High,Medium,Medium,50
22.19,59.34,3.25,43,4,No,Hot Work,Night,Low,Low,Low,Low,90
67.48,33.4,9.45,27,7,Yes,Confined Space,Evening,Medium,Low,Medium,High,55
86.51,34.93,6.34,66,27,Yes,Confined Space,Morning,Medium,Low,High,Medium,40
13.22,34.18,5.01,77,10,No,Normal,Evening,Low,Low,Low,Medium,90
83.33,94.24,8.22,73,22,Yes,Confined Space,Evening,High,High,High,High,10
95.53,50.53,2.2,34,17,Yes,Confined Space,Evening,Medium,Low,High,Low,60
13.11,96.85,7.72,79,8,Yes,Hot Work,Morning,Low,High,Low,Medium,60
89.34,39.98,2.05,38,5,Yes,Normal,Morning,Medium,Low,High,Low,60
25.77,36.21,6.1,64,11,No,Normal,Morning,Low,Low,Low,Medium,90
98.41,54.6,8.96,77,28,Yes,Hot Work,Morning,Medium,Low,High,High,30
38.38,82.71,3.18,60,8,Yes,Normal,Morning,Low,High,Low,Low,70
85.47,25.06,2.92,43,13,Yes,Confined Space,Evening,Medium,Low,High,Low,60
58.84,81.6,6.08,58,15,No,Normal,Morning,Low,High,Medium,Medium,70
56.29,20.23,3.67,24,22,No,Normal,Morning,Low,Low,Medium,Low,90
47.98,40.26,8.03,84,20,Yes,Normal,Evening,Low,Low,Low,High,70
55.32,36.76,8.21,44,30,Yes,Confined Space,Night,Low,Low,Medium,High,50
97.17,94.18,3.34,28,26,No,Hot Work,Evening,High,High,High,Low,40
51.08,22.3,7.48,44,2,Yes,Normal,Evening,Low,Low,Medium,Medium,80
24.32,20.02,6.31,66,29,No,Hot Work,Night,Low,Low,Low,Medium,70
84.59,41.87,8.06,65,7,Yes,Hot Work,Evening,Medium,Low,High,High,40
44.5,50.96,6.43,39,7,No,Hot Work,Morning,Low,Low,Low,Medium,90
74.93,86.36,5.09,23,25,No,Hot Work,Evening,Medium,High,Medium,Medium,45
42.36,76.5,4.06,42,13,Yes,Normal,Evening,Low,Medium,Low,Low,80
40.52,28.58,7.72,39,25,Yes,Confined Space,Night,Low,Low,Low,Medium,60
48.99,61.06,4.43,44,29,Yes,Confined Space,Night,Low,Medium,Low,Low,60
55.77,87.02,4.48,55,10,No,Confined Space,Night,Low,High,Medium,Low,70
32.74,34.57,3.83,60,12,Yes,Hot Work,Morning,Low,Low,Low,Low,90
18.89,43.22,6.01,66,3,No,Hot Work,Evening,Low,Low,Low,Medium,90
25.0,33.04,5.03,75,1,No,Hot Work,Night,Low,Low,Low,Medium,80
5.47,44.06,2.09,90,25,No,Normal,Morning,Low,Low,Low,Low,90
78.03,93.23,9.8,61,7,No,Hot Work,Evening,Medium,High,High,High,45
88.59,69.32,1.02,78,16,No,Hot Work,Night,Medium,Medium,High,Low,50
43.5,28.45,4.54,82,11,Yes,Confined Space,Evening,Low,Low,Low,Low,90
43.7,54.77,7.46,73,12,Yes,Confined Space,Night,Low,Low,Low,Medium,70
4.88,76.67,6.92,56,20,Yes,Confined Space,Night,Low,Medium,Low,Medium,60
79.21,90.04,2.58,62,29,No,Normal,Morning,Medium,High,High,Low,55
47.46,97.02,8.56,67,1,No,Confined Space,Morning,Low,High,Low,High,60
48.07,57.54,9.65,73,11,Yes,Normal,Morning,Low,Low,Low,High,70
78.12,63.39,3.94,60,11,No,Confined Space,Night,Medium,Medium,High,Low,65
31.75,65.66,8.64,73,8,No,Normal,Night,Low,Medium,Low,High,60
94.9,91.66,5.21,78,2,No,Hot Work,Morning,High,High,High,Medium,40
50.92,89.2,7.7,84,12,Yes,Hot Work,Morning,Low,High,Medium,Medium,60
10.32,82.34,1.67,40,23,Yes,Hot Work,Evening,Low,High,Low,Low,60
24.93,48.27,2.49,61,11,No,Normal,Morning,Low,Low,Low,Low,100
35.17,67.12,8.77,26,22,No,Confined Space,Evening,Low,Medium,Low,High,60
94.08,32.97,3.2,77,16,No,Normal,Morning,Medium,Low,High,Low,70
62.19,99.42,7.22,20,5,Yes,Normal,Morning,Medium,High,Medium,Medium,45
56.53,37.44,4.37,48,7,Yes,Normal,Night,Low,Low,Medium,Low,80
3.24,95.08,4.04,50,21,No,Confined Space,Evening,Low,High,Low,Low,70
21.97,60.74,7.69,53,27,Yes,Normal,Morning,Low,Medium,Low,Medium,60
98.52,54.5,2.71,70,19,Yes,Confined Space,Morning,Medium,Low,High,Low,60
7.53,77.54,6.35,74,2,No,Hot Work,Morning,Low,Medium,Low,Medium,80
79.12,28.92,3.88,80,4,No,Normal,Night,Medium,Low,High,Low,75
60.61,50.85,1.86,57,2,No,Normal,Evening,Medium,Low,Medium,Low,85
93.87,77.3,3.18,50,22,Yes,Normal,Morning,High,Medium,High,Low,40
85.04,42.1,7.55,76,20,No,Normal,Morning,Medium,Low,High,Medium,60
28.94,37.42,9.18,53,19,Yes,Normal,Night,Low,Low,Low,High,60
83.12,29.09,1.75,77,13,No,Normal,Evening,Medium,Low,High,Low,70
55.95,62.48,3.4,75,1,No,Normal,Morning,Low,Medium,Medium,Low,90
0.04,35.71,3.21,54,30,No,Hot Work,Morning,Low,Low,Low,Low,90
66.57,77.64,4.29,51,2,Yes,Confined Space,Evening,Medium,Medium,Medium,Low,65
22.21,24.81,5.94,54,11,Yes,Hot Work,Morning,Low,Low,Low,Medium,80
78.75,61.89,3.24,67,24,No,Confined Space,Morning,Medium,Medium,High,Low,65
26.55,46.91,3.35,76,13,No,Confined Space,Evening,Low,Low,Low,Low,100
26.04,69.35,9.19,80,15,No,Normal,Morning,Low,Medium,Low,High,70
54.06,74.73,1.07,60,3,Yes,Normal,Morning,Low,Medium,Medium,Low,80
52.93,46.35,8.22,80,19,Yes,Hot Work,Morning,Low,Low,Medium,High,70
87.07,65.61,7.87,90,14,No,Confined Space,Night,Medium,Medium,High,Medium,40
20.77,92.33,9.31,44,14,No,Hot Work,Morning,Low,High,Low,High,60
5.27,30.07,3.2,76,16,Yes,Normal,Night,Low,Low,Low,Low,80
74.12,46.78,9.7,50,7,No,Normal,Morning,Medium,Low,Medium,High,65
26.09,77.25,2.84,24,30,No,Hot Work,Night,Low,Medium,Low,Low,70
25.19,94.74,5.55,53,21,No,Normal,Evening,Low,High,Low,Medium,60
25.78,67.64,9.42,47,20,Yes,Normal,Evening,Low,Medium,Low,High,60
73.27,40.28,7.52,77,17,Yes,Confined Space,Night,Medium,Low,Medium,Medium,55
16.41,37.07,3.83,46,19,Yes,Hot Work,Night,Low,Low,Low,Low,80
13.53,35.38,9.12,23,17,Yes,Hot Work,Night,Low,Low,Low,High,60
86.14,47.6,6.74,63,24,Yes,Confined Space,Evening,Medium,Low,High,Medium,40
56.92,88.08,1.2,24,11,No,Hot Work,Evening,Low,High,Medium,Low,80
25.03,88.74,6.59,55,12,Yes,Confined Space,Night,Low,High,Low,Medium,50
21.73,53.62,8.17,21,18,No,Normal,Night,Low,Low,Low,High,70
23.49,89.47,8.46,28,29,No,Confined Space,Evening,Low,High,Low,High,50
80.0,65.5,3.5,39,11,No,Confined Space,Evening,Medium,Medium,High,Low,75
97.3,33.2,7.4,57,20,Yes,Confined Space,Evening,Medium,Low,High,Medium,50
34.49,78.93,9.88,83,10,No,Hot Work,Night,Low,Medium,Low,High,60
35.53,39.58,7.86,56,7,No,Hot Work,Evening,Low,Low,Low,Medium,90
0.14,73.97,2.05,45,3,Yes,Hot Work,Night,Low,Medium,Low,Low,70
98.68,26.37,1.43,67,13,Yes,Confined Space,Night,Medium,Low,High,Low,50
14.97,33.05,3.25,34,4,No,Normal,Morning,Low,Low,Low,Low,100
52.71,32.01,2.88,35,18,Yes,Normal,Morning,Low,Low,Medium,Low,90
42.03,37.86,5.15,29,16,Yes,Normal,Morning,Low,Low,Low,Medium,80
50.04,36.28,8.59,24,9,Yes,Hot Work,Morning,Low,Low,Medium,High,70
2.52,57.9,3.27,84,13,No,Confined Space,Evening,Low,Low,Low,Low,100
85.87,24.62,3.1,49,7,Yes,Normal,Morning,Medium,Low,High,Low,60
19.33,24.54,2.96,76,3,Yes,Hot Work,Evening,Low,Low,Low,Low,90
90.63,48.12,1.79,56,7,No,Confined Space,Night,Medium,Low,High,Low,60
53.64,83.77,4.99,23,27,Yes,Normal,Morning,Low,High,Medium,Low,60
82.05,83.05,6.28,90,4,Yes,Hot Work,Night,High,High,High,Medium,20
4.63,45.5,1.63,79,16,Yes,Normal,Morning,Low,Low,Low,Low,90
74.8,34.48,7.74,89,4,No,Normal,Evening,Medium,Low,Medium,Medium,75
55.8,52.64,2.85,26,8,Yes,Hot Work,Morning,Low,Low,Medium,Low,90
32.46,70.69,9.81,46,6,No,Confined Space,Evening,Low,Medium,Low,High,70
21.44,98.92,6.4,22,17,Yes,Confined Space,Night,Low,High,Low,Medium,50
76.58,35.27,4.83,21,29,No,Hot Work,Morning,Medium,Low,High,Low,75
72.33,39.06,7.93,88,25,No,Confined Space,Morning,Medium,Low,Medium,Medium,65
98.19,98.45,1.6,57,29,Yes,Confined Space,Night,High,High,High,Low,20
81.39,91.17,7.99,52,6,Yes,Normal,Evening,High,High,High,Medium,30
79.49,55.67,2.21,55,3,No,Confined Space,Morning,Medium,Low,High,Low,85
72.68,20.77,7.65,79,9,No,Normal,Morning,Medium,Low,Medium,Medium,75
93.59,48.52,4.14,69,30,Yes,Hot Work,Night,Medium,Low,High,Low,40
39.15,66.56,9.03,86,23,No,Confined Space,Morning,Low,Medium,Low,High,60
4.62,89.43,4.35,46,17,Yes,Normal,Morning,Low,High,Low,Low,70
34.84,38.15,3.56,23,8,No,Confined Space,Night,Low,Low,Low,Low,90
26.71,41.93,8.93,85,19,No,Confined Space,Evening,Low,Low,Low,High,80
96.04,81.25,6.46,77,12,No,Normal,Night,High,High,High,Medium,30
15.81,70.79,7.93,34,5,Yes,Confined Space,Night,Low,Medium,Low,Medium,60
19.91,44.42,9.05,51,20,No,Confined Space,Morning,Low,Low,Low,High,80
5.72,23.17,9.09,38,9,Yes,Normal,Morning,Low,Low,Low,High,70
26.81,47.56,7.34,33,12,Yes,Normal,Evening,Low,Low,Low,Medium,80
39.26,21.45,5.12,37,14,Yes,Normal,Morning,Low,Low,Low,Medium,80
31.35,44.81,1.28,76,10,No,Hot Work,Night,Low,Low,Low,Low,90
1.5,84.65,2.37,20,15,No,Normal,Evening,Low,High,Low,Low,80
9.53,85.24,4.17,36,26,Yes,Normal,Morning,Low,High,Low,Low,60
48.15,24.92,9.52,44,24,Yes,Hot Work,Evening,Low,Low,Low,High,60
44.04,68.33,7.57,72,23,Yes,Confined Space,Night,Low,Medium,Low,Medium,50
57.02,63.97,6.15,31,20,No,Hot Work,Morning,Low,Medium,Medium,Medium,80
97.0,50.36,7.56,33,9,Yes,Hot Work,Night,Medium,Low,High,Medium,40
67.76,62.86,6.77,51,14,Yes,Confined Space,Evening,Medium,Medium,Medium,Medium,55
53.38,23.14,9.53,73,11,Yes,Confined Space,Evening,Low,Low,Medium,High,70
15.52,90.08,7.11,78,6,No,Hot Work,Morning,Low,High,Low,Medium,70
28.16,86.22,5.67,38,7,Yes,Hot Work,Evening,Low,High,Low,Medium,60
50.71,39.35,5.68,69,29,No,Hot Work,Night,Low,Low,Medium,Medium,70
42.48,99.78,8.56,20,17,No,Hot Work,Night,Low,High,Low,High,50
73.97,59.7,3.46,36,3,Yes,Confined Space,Night,Medium,Low,Medium,Low,65
5.11,70.32,6.94,30,15,No,Hot Work,Morning,Low,Medium,Low,Medium,80
34.13,85.97,2.31,38,6,No,Normal,Morning,Low,High,Low,Low,80
92.83,38.11,3.39,48,21,No,Normal,Night,Medium,Low,High,Low,50
77.36,45.92,3.21,40,10,Yes,Hot Work,Night,Medium,Low,High,Low,65
22.18,31.67,3.46,68,4,Yes,Hot Work,Evening,Low,Low,Low,Low,90
7.65,48.43,2.71,83,17,Yes,Confined Space,Evening,Low,Low,Low,Low,90
88.9,37.78,3.34,64,12,No,Normal,Evening,Medium,Low,High,Low,70
0.25,47.88,1.66,26,22,No,Hot Work,Night,Low,Low,Low,Low,80
62.66,53.5,8.63,34,8,Yes,Hot Work,Night,Medium,Low,Medium,High,45
80.53,26.52,9.5,21,14,Yes,Normal,Evening,Medium,Low,High,High,40
54.49,98.79,9.1,80,20,Yes,Normal,Night,Low,High,Medium,High,40
94.25,71.87,9.16,39,20,No,Normal,Evening,High,Medium,High,High,40
56.56,39.23,2.63,57,2,Yes,Hot Work,Evening,Low,Low,Medium,Low,90
12.71,61.73,4.12,49,16,No,Confined Space,Evening,Low,Medium,Low,Low,90
55.08,93.41,1.16,43,14,No,Confined Space,Night,Low,High,Medium,Low,70
11.52,44.79,9.98,48,28,Yes,Confined Space,Morning,Low,Low,Low,High,60
54.59,85.54,4.82,24,11,Yes,Hot Work,Night,Low,High,Medium,Low,60
88.64,65.42,4.78,74,22,Yes,Hot Work,Night,Medium,Medium,High,Low,30
23.99,46.99,2.36,52,30,No,Confined Space,Night,Low,Low,Low,Low,80
92.47,64.31,4.31,68,20,Yes,Confined Space,Morning,Medium,Medium,High,Low,50
64.56,53.61,9.22,64,2,No,Normal,Morning,Medium,Low,Medium,High,65
60.22,64.62,3.94,40,8,Yes,Normal,Evening,Medium,Medium,Medium,Low,65
68.04,37.39,4.38,54,26,No,Hot Work,Evening,Medium,Low,Medium,Low,75
99.2,92.0,3.36,23,26,No,Normal,Evening,High,High,High,Low,40
63.44,86.02,4.94,63,1,No,Confined Space,Evening,Medium,High,Medium,Low,65
52.47,44.18,3.27,76,5,No,Hot Work,Night,Low,Low,Medium,Low,90
78.45,94.51,4.96,29,29,Yes,Hot Work,Evening,Medium,High,High,Low,45
14.42,59.53,3.11,89,3,No,Normal,Night,Low,Low,Low,Low,90
13.06,44.34,6.81,57,8,Yes,Normal,Morning,Low,Low,Low,Medium,80
26.51,81.45,4.61,46,10,Yes,Normal,Evening,Low,High,Low,Low,70
39.83,52.64,6.83,51,3,Yes,Normal,Evening,Low,Low,Low,Medium,80
71.11,87.67,2.04,48,17,Yes,Normal,Night,Medium,High,Medium,Low,45
22.92,79.57,2.02,34,3,Yes,Normal,Morning,Low,Medium,Low,Low,80
98.52,51.17,4.37,36,18,No,Normal,Evening,Medium,Low,High,Low,70
16.4,81.13,2.54,28,21,Yes,Normal,Night,Low,High,Low,Low,50
90.41,98.72,1.52,65,24,Yes,Normal,Night,High,High,High,Low,20
99.55,89.55,7.54,69,9,Yes,Normal,Night,High,High,High,Medium,20
67.3,29.85,9.58,63,25,No,Normal,Morning,Medium,Low,Medium,High,55
99.21,39.66,4.52,51,12,No,Hot Work,Morning,Medium,Low,High,Low,70
2.42,32.17,2.28,38,17,Yes,Confined Space,Morning,Low,Low,Low,Low,90
63.52,99.59,8.57,40,3,Yes,Confined Space,Morning,Medium,High,Medium,High,35
12.75,80.86,3.47,25,13,Yes,Confined Space,Morning,Low,High,Low,Low,70
80.69,28.42,4.65,29,23,No,Hot Work,Night,Medium,Low,High,Low,50
42.79,49.52,3.58,28,25,No,Normal,Morning,Low,Low,Low,Low,90
41.81,20.04,7.79,57,9,Yes,Normal,Night,Low,Low,Low,Medium,70
3.26,23.05,4.35,35,13,Yes,Normal,Night,Low,Low,Low,Low,80
87.4,48.55,6.21,75,7,No,Normal,Evening,Medium,Low,High,Medium,60
97.82,66.08,7.77,79,25,No,Hot Work,Evening,Medium,Medium,High,Medium,40
87.41,52.68,1.38,75,18,Yes,Confined Space,Morning,Medium,Low,High,Low,60
18.71,69.88,5.94,49,14,Yes,Confined Space,Night,Low,Medium,Low,Medium,60
74.51,83.95,2.84,44,4,No,Confined Space,Night,Medium,High,Medium,Low,55
40.94,79.81,2.9,55,7,Yes,Confined Space,Morning,Low,Medium,Low,Low,80
0.9,71.44,5.91,33,12,Yes,Normal,Night,Low,Medium,Low,Medium,60
17.24,39.67,4.41,74,10,Yes,Confined Space,Night,Low,Low,Low,Low,80
31.61,49.71,7.27,52,1,No,Normal,Morning,Low,Low,Low,Medium,90
35.86,23.84,8.26,52,25,Yes,Normal,Evening,Low,Low,Low,High,60
15.37,45.52,9.82,43,11,Yes,Confined Space,Night,Low,Low,Low,High,60
74.73,40.15,3.48,59,3,No,Confined Space,Night,Medium,Low,Medium,Low,75
77.8,76.14,3.5,83,27,Yes,Hot Work,Night,Medium,Medium,High,Low,45
1.01,39.59,8.05,35,1,Yes,Confined Space,Morning,Low,Low,Low,High,70
35.03,96.58,7.62,29,11,Yes,Normal,Morning,Low,High,Low,Medium,60
43.1,62.34,6.43,60,13,No,Confined Space,Night,Low,Medium,Low,Medium,70
78.47,87.85,6.51,66,28,Yes,Hot Work,Evening,Medium,High,High,Medium,35
78.13,83.65,6.76,32,22,No,Confined Space,Night,Medium,High,High,Medium,35
14.36,83.39,5.97,52,5,No,Confined Space,Evening,Low,High,Low,Medium,70
95.07,97.76,6.44,34,15,Yes,Confined Space,Evening,High,High,High,Medium,30
28.94,41.37,4.48,80,15,Yes,Normal,Morning,Low,Low,Low,Low,90
64.48,50.66,6.57,48,22,No,Confined Space,Evening,Medium,Low,Medium,Medium,65
79.86,97.12,3.61,42,27,Yes,Hot Work,Night,Medium,High,High,Low,35
64.86,30.02,4.24,32,9,Yes,Normal,Morning,Medium,Low,Medium,Low,75
25.3,89.24,6.4,62,1,Yes,Confined Space,Evening,Low,High,Low,Medium,60
29.21,44.65,3.94,80,22,No,Normal,Morning,Low,Low,Low,Low,90
44.3,98.25,2.92,84,3,No,Normal,Night,Low,High,Low,Low,70
5.7,84.23,7.71,33,4,Yes,Normal,Night,Low,High,Low,Medium,50
17.77,92.63,9.33,61,24,No,Confined Space,Night,Low,High,Low,High,40
59.42,85.66,4.35,62,12,Yes,Hot Work,Night,Low,High,Medium,Low,60
80.28,35.01,2.24,74,25,Yes,Hot Work,Evening,Medium,Low,High,Low,50
2.24,98.87,2.22,63,26,No,Confined Space,Evening,Low,High,Low,Low,70
63.58,75.7,1.1,73,11,Yes,Confined Space,Morning,Medium,Medium,Medium,Low,65
21.59,88.01,7.61,30,28,Yes,Confined Space,Morning,Low,High,Low,Medium,50
34.08,30.84,2.23,63,2,Yes,Normal,Evening,Low,Low,Low,Low,90
46.42,83.55,4.28,83,12,Yes,Normal,Night,Low,High,Low,Low,60
99.22,88.75,4.6,35,7,Yes,Confined Space,Morning,High,High,High,Low,40
3.35,68.32,9.28,52,24,No,Normal,Morning,Low,Medium,Low,High,60
85.77,88.28,2.25,49,7,No,Confined Space,Morning,High,High,High,Low,50
34.68,80.5,8.95,39,8,No,Confined Space,Night,Low,High,Low,High,50
31.54,89.19,7.91,20,2,Yes,Confined Space,Night,Low,High,Low,Medium,50
27.68,98.41,7.14,47,20,Yes,Confined Space,Evening,Low,High,Low,Medium,60
70.9,77.66,7.75,79,8,Yes,Normal,Morning,Medium,Medium,Medium,Medium,55
83.17,45.14,3.23,54,21,No,Normal,Night,Medium,Low,High,Low,50
93.29,96.9,7.83,78,23,Yes,Confined Space,Evening,High,High,High,Medium,20
25.55,91.82,6.01,43,6,No,Confined Space,Evening,Low,High,Low,Medium,70
59.82,71.95,3.92,80,30,Yes,Normal,Morning,Low,Medium,Medium,Low,70
33.77,65.65,5.09,37,22,No,Hot Work,Morning,Low,Medium,Low,Medium,70
73.99,54.55,9.68,21,11,No,Confined Space,Night,Medium,Low,Medium,High,55
98.01,42.93,1.54,90,26,No,Hot Work,Evening,Medium,Low,High,Low,60
4.18,96.48,8.83,70,28,Yes,Hot Work,Morning,Low,High,Low,High,40
6.01,76.58,7.51,83,18,No,Normal,Night,Low,Medium,Low,Medium,70
16.03,68.43,6.58,61,17,No,Confined Space,Morning,Low,Medium,Low,Medium,80
38.52,65.95,4.19,57,5,No,Confined Space,Evening,Low,Medium,Low,Low,90
75.48,47.6,7.91,59,9,No,Normal,Morning,Medium,Low,High,Medium,75
13.71,33.77,1.36,61,4,Yes,Hot Work,Evening,Low,Low,Low,Low,90
31.84,86.01,2.74,79,14,No,Hot Work,Evening,Low,High,Low,Low,80
61.45,27.25,4.23,47,7,Yes,Normal,Morning,Medium,Low,Medium,Low,75
6.84,70.24,3.02,69,14,No,Hot Work,Night,Low,Medium,Low,Low,80
46.5,47.6,3.89,42,29,No,Hot Work,Evening,Low,Low,Low,Low,90
66.55,39.91,4.19,53,16,No,Confined Space,Evening,Medium,Low,Medium,Low,85
75.39,46.17,9.53,27,24,No,Normal,Night,Medium,Low,High,High,45
78.84,78.74,6.17,74,1,No,Normal,Evening,Medium,Medium,High,Medium,65
66.93,58.32,1.8,74,10,No,Confined Space,Morning,Medium,Low,Medium,Low,85
36.45,50.52,4.53,30,16,No,Hot Work,Evening,Low,Low,Low,Low,100
72.38,67.29,2.37,46,22,Yes,Confined Space,Night,Medium,Medium,Medium,Low,45
13.96,88.02,6.03,44,30,Yes,Normal,Morning,Low,High,Low,Medium,50
46.49,55.83,3.33,69,18,No,Normal,Morning,Low,Low,Low,Low,100
34.42,35.51,4.83,89,3,No,Hot Work,Morning,Low,Low,Low,Low,100
0.07,95.49,3.7,55,4,Yes,Hot Work,Evening,Low,High,Low,Low,70
77.65,35.54,3.79,63,28,No,Hot Work,Night,Medium,Low,High,Low,65
78.95,66.86,7.42,44,16,Yes,Normal,Evening,Medium,Medium,High,Medium,55
74.59,43.01,1.53,62,4,No,Confined Space,Morning,Medium,Low,Medium,Low,85
20.88,30.95,1.1,82,21,Yes,Confined Space,Night,Low,Low,Low,Low,70
59.24,38.67,2.57,29,25,Yes,Confined Space,Evening,Low,Low,Medium,Low,80
34.24,29.53,6.9,26,6,Yes,Hot Work,Evening,Low,Low,Low,Medium,80
60.37,38.15,2.63,28,1,Yes,Confined Space,Morning,Medium,Low,Medium,Low,75
45.37,45.44,4.0,49,18,Yes,Normal,Evening,Low,Low,Low,Low,90
81.42,99.13,2.18,27,18,Yes,Normal,Night,High,High,High,Low,30
43.0,85.89,6.24,65,29,No,Confined Space,Morning,Low,High,Low,Medium,60
29.22,22.15,6.43,85,16,Yes,Normal,Morning,Low,Low,Low,Medium,80
55.15,37.0,9.17,86,19,No,Normal,Morning,Low,Low,Medium,High,80
23.18,40.76,4.98,29,3,Yes,Confined Space,Morning,Low,Low,Low,Low,90
7.52,63.16,6.87,56,12,No,Normal,Night,Low,Medium,Low,Medium,70
50.37,95.33,1.5,41,5,Yes,Hot Work,Night,Low,High,Medium,Low,60
82.73,82.9,6.01,44,13,No,Normal,Night,High,High,High,Medium,30
82.25,65.96,7.97,29,25,No,Confined Space,Night,Medium,Medium,High,Medium,30
88.15,45.91,6.7,61,6,No,Hot Work,Evening,Medium,Low,High,Medium,60
80.33,87.18,7.95,68,27,No,Hot Work,Night,High,High,High,Medium,20
37.47,33.57,4.45,66,17,No,Confined Space,Morning,Low,Low,Low,Low,100
40.41,24.96,4.54,20,21,No,Confined Space,Night,Low,Low,Low,Low,80
90.05,59.85,9.2,84,22,Yes,Hot Work,Morning,Medium,Low,High,High,30
72.09,36.63,7.89,54,30,No,Hot Work,Morning,Medium,Low,Medium,Medium,65
55.64,82.09,4.22,32,7,No,Normal,Evening,Low,High,Medium,Low,80
42.16,91.5,8.3,73,26,No,Normal,Evening,Low,High,Low,High,50
54.87,88.77,6.83,68,21,No,Hot Work,Evening,Low,High,Medium,Medium,60
84.31,84.11,4.83,75,3,No,Normal,Morning,High,High,High,Low,50
91.48,55.06,7.22,28,2,Yes,Hot Work,Morning,Medium,Low,High,Medium,50
19.84,80.28,2.76,81,18,No,Confined Space,Night,Low,High,Low,Low,70
93.98,78.79,9.29,49,19,No,Normal,Night,High,Medium,High,High,30
31.63,86.51,8.77,35,22,Yes,Hot Work,Night,Low,High,Low,High,30
0.18,52.64,3.13,59,29,No,Hot Work,Night,Low,Low,Low,Low,80
97.5,74.83,2.49,24,12,Yes,Confined Space,Night,High,Medium,High,Low,40
40.19,46.19,6.06,27,17,Yes,Confined Space,Morning,Low,Low,Low,Medium,80
58.8,56.44,5.74,35,13,No,Hot Work,Evening,Low,Low,Medium,Medium,90
9.23,50.7,4.2,35,11,No,Confined Space,Evening,Low,Low,Low,Low,100
86.97,79.26,9.94,88,6,No,Normal,Evening,High,Medium,High,High,40
23.01,70.97,9.33,36,13,No,Confined Space,Evening,Low,Medium,Low,High,70
39.14,70.87,7.73,68,2,No,Hot Work,Evening,Low,Medium,Low,Medium,80
85.71,41.52,7.81,85,20,Yes,Normal,Night,Medium,Low,High,Medium,40
92.74,33.33,8.73,30,2,Yes,Confined Space,Night,Medium,Low,High,High,30
70.11,74.81,3.69,56,19,Yes,Confined Space,Morning,Medium,Medium,Medium,Low,65
37.3,26.38,8.66,64,17,No,Hot Work,Morning,Low,Low,Low,High,80
15.57,82.39,1.22,58,13,Yes,Confined Space,Morning,Low,High,Low,Low,70
17.88,81.26,6.21,45,3,No,Hot Work,Morning,Low,High,Low,Medium,70
90.08,32.28,1.29,82,20,Yes,Confined Space,Morning,Medium,Low,High,Low,60
31.08,82.48,7.33,80,4,No,Confined Space,Evening,Low,High,Low,Medium,70
56.26,99.82,2.6,73,22,Yes,Confined Space,Night,Low,High,Medium,Low,50
53.68,50.84,9.37,59,20,No,Confined Space,Evening,Low,Low,Medium,High,80
5.0,49.37,3.38,58,9,No,Hot Work,Evening,Low,Low,Low,Low,100
0.87,93.28,2.6,56,30,No,Confined Space,Morning,Low,High,Low,Low,70
49.11,54.38,9.95,56,21,No,Confined Space,Morning,Low,Low,Low,High,70
79.84,26.31,9.44,46,28,Yes,Hot Work,Morning,Medium,Low,High,High,45
9.24,98.86,6.09,75,2,Yes,Hot Work,Night,Low,High,Low,Medium,50
85.15,72.89,5.95,85,12,No,Hot Work,Night,High,Medium,High,Medium,40
17.69,59.96,1.62,46,5,No,Normal,Night,Low,Low,Low,Low,90
51.6,46.28,8.83,67,5,Yes,Confined Space,Evening,Low,Low,Medium,High,70
17.5,92.34,6.41,37,5,Yes,Normal,Night,Low,High,Low,Medium,50
65.27,25.67,3.1,47,30,Yes,Confined Space,Morning,Medium,Low,Medium,Low,65
90.6,23.92,2.3,32,24,Yes,Hot Work,Morning,Medium,Low,High,Low,50
30.85,97.93,1.13,30,16,Yes,Normal,Evening,Low,High,Low,Low,70
71.82,34.19,2.85,79,9,Yes,Confined Space,Evening,Medium,Low,Medium,Low,75
90.59,53.57,3.72,55,26,No,Hot Work,Night,Medium,Low,High,Low,50
52.93,95.79,1.35,89,10,No,Normal,Evening,Low,High,Medium,Low,80
3.84,75.86,2.09,68,25,Yes,Confined Space,Evening,Low,Medium,Low,Low,70
30.97,43.29,6.72,20,10,Yes,Normal,Evening,Low,Low,Low,Medium,80
99.32,56.51,7.02,25,1,No,Confined Space,Night,Medium,Low,High,Medium,50
65.87,69.67,5.26,23,8,Yes,Normal,Night,Medium,Medium,Medium,Medium,45
64.04,25.61,4.14,30,22,Yes,Normal,Evening,Medium,Low,Medium,Low,65
48.03,25.28,2.23,43,15,No,Hot Work,Morning,Low,Low,Low,Low,100
60.97,31.79,4.38,61,9,Yes,Normal,Morning,Medium,Low,Medium,Low,75
6.59,35.46,8.67,43,5,No,Hot Work,Night,Low,Low,Low,High,70
38.44,79.29,9.37,68,22,No,Hot Work,Night,Low,Medium,Low,High,50
99.31,68.97,1.53,54,16,No,Normal,Night,Medium,Medium,High,Low,50
63.24,24.78,3.23,51,27,No,Confined Space,Morning,Medium,Low,Medium,Low,75
37.35,69.26,4.67,22,12,No,Confined Space,Morning,Low,Medium,Low,Low,90
68.76,40.55,1.24,63,28,No,Normal,Morning,Medium,Low,Medium,Low,75
7.85,75.27,1.38,64,7,Yes,Hot Work,Evening,Low,Medium,Low,Low,80
1.5,66.02,3.1,60,16,Yes,Normal,Evening,Low,Medium,Low,Low,80
13.84,81.38,9.89,69,17,No,Confined Space,Evening,Low,High,Low,High,60
58.75,43.09,1.6,40,1,No,Confined Space,Night,Low,Low,Medium,Low,90
13.44,97.12,6.45,41,5,No,Hot Work,Morning,Low,High,Low,Medium,70
69.12,83.12,1.43,64,28,Yes,Normal,Morning,Medium,High,Medium,Low,45
71.61,90.36,5.63,25,3,Yes,Hot Work,Evening,Medium,High,Medium,Medium,45
95.74,73.35,4.05,21,10,Yes,Hot Work,Morning,High,Medium,High,Low,50
74.82,89.3,5.83,21,21,No,Confined Space,Evening,Medium,High,Medium,Medium,45
65.63,96.38,2.9,85,9,No,Hot Work,Evening,Medium,High,Medium,Low,65
18.55,70.14,5.53,39,8,No,Normal,Morning,Low,Medium,Low,Medium,80
20.37,33.83,8.27,70,5,No,Hot Work,Night,Low,Low,Low,High,70
1.63,38.23,3.24,61,6,Yes,Hot Work,Morning,Low,Low,Low,Low,90
29.53,77.77,8.38,41,20,Yes,Normal,Morning,Low,Medium,Low,High,60
33.27,22.54,5.45,47,18,No,Hot Work,Night,Low,Low,Low,Medium,80
28.67,34.12,3.37,82,1,No,Confined Space,Morning,Low,Low,Low,Low,100
50.11,75.59,7.79,82,13,Yes,Hot Work,Morning,Low,Medium,Medium,Medium,70
92.0,39.36,1.07,90,4,Yes,Normal,Night,Medium,Low,High,Low,50
35.98,54.7,1.78,83,10,Yes,Hot Work,Evening,Low,Low,Low,Low,90
86.81,84.99,4.48,58,2,No,Normal,Night,High,High,High,Low,40
40.55,83.24,4.36,82,18,Yes,Confined Space,Evening,Low,High,Low,Low,70
41.38,32.03,2.48,72,24,No,Confined Space,Evening,Low,Low,Low,Low,90
50.18,34.81,6.93,86,10,Yes,Normal,Evening,Low,Low,Medium,Medium,80
27.96,27.57,4.53,29,23,Yes,Hot Work,Evening,Low,Low,Low,Low,80
47.53,71.83,6.4,33,28,No,Hot Work,Evening,Low,Medium,Low,Medium,70
82.68,47.0,2.24,36,15,No,Normal,Evening,Medium,Low,High,Low,70
70.98,58.7,4.45,44,21,No,Hot Work,Evening,Medium,Low,Medium,Low,75
2.41,93.4,5.3,48,20,Yes,Normal,Evening,Low,High,Low,Medium,60
74.91,89.42,3.12,76,3,Yes,Confined Space,Night,Medium,High,Medium,Low,45
12.58,25.81,2.54,70,15,No,Normal,Evening,Low,Low,Low,Low,100
31.95,39.46,9.9,85,18,Yes,Hot Work,Night,Low,Low,Low,High,60
22.28,82.42,2.38,28,6,Yes,Hot Work,Morning,Low,High,Low,Low,70
63.22,42.7,1.95,53,4,Yes,Confined Space,Evening,Medium,Low,Medium,Low,75
1.55,28.87,3.78,51,11,No,Normal,Evening,Low,Low,Low,Low,100
21.23,76.84,2.97,83,24,Yes,Hot Work,Morning,Low,Medium,Low,Low,70
47.75,46.0,5.03,43,25,Yes,Normal,Morning,Low,Low,Low,Medium,70
5.21,71.12,9.23,80,13,No,Normal,Night,Low,Medium,Low,High,60
61.14,91.63,5.63,33,9,No,Normal,Evening,Medium,High,Medium,Medium,55
61.64,31.78,9.25,50,2,No,Hot Work,Night,Medium,Low,Medium,High,55
49.24,99.72,4.01,21,8,Yes,Normal,Night,Low,High,Low,Low,60
0.48,45.35,8.86,51,4,Yes,Confined Space,Morning,Low,Low,Low,High,70
72.21,31.6,3.29,53,3,Yes,Normal,Evening,Medium,Low,Medium,Low,75
8.68,80.51,7.74,22,19,No,Hot Work,Night,Low,High,Low,Medium,60
88.18,86.06,2.35,66,30,No,Hot Work,Night,High,High,High,Low,30
33.74,59.41,5.8,38,18,No,Normal,Evening,Low,Low,Low,Medium,90
71.46,99.23,8.67,27,10,No,Confined Space,Evening,Medium,High,Medium,High,45
94.68,49.1,8.01,68,23,Yes,Hot Work,Morning,Medium,Low,High,High,30
15.92,57.1,8.25,85,12,Yes,Normal,Morning,Low,Low,Low,High,70
69.17,52.97,3.41,59,9,No,Hot Work,Night,Medium,Low,Medium,Low,75
0.03,88.35,8.39,80,3,No,Confined Space,Morning,Low,High,Low,High,60
28.55,46.3,2.52,34,15,Yes,Normal,Evening,Low,Low,Low,Low,90
66.33,49.57,1.3,27,23,Yes,Hot Work,Evening,Medium,Low,Medium,Low,65
44.97,57.12,7.71,74,2,Yes,Hot Work,Night,Low,Low,Low,Medium,70
80.92,92.07,8.74,89,22,Yes,Normal,Evening,High,High,High,High,10
40.84,93.25,4.54,25,26,Yes,Normal,Evening,Low,High,Low,Low,60
38.8,92.79,2.97,67,13,No,Hot Work,Morning,Low,High,Low,Low,80
1.03,83.98,1.44,75,29,No,Confined Space,Morning,Low,High,Low,Low,70
22.98,99.23,2.43,59,26,No,Normal,Morning,Low,High,Low,Low,70
59.1,69.68,5.18,35,4,Yes,Confined Space,Morning,Low,Medium,Medium,Medium,70
8.68,85.39,2.58,28,10,No,Confined Space,Morning,Low,High,Low,Low,80
97.28,94.29,3.19,36,21,Yes,Normal,Night,High,High,High,Low,20
10.27,35.57,2.01,27,7,No,Confined Space,Morning,Low,Low,Low,Low,100
77.05,61.08,1.54,47,25,No,Hot Work,Night,Medium,Medium,High,Low,55
0.73,75.92,1.13,66,26,No,Normal,Night,Low,Medium,Low,Low,70
86.68,56.11,7.24,35,15,Yes,Hot Work,Morning,Medium,Low,High,Medium,50
90.84,75.28,6.72,34,7,Yes,Confined Space,Morning,High,Medium,High,Medium,40
43.24,53.01,8.83,83,21,Yes,Normal,Morning,Low,Low,Low,High,60
35.32,62.16,2.73,55,19,Yes,Hot Work,Evening,Low,Medium,Low,Low,80
4.22,59.63,1.83,87,7,Yes,Confined Space,Night,Low,Low,Low,Low,80
4.57,36.06,6.24,24,10,No,Hot Work,Evening,Low,Low,Low,Medium,90
4.33,93.81,3.22,50,18,No,Hot Work,Evening,Low,High,Low,Low,80
90.63,87.58,1.84,81,14,Yes,Normal,Night,High,High,High,Low,30
28.37,22.38,8.86,82,4,No,Hot Work,Morning,Low,Low,Low,High,80
13.68,34.94,4.1,35,18,Yes,Confined Space,Evening,Low,Low,Low,Low,90
1.62,80.03,3.81,34,13,No,Confined Space,Night,Low,High,Low,Low,70
14.35,50.55,1.03,71,30,No,Normal,Night,Low,Low,Low,Low,80
52.42,93.27,2.21,56,17,Yes,Confined Space,Morning,Low,High,Medium,Low,70
17.53,31.64,9.81,86,27,No,Hot Work,Morning,Low,Low,Low,High,70
51.67,76.53,4.49,20,2,Yes,Confined Space,Morning,Low,Medium,Medium,Low,80
30.17,99.48,1.63,31,29,No,Hot Work,Morning,Low,High,Low,Low,70
47.88,34.11,1.08,81,25,Yes,Hot Work,Night,Low,Low,Low,Low,70
91.33,50.03,4.63,57,22,Yes,Hot Work,Evening,Medium,Low,High,Low,50
4.24,87.05,9.81,42,27,No,Confined Space,Night,Low,High,Low,High,40
25.68,89.35,2.68,77,24,No,Hot Work,Evening,Low,High,Low,Low,70
62.65,50.32,6.66,65,13,Yes,Normal,Morning,Medium,Low,Medium,Medium,65
40.7,26.2,7.25,40,9,Yes,Normal,Evening,Low,Low,Low,Medium,80
64.63,82.84,8.58,58,1,No,Hot Work,Morning,Medium,High,Medium,High,45
44.86,30.46,5.12,40,4,No,Hot Work,Morning,Low,Low,Low,Medium,90
28.05,52.22,3.84,22,13,Yes,Hot Work,Morning,Low,Low,Low,Low,90
17.25,95.38,2.04,74,21,No,Confined Space,Morning,Low,High,Low,Low,70
51.93,38.98,3.48,72,29,No,Normal,Evening,Low,Low,Medium,Low,90
55.01,47.66,9.84,81,8,Yes,Normal,Night,Low,Low,Medium,High,60
77.6,46.61,6.45,61,6,Yes,Normal,Evening,Medium,Low,High,Medium,65
42.37,29.06,7.11,64,7,Yes,Hot Work,Evening,Low,Low,Low,Medium,80
44.18,79.03,2.33,34,20,No,Hot Work,Evening,Low,Medium,Low,Low,90
52.67,22.71,9.62,80,14,Yes,Hot Work,Morning,Low,Low,Medium,High,70
98.73,48.26,5.69,77,23,No,Confined Space,Morning,Medium,Low,High,Medium,50
91.73,29.46,6.11,62,17,Yes,Hot Work,Morning,Medium,Low,High,Medium,50
37.92,96.49,1.3,51,29,No,Confined Space,Morning,Low,High,Low,Low,70
71.48,49.24,2.13,80,10,Yes,Hot Work,Night,Medium,Low,Medium,Low,65
85.88,81.67,7.79,43,2,No,Normal,Night,High,High,High,Medium,30
48.36,44.57,2.79,35,25,Yes,Hot Work,Night,Low,Low,Low,Low,70
54.33,92.06,2.66,54,18,No,Hot Work,Evening,Low,High,Medium,Low,80
84.38,64.98,1.56,57,12,Yes,Hot Work,Morning,Medium,Medium,High,Low,50
4.9,85.6,2.15,52,23,No,Hot Work,Evening,Low,High,Low,Low,70
73.2,77.23,1.39,57,15,Yes,Confined Space,Morning,Medium,Medium,Medium,Low,65
88.86,44.59,1.13,74,5,No,Confined Space,Morning,Medium,Low,High,Low,70
63.54,85.28,5.57,34,26,Yes,Normal,Night,Medium,High,Medium,Medium,25
30.53,94.58,3.84,36,21,Yes,Normal,Evening,Low,High,Low,Low,60
50.52,89.9,2.35,27,5,Yes,Normal,Evening,Low,High,Medium,Low,70
3.08,84.21,8.33,76,4,Yes,Hot Work,Night,Low,High,Low,High,40
36.41,73.13,5.25,71,22,No,Confined Space,Evening,Low,Medium,Low,Medium,70
70.32,93.32,7.16,26,4,Yes,Normal,Night,Medium,High,Medium,Medium,35
96.66,30.7,1.8,35,15,Yes,Normal,Night,Medium,Low,High,Low,50
42.32,88.59,7.03,66,27,Yes,Hot Work,Night,Low,High,Low,Medium,40
69.91,84.97,2.72,38,27,Yes,Hot Work,Evening,Medium,High,Medium,Low,45
84.65,21.68,2.43,20,19,No,Hot Work,Morning,Medium,Low,High,Low,70
69.49,94.72,9.31,34,14,Yes,Hot Work,Evening,Medium,High,Medium,High,35
24.19,44.24,2.49,51,21,No,Confined Space,Evening,Low,Low,Low,Low,90
52.9,61.89,9.67,65,10,No,Normal,Night,Low,Medium,Medium,High,60
95.79,67.48,8.38,30,19,Yes,Confined Space,Morning,Medium,Medium,High,High,30
22.44,35.1,3.53,22,14,No,Confined Space,Evening,Low,Low,Low,Low,100
98.3,91.47,8.11,32,27,No,Normal,Evening,High,High,High,High,20
36.44,81.1,8.4,43,27,Yes,Hot Work,Night,Low,High,Low,High,30
33.94,99.03,8.54,33,23,Yes,Normal,Night,Low,High,Low,High,30
34.47,78.48,9.64,75,12,No,Hot Work,Night,Low,Medium,Low,High,60
79.1,74.3,6.38,68,17,No,Hot Work,Night,Medium,Medium,High,Medium,55
15.95,21.09,2.97,24,1,No,Normal,Evening,Low,Low,Low,Low,100
69.11,40.68,8.56,57,8,No,Hot Work,Morning,Medium,Low,Medium,High,65
57.55,46.38,5.6,79,20,Yes,Hot Work,Night,Low,Low,Medium,Medium,70
11.32,78.0,8.2,48,24,Yes,Normal,Evening,Low,Medium,Low,High,50
93.76,40.58,9.44,59,25,No,Hot Work,Night,Medium,Low,High,High,30
7.47,45.65,8.3,68,13,No,Confined Space,Night,Low,Low,Low,High,70
25.27,65.17,9.65,81,13,Yes,Hot Work,Night,Low,Medium,Low,High,50
13.44,73.76,3.31,71,17,No,Normal,Evening,Low,Medium,Low,Low,90
31.61,37.66,5.17,44,10,Yes,Confined Space,Evening,Low,Low,Low,Medium,80
47.08,21.94,7.75,41,11,Yes,Normal,Evening,Low,Low,Low,Medium,80
39.6,99.7,1.51,60,25,Yes,Confined Space,Night,Low,High,Low,Low,50
59.04,74.11,5.57,83,30,Yes,Normal,Evening,Low,Medium,Medium,Medium,60
28.07,71.14,6.68,77,1,Yes,Confined Space,Evening,Low,Medium,Low,Medium,70
15.79,23.3,3.56,78,21,Yes,Normal,Night,Low,Low,Low,Low,70
77.26,82.8,2.57,53,10,Yes,Hot Work,Morning,Medium,High,High,Low,55
63.81,27.21,6.79,89,27,Yes,Hot Work,Morning,Medium,Low,Medium,Medium,55
81.25,32.03,7.67,75,2,Yes,Normal,Morning,Medium,Low,High,Medium,50
22.21,28.26,1.27,57,8,No,Hot Work,Evening,Low,Low,Low,Low,100
97.6,73.32,1.16,68,30,Yes,Normal,Morning,High,Medium,High,Low,40
57.1,90.7,1.49,31,19,Yes,Confined Space,Evening,Low,High,Medium,Low,70
31.35,26.6,1.55,53,8,Yes,Confined Space,Evening,Low,Low,Low,Low,90
63.66,52.73,1.09,47,3,No,Normal,Evening,Medium,Low,Medium,Low,85
75.96,26.58,9.36,66,13,No,Confined Space,Night,Medium,Low,High,High,55
90.2,50.39,7.68,27,15,Yes,Normal,Night,Medium,Low,High,Medium,40
37.6,82.95,2.98,43,29,No,Normal,Night,Low,High,Low,Low,60
26.24,69.33,1.12,23,28,Yes,Normal,Morning,Low,Medium,Low,Low,70
62.14,65.19,2.72,59,20,Yes,Confined Space,Night,Medium,Medium,Medium,Low,55
52.76,36.27,2.76,46,21,No,Confined Space,Morning,Low,Low,Medium,Low,90
61.15,60.45,9.59,29,23,No,Hot Work,Evening,Medium,Medium,Medium,High,45
74.44,72.92,7.97,42,16,No,Normal,Morning,Medium,Medium,Medium,Medium,65
42.19,66.66,8.07,76,25,Yes,Normal,Evening,Low,Medium,Low,High,50
85.79,75.1,2.15,22,20,No,Normal,Morning,High,Medium,High,Low,60
72.06,49.56,2.84,23,4,Yes,Normal,Evening,Medium,Low,Medium,Low,75
50.03,49.07,6.65,27,9,No,Hot Work,Night,Low,Low,Medium,Medium,80
85.36,98.94,7.91,76,23,Yes,Confined Space,Night,High,High,High,Medium,10
60.56,51.95,8.52,36,11,Yes,Hot Work,Night,Medium,Low,Medium,High,45
74.36,58.97,8.15,24,10,Yes,Confined Space,Evening,Medium,Low,Medium,High,55
66.94,44.58,2.85,68,13,No,Confined Space,Evening,Medium,Low,Medium,Low,85
68.65,91.35,5.68,88,21,No,Normal,Morning,Medium,High,Medium,Medium,45
59.95,27.81,4.18,62,25,No,Confined Space,Night,Low,Low,Medium,Low,80
61.29,29.59,6.59,82,7,Yes,Confined Space,Night,Medium,Low,Medium,Medium,55
11.45,27.09,3.85,42,26,Yes,Hot Work,Night,Low,Low,Low,Low,70
68.32,72.79,3.01,20,16,No,Confined Space,Evening,Medium,Medium,Medium,Low,75
81.42,67.23,6.43,24,24,No,Hot Work,Morning,Medium,Medium,High,Medium,40
27.47,90.99,5.41,85,28,No,Confined Space,Morning,Low,High,Low,Medium,60
78.46,40.24,5.08,44,15,Yes,Hot Work,Morning,Medium,Low,High,Medium,65
99.04,62.22,8.05,49,26,Yes,Normal,Morning,Medium,Medium,High,High,20
6.93,53.15,4.24,32,29,No,Hot Work,Morning,Low,Low,Low,Low,90
64.22,53.51,9.63,44,27,Yes,Confined Space,Morning,Medium,Low,Medium,High,45
37.0,25.96,5.35,81,12,Yes,Confined Space,Night,Low,Low,Low,Medium,70
75.46,85.81,7.0,70,5,Yes,Hot Work,Night,Medium,High,High,Medium,35
60.94,95.03,1.02,36,5,No,Confined Space,Morning,Medium,High,Medium,Low,65
72.18,64.38,9.28,26,12,No,Normal,Evening,Medium,Medium,Medium,High,55
53.44,63.27,3.51,48,14,Yes,Hot Work,Evening,Low,Medium,Medium,Low,80
45.28,93.18,2.55,81,27,No,Normal,Morning,Low,High,Low,Low,70
1.11,95.32,9.91,74,22,No,Hot Work,Morning,Low,High,Low,High,50
81.45,23.41,7.52,60,5,Yes,Confined Space,Evening,Medium,Low,High,Medium,50
30.91,50.04,8.57,82,9,No,Hot Work,Evening,Low,Low,Low,High,80
71.17,52.7,8.29,40,13,No,Normal,Morning,Medium,Low,Medium,High,65
48.45,67.48,8.64,22,17,No,Confined Space,Night,Low,Medium,Low,High,60
26.8,34.94,9.13,70,9,No,Confined Space,Evening,Low,Low,Low,High,80
72.63,47.0,7.07,62,14,No,Normal,Night,Medium,Low,Medium,Medium,65
34.33,44.8,9.02,71,12,Yes,Confined Space,Night,Low,Low,Low,High,60
17.61,63.87,7.33,41,9,Yes,Confined Space,Morning,Low,Medium,Low,Medium,70
1.53,64.39,5.18,87,29,No,Hot Work,Evening,Low,Medium,Low,Medium,70
13.6,68.4,1.32,89,30,No,Hot Work,Morning,Low,Medium,Low,Low,80
76.36,54.85,8.53,85,23,No,Confined Space,Morning,Medium,Low,High,High,55
39.55,83.77,3.32,60,24,Yes,Hot Work,Evening,Low,High,Low,Low,60
60.89,98.73,6.87,90,27,No,Hot Work,Night,Medium,High,Medium,Medium,35
28.85,34.55,4.2,76,26,No,Normal,Morning,Low,Low,Low,Low,90
62.09,79.04,8.57,57,20,No,Hot Work,Evening,Medium,Medium,Medium,High,55
28.17,71.07,8.59,76,17,Yes,Normal,Morning,Low,Medium,Low,High,60
74.53,44.54,5.11,81,27,Yes,Hot Work,Night,Medium,Low,Medium,Medium,45
50.48,99.61,5.1,66,16,Yes,Hot Work,Morning,Low,High,Medium,Medium,60
24.6,37.28,7.09,20,4,Yes,Normal,Morning,Low,Low,Low,Medium,80
37.6,91.54,1.07,30,12,No,Hot Work,Morning,Low,High,Low,Low,80
40.57,93.08,7.8,85,29,No,Hot Work,Morning,Low,High,Low,Medium,60
53.98,87.89,1.59,85,26,No,Hot Work,Night,Low,High,Medium,Low,60
59.34,52.55,4.21,58,3,No,Confined Space,Night,Low,Low,Medium,Low,90
49.16,27.94,1.5,70,5,Yes,Normal,Night,Low,Low,Low,Low,80
55.22,79.73,1.66,84,21,No,Normal,Morning,Low,Medium,Medium,Low,80
10.31,92.34,2.93,28,29,No,Confined Space,Morning,Low,High,Low,Low,70
53.42,63.05,8.5,69,5,No,Normal,Morning,Low,Medium,Medium,High,70
29.68,34.53,3.02,46,1,Yes,Confined Space,Morning,Low,Low,Low,Low,90
90.35,61.79,7.63,87,17,Yes,Hot Work,Morning,Medium,Medium,High,Medium,40
98.12,26.58,6.55,32,7,Yes,Normal,Evening,Medium,Low,High,Medium,50
19.24,95.22,7.42,80,6,Yes,Hot Work,Morning,Low,High,Low,Medium,60
68.43,88.25,8.16,42,19,Yes,Normal,Night,Medium,High,Medium,High,25
90.85,59.48,6.9,57,22,Yes,Normal,Evening,Medium,Low,High,Medium,40
46.13,35.1,5.23,46,22,Yes,Confined Space,Evening,Low,Low,Low,Medium,70
29.02,23.84,1.48,55,4,Yes,Normal,Evening,Low,Low,Low,Low,90
31.65,22.98,8.22,42,8,Yes,Normal,Night,Low,Low,Low,High,60
95.63,53.68,4.37,37,25,Yes,Normal,Evening,Medium,Low,High,Low,50
29.92,27.05,3.06,70,13,Yes,Normal,Morning,Low,Low,Low,Low,90
18.51,37.75,8.83,41,3,No,Normal,Morning,Low,Low,Low,High,80
91.59,97.17,4.54,68,22,Yes,Normal,Night,High,High,High,Low,20
86.9,73.75,5.35,72,3,Yes,Normal,Night,High,Medium,High,Medium,30
6.83,54.57,4.62,85,5,Yes,Normal,Night,Low,Low,Low,Low,80
90.11,76.3,4.56,71,5,No,Hot Work,Night,High,Medium,High,Low,50
24.83,42.07,5.0,45,1,Yes,Normal,Morning,Low,Low,Low,Low,90
81.02,22.52,4.26,23,3,No,Confined Space,Morning,Medium,Low,High,Low,70
59.24,99.82,6.17,22,26,No,Hot Work,Night,Low,High,Medium,Medium,50
66.39,31.96,8.49,77,14,Yes,Normal,Evening,Medium,Low,Medium,High,55
23.1,22.22,8.03,24,10,Yes,Normal,Evening,Low,Low,Low,High,70
87.32,36.88,1.75,56,27,Yes,Hot Work,Evening,Medium,Low,High,Low,50
52.43,75.74,8.39,28,25,No,Hot Work,Evening,Low,Medium,Medium,High,60
23.43,53.73,1.1,37,23,No,Hot Work,Morning,Low,Low,Low,Low,90
57.28,77.95,2.94,67,12,Yes,Normal,Evening,Low,Medium,Medium,Low,80
45.42,30.05,2.33,88,17,Yes,Confined Space,Morning,Low,Low,Low,Low,90
68.87,88.3,2.36,56,16,No,Confined Space,Morning,Medium,High,Medium,Low,65
24.75,21.49,4.38,44,12,Yes,Normal,Evening,Low,Low,Low,Low,90
34.74,33.41,4.16,61,24,No,Normal,Evening,Low,Low,Low,Low,90
5.36,88.59,9.88,33,5,No,Confined Space,Morning,Low,High,Low,High,60
73.85,23.39,3.45,64,6,No,Confined Space,Morning,Medium,Low,Medium,Low,85
5.97,28.63,1.65,54,26,No,Hot Work,Night,Low,Low,Low,Low,80
65.46,36.93,5.22,74,20,No,Hot Work,Morning,Medium,Low,Medium,Medium,75
74.82,75.52,1.97,39,16,Yes,Normal,Evening,Medium,Medium,Medium,Low,65
76.17,68.66,3.53,62,25,No,Confined Space,Evening,Medium,Medium,High,Low,65
94.59,47.25,9.48,25,8,No,Confined Space,Morning,Medium,Low,High,High,50
49.7,50.22,5.89,22,10,Yes,Normal,Night,Low,Low,Low,Medium,70
96.65,48.78,1.08,56,12,No,Hot Work,Evening,Medium,Low,High,Low,70
73.59,68.13,8.24,22,9,Yes,Confined Space,Evening,Medium,Medium,Medium,High,45
68.26,61.64,1.91,49,22,Yes,Normal,Night,Medium,Medium,Medium,Low,45
61.45,45.77,4.22,68,1,No,Normal,Night,Medium,Low,Medium,Low,75
19.05,66.62,1.96,82,4,No,Confined Space,Morning,Low,Medium,Low,Low,90
18.98,77.36,5.9,61,26,Yes,Normal,Evening,Low,Medium,Low,Medium,60
34.49,44.7,8.64,32,18,No,Confined Space,Morning,Low,Low,Low,High,80
97.85,75.73,5.09,69,2,No,Hot Work,Morning,High,Medium,High,Medium,50
59.35,38.02,4.15,70,11,Yes,Hot Work,Evening,Low,Low,Medium,Low,90
4.96,70.97,3.56,24,25,Yes,Hot Work,Night,Low,Medium,Low,Low,60
1.81,49.55,8.46,47,15,No,Confined Space,Night,Low,Low,Low,High,70
24.9,88.39,8.33,76,30,No,Hot Work,Morning,Low,High,Low,High,50
2.96,27.93,7.72,30,19,No,Hot Work,Night,Low,Low,Low,Medium,80
4.23,84.14,4.94,89,3,Yes,Normal,Night,Low,High,Low,Low,60
90.05,76.6,2.3,26,27,No,Hot Work,Evening,High,Medium,High,Low,50
10.76,37.76,7.48,87,14,No,Normal,Night,Low,Low,Low,Medium,80
69.27,53.93,7.11,35,24,Yes,Normal,Night,Medium,Low,Medium,Medium,45
65.75,63.92,2.23,27,30,No,Normal,Evening,Medium,Medium,Medium,Low,65
27.88,96.75,2.1,81,11,Yes,Confined Space,Evening,Low,High,Low,Low,70
95.41,93.15,7.29,75,1,No,Normal,Morning,High,High,High,Medium,40
8.55,30.94,1.74,37,9,No,Normal,Evening,Low,Low,Low,Low,100
12.94,57.37,9.74,32,16,Yes,Normal,Morning,Low,Low,Low,High,70
91.85,72.1,1.54,64,27,No,Hot Work,Evening,High,Medium,High,Low,50
48.75,40.35,4.02,84,15,No,Confined Space,Evening,Low,Low,Low,Low,100
32.8,41.09,4.61,52,6,No,Confined Space,Evening,Low,Low,Low,Low,100
41.02,72.38,2.51,27,23,Yes,Hot Work,Morning,Low,Medium,Low,Low,70
66.25,84.83,6.52,59,19,No,Hot Work,Evening,Medium,High,Medium,Medium,55
49.77,49.71,7.35,74,29,Yes,Normal,Night,Low,Low,Low,Medium,60
40.12,49.78,9.7,42,18,Yes,Normal,Morning,Low,Low,Low,High,70
51.29,93.84,6.4,27,1,No,Hot Work,Evening,Low,High,Medium,Medium,70
70.18,98.19,9.75,35,17,Yes,Normal,Night,Medium,High,Medium,High,25
22.29,39.77,5.54,30,28,Yes,Confined Space,Night,Low,Low,Low,Medium,60
79.29,97.78,8.53,90,1,Yes,Hot Work,Night,Medium,High,High,High,25
68.93,26.03,8.69,24,30,Yes,Normal,Evening,Medium,Low,Medium,High,45
67.49,98.85,6.96,57,5,No,Normal,Morning,Medium,High,Medium,Medium,55
27.3,75.95,5.05,80,10,Yes,Hot Work,Morning,Low,Medium,Low,Medium,70
57.65,98.23,9.3,46,19,Yes,Confined Space,Morning,Low,High,Medium,High,50
14.08,39.76,8.53,37,17,Yes,Hot Work,Night,Low,Low,Low,High,60
70.93,100.0,4.06,35,11,No,Hot Work,Evening,Medium,High,Medium,Low,65
45.0,20.09,4.29,31,5,Yes,Hot Work,Evening,Low,Low,Low,Low,90
82.94,76.45,1.2,48,28,No,Hot Work,Morning,High,Medium,High,Low,50
78.69,22.53,6.48,78,12,Yes,Confined Space,Morning,Medium,Low,High,Medium,65
9.41,45.1,1.13,75,15,No,Hot Work,Morning,Low,Low,Low,Low,100
94.96,91.71,4.7,75,8,Yes,Hot Work,Evening,High,High,High,Low,40
99.98,87.27,7.98,89,15,Yes,Hot Work,Morning,High,High,High,Medium,30
4.8,26.78,9.2,60,2,Yes,Confined Space,Morning,Low,Low,Low,High,70
67.2,81.08,5.57,33,22,No,Hot Work,Evening,Medium,High,Medium,Medium,45
66.79,88.3,7.95,73,9,Yes,Hot Work,Night,Medium,High,Medium,Medium,35
72.05,52.85,7.71,73,4,Yes,Confined Space,Morning,Medium,Low,Medium,Medium,65
8.06,99.66,6.91,38,23,Yes,Confined Space,Evening,Low,High,Low,Medium,50
35.52,80.46,6.37,81,16,No,Normal,Evening,Low,High,Low,Medium,70
81.92,63.78,9.7,79,14,No,Confined Space,Night,Medium,Medium,High,High,30
63.66,62.82,3.11,83,20,Yes,Confined Space,Morning,Medium,Medium,Medium,Low,65
46.1,70.85,4.41,82,2,No,Confined Space,Morning,Low,Medium,Low,Low,90
70.2,82.03,4.69,50,18,No,Confined Space,Morning,Medium,High,Medium,Low,65
84.89,36.25,1.25,45,23,Yes,Confined Space,Night,Medium,Low,High,Low,40
50.2,22.89,7.34,21,20,No,Confined Space,Night,Low,Low,Medium,Medium,80
20.86,95.38,6.34,62,20,No,Normal,Evening,Low,High,Low,Medium,70
0.37,75.2,1.05,72,13,No,Normal,Morning,Low,Medium,Low,Low,90
81.68,43.64,9.52,31,27,No,Normal,Evening,Medium,Low,High,High,40
44.63,57.2,5.21,75,17,No,Hot Work,Night,Low,Low,Low,Medium,80
73.13,20.01,2.97,55,7,No,Normal,Night,Medium,Low,Medium,Low,75
70.16,74.23,9.14,86,20,No,Hot Work,Evening,Medium,Medium,Medium,High,55
19.15,70.6,3.02,21,30,No,Normal,Evening,Low,Medium,Low,Low,80
50.78,47.45,5.29,27,16,No,Hot Work,Night,Low,Low,Medium,Medium,80
22.38,35.0,2.91,87,22,No,Confined Space,Morning,Low,Low,Low,Low,90
35.96,83.15,2.2,39,25,Yes,Hot Work,Evening,Low,High,Low,Low,60
55.27,48.64,1.29,82,2,Yes,Confined Space,Morning,Low,Low,Medium,Low,90
76.15,92.81,9.79,74,29,Yes,Normal,Evening,Medium,High,High,High,25
51.74,48.25,9.84,30,8,No,Hot Work,Evening,Low,Low,Medium,High,80
76.5,84.88,8.24,73,23,No,Normal,Evening,Medium,High,High,High,35
36.82,86.32,2.77,66,6,No,Normal,Night,Low,High,Low,Low,70
91.38,34.33,4.84,51,25,No,Confined Space,Morning,Medium,Low,High,Low,60
75.92,48.03,8.92,32,6,No,Confined Space,Evening,Medium,Low,High,High,65
12.5,45.68,4.21,41,29,Yes,Confined Space,Evening,Low,Low,Low,Low,80
90.67,21.42,4.8,78,2,Yes,Confined Space,Night,Medium,Low,High,Low,50
8.83,72.02,1.53,66,15,No,Hot Work,Morning,Low,Medium,Low,Low,90
79.17,35.92,6.05,63,11,No,Normal,Evening,Medium,Low,High,Medium,75
64.71,57.92,6.76,22,12,Yes,Normal,Evening,Medium,Low,Medium,Medium,65
85.26,48.31,7.54,41,19,No,Confined Space,Morning,Medium,Low,High,Medium,60
39.11,53.71,3.11,74,26,Yes,Hot Work,Night,Low,Low,Low,Low,70
95.45,64.05,3.3,46,9,No,Confined Space,Morning,Medium,Medium,High,Low,60
58.83,98.27,4.73,73,26,Yes,Normal,Morning,Low,High,Medium,Low,60
80.74,68.05,4.8,61,27,Yes,Confined Space,Night,Medium,Medium,High,Low,30
41.67,44.38,3.14,32,5,Yes,Normal,Night,Low,Low,Low,Low,80
4.27,68.85,6.58,43,2,Yes,Normal,Night,Low,Medium,Low,Medium,60
47.83,57.7,2.26,49,1,No,Normal,Night,Low,Low,Low,Low,90
33.43,74.07,1.75,88,14,Yes,Hot Work,Morning,Low,Medium,Low,Low,80
63.37,36.49,3.21,48,28,No,Normal,Evening,Medium,Low,Medium,Low,75
73.19,55.07,7.61,30,24,Yes,Hot Work,Evening,Medium,Low,Medium,Medium,55
54.03,23.0,2.06,82,15,Yes,Confined Space,Night,Low,Low,Medium,Low,80
89.92,85.15,1.72,64,5,No,Normal,Morning,High,High,High,Low,50
53.99,42.95,4.66,75,27,Yes,Hot Work,Night,Low,Low,Medium,Low,70
72.22,28.29,9.77,23,3,Yes,Hot Work,Morning,Medium,Low,Medium,High,55
25.69,80.19,8.8,63,24,Yes,Confined Space,Morning,Low,High,Low,High,40
18.17,84.11,2.26,54,29,No,Normal,Morning,Low,High,Low,Low,70
73.76,34.72,2.2,71,29,No,Hot Work,Evening,Medium,Low,Medium,Low,75
2.1,43.23,4.35,57,12,Yes,Normal,Evening,Low,Low,Low,Low,90
96.1,49.59,5.4,75,11,No,Normal,Night,Medium,Low,High,Medium,50
3.72,21.61,3.26,90,14,No,Normal,Evening,Low,Low,Low,Low,100
2.78,78.69,5.07,22,14,Yes,Confined Space,Evening,Low,Medium,Low,Medium,70
21.78,68.76,2.89,46,5,No,Normal,Night,Low,Medium,Low,Low,80
32.73,64.81,7.56,58,11,Yes,Normal,Night,Low,Medium,Low,Medium,60
38.07,80.68,6.62,56,2,Yes,Confined Space,Night,Low,High,Low,Medium,50
71.83,23.1,9.17,51,28,Yes,Hot Work,Evening,Medium,Low,Medium,High,45
37.53,25.11,3.17,35,26,No,Hot Work,Morning,Low,Low,Low,Low,90
99.1,37.24,8.57,48,26,Yes,Confined Space,Evening,Medium,Low,High,High,30
2.65,37.34,1.64,88,30,Yes,Normal,Night,Low,Low,Low,Low,70
60.6,37.33,6.01,40,21,Yes,Hot Work,Morning,Medium,Low,Medium,Medium,55
73.45,82.8,8.98,70,9,Yes,Confined Space,Night,Medium,High,Medium,High,25
69.14,89.53,9.86,50,29,Yes,Normal,Morning,Medium,High,Medium,High,25
95.98,63.06,8.67,36,17,No,Normal,Morning,Medium,Medium,High,High,40
57.14,34.25,9.88,52,9,Yes,Hot Work,Night,Low,Low,Medium,High,60
30.72,73.69,6.56,27,17,No,Hot Work,Evening,Low,Medium,Low,Medium,80
3.56,62.47,9.02,43,15,No,Confined Space,Night,Low,Medium,Low,High,60
43.06,46.27,2.17,29,23,No,Normal,Evening,Low,Low,Low,Low,90
48.69,25.02,8.8,77,8,Yes,Confined Space,Morning,Low,Low,Low,High,70
17.89,56.43,6.47,28,14,No,Normal,Evening,Low,Low,Low,Medium,90
15.61,92.53,6.99,31,20,No,Confined Space,Night,Low,High,Low,Medium,60
22.73,36.78,1.82,70,27,Yes,Normal,Evening,Low,Low,Low,Low,80
73.95,32.23,5.74,55,20,Yes,Confined Space,Evening,Medium,Low,Medium,Medium,65
7.96,44.57,2.12,69,28,Yes,Normal,Evening,Low,Low,Low,Low,80
1.5,82.51,3.89,84,29,Yes,Confined Space,Night,Low,High,Low,Low,50
81.82,46.06,6.38,41,19,No,Normal,Night,Medium,Low,High,Medium,50
70.56,40.33,1.75,21,19,No,Normal,Night,Medium,Low,Medium,Low,75
92.84,70.23,5.74,36,2,Yes,Confined Space,Evening,High,Medium,High,Medium,40
82.91,73.72,2.62,63,14,Yes,Hot Work,Evening,High,Medium,High,Low,50
16.06,29.34,5.39,71,3,Yes,Confined Space,Evening,Low,Low,Low,Medium,80
44.36,33.72,3.13,41,28,No,Hot Work,Evening,Low,Low,Low,Low,90
71.33,21.8,3.63,67,11,Yes,Confined Space,Night,Medium,Low,Medium,Low,65
28.56,25.05,2.72,77,9,Yes,Normal,Night,Low,Low,Low,Low,80
90.54,23.54,1.81,90,27,No,Hot Work,Evening,Medium,Low,High,Low,60
51.81,30.24,2.68,35,4,Yes,Hot Work,Morning,Low,Low,Medium,Low,90
23.59,65.4,3.61,86,1,Yes,Hot Work,Morning,Low,Medium,Low,Low,80
29.69,24.68,3.95,79,18,Yes,Normal,Evening,Low,Low,Low,Low,90
0.38,21.15,2.62,36,23,Yes,Confined Space,Morning,Low,Low,Low,Low,80
9.89,49.02,4.07,86,23,No,Confined Space,Morning,Low,Low,Low,Low,90
32.09,66.44,3.13,64,22,Yes,Confined Space,Night,Low,Medium,Low,Low,60
97.57,34.45,8.1,68,22,No,Normal,Night,Medium,Low,High,High,30
42.33,80.45,6.4,37,20,Yes,Confined Space,Night,Low,High,Low,Medium,50
96.54,89.74,5.0,44,7,Yes,Confined Space,Morning,High,High,High,Low,40
69.1,42.84,1.24,74,8,No,Normal,Morning,Medium,Low,Medium,Low,85
43.25,34.25,8.91,72,19,Yes,Hot Work,Night,Low,Low,Low,High,60
97.05,26.88,7.4,55,15,No,Confined Space,Morning,Medium,Low,High,Medium,60
22.2,79.7,7.8,47,9,No,Confined Space,Evening,Low,Medium,Low,Medium,80
31.75,30.04,8.21,58,13,Yes,Normal,Evening,Low,Low,Low,High,70
46.64,54.48,1.92,57,10,No,Confined Space,Evening,Low,Low,Low,Low,100
65.08,44.27,8.23,60,21,Yes,Hot Work,Night,Medium,Low,Medium,High,35
86.8,43.31,3.14,67,19,No,Confined Space,Evening,Medium,Low,High,Low,70
26.67,21.73,1.65,60,27,No,Hot Work,Evening,Low,Low,Low,Low,90
70.38,39.39,3.2,32,2,Yes,Normal,Morning,Medium,Low,Medium,Low,75
71.86,99.04,7.43,88,29,Yes,Confined Space,Night,Medium,High,Medium,Medium,25
17.92,29.35,7.58,71,7,Yes,Hot Work,Night,Low,Low,Low,Medium,70
25.18,86.29,1.09,69,15,No,Confined Space,Night,Low,High,Low,Low,70
88.58,78.86,4.97,20,28,Yes,Normal,Evening,High,Medium,High,Low,40
12.95,78.61,4.99,90,27,Yes,Normal,Night,Low,Medium,Low,Low,60
40.65,96.14,3.15,80,30,Yes,Hot Work,Morning,Low,High,Low,Low,60
31.23,87.15,4.44,24,19,No,Normal,Morning,Low,High,Low,Low,80
10.26,64.62,4.04,84,6,No,Confined Space,Night,Low,Medium,Low,Low,80
66.45,99.03,3.2,48,24,No,Confined Space,Night,Medium,High,Medium,Low,45
81.18,66.39,3.86,44,29,No,Hot Work,Evening,Medium,Medium,High,Low,50
66.8,96.73,1.98,83,17,No,Hot Work,Morning,Medium,High,Medium,Low,65
46.82,64.79,1.01,37,15,Yes,Normal,Morning,Low,Medium,Low,Low,80
21.34,54.12,7.04,40,8,No,Normal,Night,Low,Low,Low,Medium,80
1.18,64.06,8.71,37,1,No,Hot Work,Evening,Low,Medium,Low,High,70
45.11,38.16,7.9,61,8,No,Hot Work,Evening,Low,Low,Low,Medium,90
66.59,64.0,1.94,21,20,No,Confined Space,Morning,Medium,Medium,Medium,Low,75
12.81,44.02,2.87,57,25,Yes,Hot Work,Evening,Low,Low,Low,Low,80
75.15,46.61,1.17,35,2,No,Normal,Morning,Medium,Low,High,Low,85
21.72,39.0,6.4,88,26,Yes,Normal,Morning,Low,Low,Low,Medium,70
82.17,55.12,5.32,44,4,No,Normal,Night,Medium,Low,High,Medium,50
11.9,58.55,2.98,66,7,No,Normal,Evening,Low,Low,Low,Low,100
74.09,25.37,3.56,29,15,Yes,Hot Work,Evening,Medium,Low,Medium,Low,75
25.3,59.53,1.74,84,3,No,Confined Space,Night,Low,Low,Low,Low,90
51.76,28.4,2.57,69,11,No,Normal,Night,Low,Low,Medium,Low,90
37.01,50.54,1.16,67,13,Yes,Normal,Evening,Low,Low,Low,Low,90
29.09,48.96,7.59,22,1,No,Normal,Evening,Low,Low,Low,Medium,90
2.68,50.56,4.42,43,21,No,Confined Space,Morning,Low,Low,Low,Low,90
3.35,50.02,8.26,23,18,No,Normal,Morning,Low,Low,Low,High,80
44.29,20.26,3.65,76,20,No,Confined Space,Morning,Low,Low,Low,Low,100
40.17,97.98,9.17,29,21,Yes,Hot Work,Morning,Low,High,Low,High,40
31.07,81.93,3.1,40,9,No,Normal,Night,Low,High,Low,Low,70
80.56,63.37,1.48,25,24,Yes,Confined Space,Morning,Medium,Medium,High,Low,40
73.75,44.94,9.95,32,6,Yes,Hot Work,Morning,Medium,Low,Medium,High,55
43.37,65.87,1.87,40,15,Yes,Hot Work,Night,Low,Medium,Low,Low,70
53.71,70.57,2.29,74,2,No,Confined Space,Night,Low,Medium,Medium,Low,80
9.95,46.52,8.49,51,14,Yes,Hot Work,Morning,Low,Low,Low,High,70
70.34,74.31,5.47,85,7,No,Confined Space,Morning,Medium,Medium,Medium,Medium,65
7.37,87.95,1.02,86,2,No,Hot Work,Night,Low,High,Low,Low,70
20.44,48.74,5.11,80,18,No,Normal,Evening,Low,Low,Low,Medium,90
3.2,32.01,3.5,46,15,Yes,Normal,Morning,Low,Low,Low,Low,90
63.87,69.99,3.2,51,19,Yes,Hot Work,Morning,Medium,Medium,Medium,Low,65
24.95,37.09,9.88,71,16,No,Confined Space,Night,Low,Low,Low,High,70
99.14,37.01,5.37,81,16,Yes,Confined Space,Night,Medium,Low,High,Medium,40
78.14,49.73,3.73,88,6,Yes,Confined Space,Evening,Medium,Low,High,Low,75
14.08,67.34,9.05,58,3,Yes,Confined Space,Morning,Low,Medium,Low,High,60
23.94,31.9,5.88,81,28,No,Hot Work,Morning,Low,Low,Low,Medium,80
97.79,92.82,7.73,31,17,No,Hot Work,Night,High,High,High,Medium,30
13.96,41.19,2.43,62,17,Yes,Hot Work,Evening,Low,Low,Low,Low,90
57.06,53.92,3.58,61,1,Yes,Normal,Morning,Low,Low,Medium,Low,90
87.39,32.08,3.43,40,27,Yes,Confined Space,Night,Medium,Low,High,Low,40
16.06,28.87,9.32,79,15,No,Hot Work,Evening,Low,Low,Low,High,80
75.3,83.38,7.07,20,6,Yes,Hot Work,Night,Medium,High,High,Medium,35
3.24,63.26,8.23,23,8,No,Confined Space,Evening,Low,Medium,Low,High,70
57.24,69.77,8.83,31,11,Yes,Normal,Night,Low,Medium,Medium,High,50
92.8,90.28,5.33,74,25,Yes,Normal,Morning,High,High,High,Medium,20
37.21,49.38,3.01,66,25,No,Hot Work,Morning,Low,Low,Low,Low,90
87.67,92.65,1.46,48,14,No,Normal,Morning,High,High,High,Low,50
81.93,71.63,4.94,71,1,No,Confined Space,Night,High,Medium,High,Low,50
73.8,73.86,6.9,40,2,No,Normal,Morning,Medium,Medium,Medium,Medium,65
50.6,85.43,2.32,53,27,No,Hot Work,Night,Low,High,Medium,Low,60
89.32,93.3,2.83,76,8,No,Confined Space,Night,High,High,High,Low,40
56.31,34.73,5.37,35,20,Yes,Normal,Evening,Low,Low,Medium,Medium,80
81.27,30.17,2.92,83,21,Yes,Hot Work,Morning,Medium,Low,High,Low,50
65.7,48.37,5.08,21,21,No,Hot Work,Morning,Medium,Low,Medium,Medium,65
12.32,62.83,8.56,56,29,Yes,Confined Space,Evening,Low,Medium,Low,High,50
62.55,44.49,1.8,77,25,Yes,Hot Work,Evening,Medium,Low,Medium,Low,65
60.73,51.73,7.5,54,13,Yes,Normal,Morning,Medium,Low,Medium,Medium,65
87.64,44.28,9.74,29,12,Yes,Confined Space,Morning,Medium,Low,High,High,40
89.08,48.86,8.08,35,14,No,Normal,Night,Medium,Low,High,High,40
91.32,34.53,7.0,71,1,Yes,Hot Work,Night,Medium,Low,High,Medium,40
37.27,41.71,9.31,24,12,No,Normal,Night,Low,Low,Low,High,70
66.35,50.04,7.55,30,3,No,Normal,Evening,Medium,Low,Medium,Medium,75
20.57,32.47,8.21,60,18,No,Hot Work,Evening,Low,Low,Low,High,80
9.17,53.43,5.95,51,7,No,Confined Space,Morning,Low,Low,Low,Medium,90
12.26,26.47,3.96,30,12,Yes,Normal,Morning,Low,Low,Low,Low,90
19.84,77.08,4.96,38,10,Yes,Hot Work,Night,Low,Medium,Low,Low,70
6.49,47.37,8.73,20,27,No,Hot Work,Night,Low,Low,Low,High,60
47.92,90.64,7.16,65,24,Yes,Hot Work,Morning,Low,High,Low,Medium,50
17.99,29.36,1.76,31,1,Yes,Normal,Evening,Low,Low,Low,Low,90
81.01,88.09,1.69,65,2,Yes,Normal,Morning,High,High,High,Low,40
26.86,73.09,5.11,38,2,No,Confined Space,Morning,Low,Medium,Low,Medium,80
34.91,51.08,2.02,59,24,No,Hot Work,Night,Low,Low,Low,Low,80
57.15,68.7,4.49,83,27,No,Normal,Morning,Low,Medium,Medium,Low,80
54.9,22.57,6.3,72,2,No,Confined Space,Morning,Low,Low,Medium,Medium,90
77.61,67.58,6.33,69,12,Yes,Normal,Morning,Medium,Medium,High,Medium,55
3.6,76.21,5.71,80,30,Yes,Confined Space,Night,Low,Medium,Low,Medium,50
69.14,98.66,5.12,32,27,Yes,Normal,Night,Medium,High,Medium,Medium,25
11.63,70.87,3.76,40,26,No,Hot Work,Morning,Low,Medium,Low,Low,80
26.23,69.02,7.0,89,20,Yes,Hot Work,Evening,Low,Medium,Low,Medium,70
52.79,85.7,4.06,77,29,Yes,Hot Work,Evening,Low,High,Medium,Low,60
75.45,29.21,9.15,44,30,No,Confined Space,Morning,Medium,Low,High,High,55
10.44,27.28,2.0,41,26,No,Normal,Morning,Low,Low,Low,Low,90
58.87,45.58,4.0,68,22,Yes,Normal,Night,Low,Low,Medium,Low,70
76.77,77.82,1.53,80,5,Yes,Hot Work,Morning,Medium,Medium,High,Low,65
48.06,59.69,2.77,38,5,No,Normal,Morning,Low,Low,Low,Low,100
23.49,72.37,5.15,38,15,Yes,Confined Space,Morning,Low,Medium,Low,Medium,70
22.91,59.78,6.3,85,26,No,Normal,Night,Low,Low,Low,Medium,70
9.89,34.79,5.73,89,16,Yes,Hot Work,Evening,Low,Low,Low,Medium,80
50.92,66.59,7.99,24,15,No,Confined Space,Evening,Low,Medium,Medium,Medium,80
74.67,26.16,6.17,64,18,Yes,Hot Work,Night,Medium,Low,Medium,Medium,55
67.45,68.25,8.66,47,1,No,Hot Work,Night,Medium,Medium,Medium,High,45
25.73,37.35,1.47,85,2,No,Normal,Evening,Low,Low,Low,Low,100
88.0,46.62,6.68,58,6,No,Confined Space,Morning,Medium,Low,High,Medium,60
41.94,45.9,6.67,51,20,No,Normal,Morning,Low,Low,Low,Medium,90
15.11,76.18,2.34,62,10,No,Confined Space,Night,Low,Medium,Low,Low,80
77.82,91.34,8.21,68,19,Yes,Normal,Morning,Medium,High,High,High,35
69.26,50.33,2.6,36,13,No,Hot Work,Morning,Medium,Low,Medium,Low,85
99.09,24.53,9.98,69,30,No,Confined Space,Evening,Medium,Low,High,High,40
56.6,90.25,6.81,83,21,Yes,Hot Work,Night,Low,High,Medium,Medium,40
25.1,75.01,1.22,87,7,No,Hot Work,Night,Low,Medium,Low,Low,80
96.29,72.4,9.13,78,30,Yes,Normal,Evening,High,Medium,High,High,20
21.03,46.06,5.38,59,23,Yes,Hot Work,Night,Low,Low,Low,Medium,60
62.67,49.9,1.6,22,6,No,Hot Work,Night,Medium,Low,Medium,Low,75
23.25,70.32,3.26,85,13,Yes,Hot Work,Morning,Low,Medium,Low,Low,80
74.36,92.07,5.87,65,24,No,Hot Work,Night,Medium,High,Medium,Medium,35
28.9,78.62,1.89,72,19,No,Confined Space,Evening,Low,Medium,Low,Low,90
50.46,82.87,1.34,59,28,Yes,Confined Space,Morning,Low,High,Medium,Low,60
83.19,66.16,2.38,80,8,Yes,Hot Work,Morning,Medium,Medium,High,Low,50
8.61,53.56,2.09,32,14,No,Normal,Evening,Low,Low,Low,Low,100
44.67,58.96,6.26,66,8,No,Hot Work,Evening,Low,Low,Low,Medium,90
16.18,41.23,2.8,55,1,No,Confined Space,Evening,Low,Low,Low,Low,100
7.94,75.14,1.17,51,7,No,Confined Space,Morning,Low,Medium,Low,Low,90
11.78,74.62,2.79,53,7,No,Hot Work,Night,Low,Medium,Low,Low,80
14.57,24.87,8.62,20,27,No,Normal,Night,Low,Low,Low,High,60
31.29,29.31,1.7,20,19,Yes,Normal,Evening,Low,Low,Low,Low,90
76.6,58.05,9.1,43,12,No,Normal,Evening,Medium,Low,High,High,65
39.54,95.05,1.34,20,13,Yes,Hot Work,Night,Low,High,Low,Low,60
6.29,80.67,6.64,74,5,No,Normal,Morning,Low,High,Low,Medium,70
38.79,47.8,5.24,25,22,Yes,Hot Work,Night,Low,Low,Low,Medium,60
42.3,21.69,8.77,26,19,Yes,Normal,Evening,Low,Low,Low,High,70
67.64,81.66,6.79,38,20,Yes,Hot Work,Night,Medium,High,Medium,Medium,35
35.8,89.34,5.96,65,25,No,Normal,Evening,Low,High,Low,Medium,60
5.52,44.27,5.78,79,22,No,Hot Work,Morning,Low,Low,Low,Medium,80
54.3,79.3,3.16,75,24,No,Normal,Night,Low,Medium,Medium,Low,70
24.67,93.86,2.9,89,10,No,Normal,Morning,Low,High,Low,Low,80
45.01,72.2,3.31,58,11,Yes,Normal,Night,Low,Medium,Low,Low,70
24.17,98.78,1.86,40,15,No,Normal,Morning,Low,High,Low,Low,80
94.22,59.94,7.21,32,17,No,Confined Space,Night,Medium,Low,High,Medium,50
82.98,87.46,1.47,76,1,No,Hot Work,Evening,High,High,High,Low,50
72.62,48.67,4.82,43,16,No,Confined Space,Evening,Medium,Low,Medium,Low,85
6.69,53.67,1.78,87,16,No,Hot Work,Evening,Low,Low,Low,Low,100
34.9,78.7,8.73,23,17,Yes,Confined Space,Evening,Low,Medium,Low,High,60
41.26,77.47,6.06,83,11,No,Confined Space,Morning,Low,Medium,Low,Medium,80
8.28,26.54,1.27,35,24,Yes,Normal,Morning,Low,Low,Low,Low,80
59.68,47.95,5.25,56,11,No,Hot Work,Evening,Low,Low,Medium,Medium,90
16.85,29.36,4.19,26,18,No,Normal,Evening,Low,Low,Low,Low,100
72.03,59.83,2.81,58,20,No,Hot Work,Night,Medium,Low,Medium,Low,75
90.87,65.89,6.87,57,11,No,Normal,Night,Medium,Medium,High,Medium,40
55.47,23.46,4.83,75,26,Yes,Normal,Night,Low,Low,Medium,Low,70
51.49,77.99,5.89,74,20,No,Normal,Night,Low,Medium,Medium,Medium,70
9.11,51.85,8.45,31,17,Yes,Confined Space,Morning,Low,Low,Low,High,70
79.06,42.1,6.72,29,15,No,Normal,Evening,Medium,Low,High,Medium,75
24.95,52.19,8.74,30,10,Yes,Hot Work,Evening,Low,Low,Low,High,70
40.59,67.55,1.83,58,25,Yes,Normal,Morning,Low,Medium,Low,Low,70
58.54,22.77,9.82,82,17,Yes,Hot Work,Night,Low,Low,Medium,High,60
23.97,38.22,8.26,74,27,No,Normal,Evening,Low,Low,Low,High,70
46.73,73.02,5.04,81,8,Yes,Normal,Night,Low,Medium,Low,Medium,60
54.24,44.52,9.05,35,14,Yes,Normal,Night,Low,Low,Medium,High,60
25.65,62.05,8.93,61,9,No,Hot Work,Night,Low,Medium,Low,High,60
53.11,58.46,6.46,60,25,No,Hot Work,Night,Low,Low,Medium,Medium,70
37.11,81.92,7.75,67,15,No,Hot Work,Night,Low,High,Low,Medium,60
50.11,58.69,6.97,41,16,No,Hot Work,Evening,Low,Low,Medium,Medium,90
21.53,26.25,7.13,72,26,Yes,Hot Work,Night,Low,Low,Low,Medium,60
0.29,58.89,9.36,84,18,Yes,Hot Work,Morning,Low,Low,Low,High,70
8.91,27.27,4.04,72,23,Yes,Hot Work,Morning,Low,Low,Low,Low,80
44.48,50.44,2.7,57,9,No,Hot Work,Evening,Low,Low,Low,Low,100
73.52,66.46,4.99,61,8,No,Hot Work,Night,Medium,Medium,Medium,Low,65
43.07,56.2,4.69,23,21,No,Hot Work,Evening,Low,Low,Low,Low,90
30.82,27.23,2.03,30,26,No,Confined Space,Night,Low,Low,Low,Low,80
14.91,57.92,3.77,75,1,Yes,Normal,Night,Low,Low,Low,Low,80
56.97,20.58,8.0,89,16,No,Hot Work,Morning,Low,Low,Medium,Medium,90
61.58,45.65,2.05,77,16,No,Confined Space,Morning,Medium,Low,Medium,Low,85
67.38,28.02,5.52,41,13,No,Normal,Evening,Medium,Low,Medium,Medium,75
38.93,24.18,5.44,53,11,Yes,Confined Space,Night,Low,Low,Low,Medium,70
60.34,55.67,8.8,45,1,Yes,Confined Space,Evening,Medium,Low,Medium,High,55
47.32,52.62,5.53,77,22,No,Normal,Morning,Low,Low,Low,Medium,80
49.21,90.99,3.43,40,12,No,Confined Space,Morning,Low,High,Low,Low,80
92.29,41.58,9.73,65,27,Yes,Confined Space,Night,Medium,Low,High,High,20
61.39,91.89,5.46,66,8,No,Normal,Evening,Medium,High,Medium,Medium,55
42.79,81.11,7.2,28,27,Yes,Confined Space,Evening,Low,High,Low,Medium,50
29.47,95.7,9.48,36,5,Yes,Confined Space,Evening,Low,High,Low,High,50
74.06,91.56,2.32,88,2,Yes,Confined Space,Evening,Medium,High,Medium,Low,55
48.82,71.06,2.77,58,26,Yes,Normal,Evening,Low,Medium,Low,Low,70
74.82,66.03,8.49,73,6,No,Hot Work,Night,Medium,Medium,Medium,High,45
74.57,47.36,3.93,30,21,Yes,Normal,Night,Medium,Low,Medium,Low,55
56.08,79.76,4.32,52,19,No,Confined Space,Night,Low,Medium,Medium,Low,80
77.51,68.07,6.73,23,22,Yes,Hot Work,Evening,Medium,Medium,High,Medium,45
20.69,98.13,3.61,49,11,Yes,Normal,Morning,Low,High,Low,Low,70
63.84,66.07,3.75,71,15,Yes,Hot Work,Night,Medium,Medium,Medium,Low,55
10.23,90.87,6.56,27,1,No,Confined Space,Morning,Low,High,Low,Medium,70
76.58,22.64,4.94,87,28,No,Normal,Night,Medium,Low,High,Low,65
78.38,95.35,7.02,54,14,Yes,Hot Work,Night,Medium,High,High,Medium,35
4.38,21.01,8.93,69,27,No,Normal,Night,Low,Low,Low,High,60
93.92,82.06,3.68,23,30,Yes,Normal,Morning,High,High,High,Low,30
37.92,88.51,6.58,40,1,No,Normal,Evening,Low,High,Low,Medium,70
63.26,47.91,3.61,85,29,No,Confined Space,Night,Medium,Low,Medium,Low,65
58.89,49.33,6.4,55,6,No,Hot Work,Evening,Low,Low,Medium,Medium,90
45.64,38.99,7.7,31,24,Yes,Hot Work,Night,Low,Low,Low,Medium,60
40.51,27.96,7.48,45,20,No,Normal,Evening,Low,Low,Low,Medium,90
87.84,89.88,1.24,62,11,No,Normal,Night,High,High,High,Low,40
0.74,47.79,1.25,23,30,No,Confined Space,Evening,Low,Low,Low,Low,90
57.14,99.13,2.87,76,10,No,Normal,Evening,Low,High,Medium,Low,80
59.86,82.15,8.45,20,23,No,Normal,Evening,Low,High,Medium,High,50
33.45,78.32,9.76,81,11,Yes,Normal,Night,Low,Medium,Low,High,50
49.21,45.92,1.38,67,11,No,Confined Space,Morning,Low,Low,Low,Low,100
6.62,64.11,1.38,37,4,Yes,Hot Work,Evening,Low,Medium,Low,Low,80
22.28,79.49,1.39,60,21,No,Hot Work,Morning,Low,Medium,Low,Low,80
78.09,86.97,5.87,61,22,Yes,Hot Work,Evening,Medium,High,High,Medium,35
13.93,78.76,1.33,49,27,No,Normal,Evening,Low,Medium,Low,Low,80
95.25,80.43,4.43,85,13,No,Normal,Night,High,High,High,Low,40
59.99,68.61,9.56,41,17,No,Confined Space,Morning,Low,Medium,Medium,High,70
9.67,38.63,5.15,20,28,Yes,Normal,Evening,Low,Low,Low,Medium,70
47.13,21.77,6.25,61,1,No,Normal,Night,Low,Low,Low,Medium,80
93.35,96.86,7.92,74,27,Yes,Normal,Evening,High,High,High,Medium,20
73.8,55.88,5.08,41,26,No,Confined Space,Morning,Medium,Low,Medium,Medium,65
29.03,74.9,6.95,57,20,Yes,Hot Work,Evening,Low,Medium,Low,Medium,70
23.96,77.4,3.72,79,10,Yes,Confined Space,Morning,Low,Medium,Low,Low,80
1.86,49.71,5.42,72,2,No,Confined Space,Morning,Low,Low,Low,Medium,90
17.35,70.37,5.24,29,7,Yes,Normal,Evening,Low,Medium,Low,Medium,70
76.27,95.95,3.69,64,22,Yes,Hot Work,Night,Medium,High,High,Low,35
49.35,44.64,1.95,72,2,Yes,Confined Space,Evening,Low,Low,Low,Low,90
68.2,53.37,3.31,88,12,Yes,Normal,Night,Medium,Low,Medium,Low,65
27.34,32.66,3.36,78,3,Yes,Confined Space,Morning,Low,Low,Low,Low,90
21.71,75.74,5.94,62,24,No,Normal,Evening,Low,Medium,Low,Medium,70
33.25,43.26,1.07,81,7,Yes,Confined Space,Evening,Low,Low,Low,Low,90
94.3,51.49,2.96,68,13,Yes,Normal,Morning,Medium,Low,High,Low,60
86.97,32.3,2.14,23,24,Yes,Normal,Evening,Medium,Low,High,Low,50
36.21,84.29,5.23,34,11,No,Confined Space,Evening,Low,High,Low,Medium,70
80.98,99.19,6.86,77,12,No,Hot Work,Morning,High,High,High,Medium,40
29.33,72.7,6.25,50,12,No,Hot Work,Night,Low,Medium,Low,Medium,70
10.62,75.92,2.54,59,10,Yes,Hot Work,Evening,Low,Medium,Low,Low,80
22.72,80.67,1.58,84,18,Yes,Hot Work,Evening,Low,High,Low,Low,70
90.88,61.1,8.58,32,2,No,Normal,Evening,Medium,Medium,High,High,40
88.72,27.54,2.52,77,29,No,Hot Work,Morning,Medium,Low,High,Low,60
56.83,60.42,6.9,36,29,No,Normal,Evening,Low,Medium,Medium,Medium,70
22.62,67.83,4.2,87,21,No,Hot Work,Night,Low,Medium,Low,Low,70
84.79,60.35,3.32,46,24,No,Hot Work,Night,Medium,Medium,High,Low,40
8.35,37.29,5.79,39,29,No,Confined Space,Night,Low,Low,Low,Medium,70
93.82,64.37,3.12,77,11,No,Normal,Night,Medium,Medium,High,Low,50
48.9,64.28,3.81,25,28,Yes,Hot Work,Morning,Low,Medium,Low,Low,70
46.43,35.9,9.74,48,1,No,Hot Work,Night,Low,Low,Low,High,70
17.84,95.33,1.64,24,28,No,Hot Work,Evening,Low,High,Low,Low,70
47.86,45.88,9.81,87,6,No,Normal,Morning,Low,Low,Low,High,80
13.28,99.52,9.71,26,8,Yes,Confined Space,Morning,Low,High,Low,High,50
86.15,27.84,7.61,82,30,No,Confined Space,Evening,Medium,Low,High,Medium,50
60.11,91.22,8.48,28,11,Yes,Hot Work,Evening,Medium,High,Medium,High,35
29.27,50.28,9.13,49,11,Yes,Confined Space,Morning,Low,Low,Low,High,70
4.42,30.23,6.24,82,29,No,Hot Work,Morning,Low,Low,Low,Medium,80
91.08,92.47,4.07,57,10,Yes,Hot Work,Morning,High,High,High,Low,40
37.38,73.24,7.58,64,28,Yes,Hot Work,Night,Low,Medium,Low,Medium,50
37.03,42.39,6.48,66,8,No,Confined Space,Evening,Low,Low,Low,Medium,90
95.01,97.06,3.53,21,16,No,Confined Space,Evening,High,High,High,Low,50
96.53,59.36,7.9,52,20,No,Confined Space,Evening,Medium,Low,High,Medium,60
97.95,61.36,6.02,90,15,No,Hot Work,Evening,Medium,Medium,High,Medium,50
44.25,91.19,8.65,51,17,Yes,Confined Space,Morning,Low,High,Low,High,50
52.06,51.85,4.81,47,2,No,Hot Work,Night,Low,Low,Medium,Low,90
60.49,30.14,6.41,90,3,No,Hot Work,Morning,Medium,Low,Medium,Medium,75
32.17,34.72,5.84,45,25,Yes,Confined Space,Night,Low,Low,Low,Medium,60
97.61,98.79,7.03,34,21,Yes,Confined Space,Evening,High,High,High,Medium,20
93.36,42.45,1.58,32,5,Yes,Normal,Night,Medium,Low,High,Low,50
90.71,54.92,8.7,81,7,No,Normal,Night,Medium,Low,High,High,40
29.42,99.69,3.46,33,14,No,Normal,Morning,Low,High,Low,Low,80
60.72,30.8,4.48,55,14,No,Hot Work,Night,Medium,Low,Medium,Low,75
51.01,33.7,5.41,29,5,Yes,Normal,Evening,Low,Low,Medium,Medium,80
62.07,20.92,8.99,34,10,No,Confined Space,Morning,Medium,Low,Medium,High,65
46.69,61.49,7.87,55,18,Yes,Hot Work,Night,Low,Medium,Low,Medium,60
80.37,36.11,4.96,37,6,Yes,Confined Space,Morning,Medium,Low,High,Low,60
92.82,26.25,1.88,49,3,No,Normal,Evening,Medium,Low,High,Low,70
22.65,54.66,6.6,59,5,Yes,Normal,Night,Low,Low,Low,Medium,70
91.36,75.74,5.45,29,29,No,Normal,Morning,High,Medium,High,Medium,40
17.31,60.45,7.81,46,7,No,Confined Space,Night,Low,Medium,Low,Medium,70
79.82,76.06,5.94,22,28,Yes,Hot Work,Night,Medium,Medium,High,Medium,35
61.31,73.7,9.39,66,25,No,Hot Work,Morning,Medium,Medium,Medium,High,45
95.11,64.31,8.56,56,8,Yes,Hot Work,Morning,Medium,Medium,High,High,30
65.45,26.6,1.95,40,17,No,Normal,Night,Medium,Low,Medium,Low,75
36.25,23.18,4.78,89,25,Yes,Confined Space,Morning,Low,Low,Low,Low,80
94.15,21.38,3.28,50,20,Yes,Normal,Night,Medium,Low,High,Low,50
92.22,93.72,8.23,68,18,No,Normal,Morning,High,High,High,High,30
16.92,65.09,1.74,76,8,No,Hot Work,Night,Low,Medium,Low,Low,80
12.57,93.84,5.01,27,15,Yes,Hot Work,Evening,Low,High,Low,Medium,60
55.65,36.63,2.37,48,26,No,Confined Space,Evening,Low,Low,Medium,Low,90
5.62,81.95,8.37,41,6,Yes,Hot Work,Night,Low,High,Low,High,40
90.2,33.64,3.34,69,22,No,Hot Work,Night,Medium,Low,High,Low,50
54.64,87.62,6.26,69,18,No,Confined Space,Morning,Low,High,Medium,Medium,70
80.92,54.86,5.4,50,26,Yes,Normal,Morning,Medium,Low,High,Medium,40
2.25,85.37,2.8,27,15,No,Normal,Night,Low,High,Low,Low,70
52.08,78.72,9.52,33,5,No,Normal,Morning,Low,Medium,Medium,High,70
13.14,27.41,6.58,24,12,Yes,Hot Work,Evening,Low,Low,Low,Medium,80
9.31,71.41,3.64,45,18,No,Confined Space,Night,Low,Medium,Low,Low,80
47.08,57.2,5.37,46,4,No,Confined Space,Morning,Low,Low,Low,Medium,90
28.78,51.05,1.06,41,7,No,Hot Work,Morning,Low,Low,Low,Low,100
41.49,53.19,8.76,73,19,No,Normal,Night,Low,Low,Low,High,70
70.05,21.38,6.3,71,12,No,Hot Work,Morning,Medium,Low,Medium,Medium,75
2.35,72.76,3.03,61,3,No,Hot Work,Morning,Low,Medium,Low,Low,90
91.18,38.82,4.18,40,16,Yes,Hot Work,Night,Medium,Low,High,Low,50
92.42,58.59,4.85,22,19,No,Hot Work,Morning,Medium,Low,High,Low,70
57.87,96.63,4.89,70,1,No,Hot Work,Evening,Low,High,Medium,Low,80
4.8,32.57,8.68,23,2,Yes,Hot Work,Night,Low,Low,Low,High,60
85.79,22.56,6.43,29,13,Yes,Hot Work,Evening,Medium,Low,High,Medium,50
27.74,85.61,5.22,60,20,Yes,Normal,Evening,Low,High,Low,Medium,60
26.34,88.8,3.39,36,24,Yes,Normal,Morning,Low,High,Low,Low,60
15.86,24.29,3.48,89,27,No,Confined Space,Morning,Low,Low,Low,Low,90
98.05,82.49,1.02,30,14,Yes,Hot Work,Night,High,High,High,Low,30
14.37,50.93,5.17,67,17,No,Normal,Night,Low,Low,Low,Medium,80
80.43,28.9,9.49,64,2,Yes,Normal,Night,Medium,Low,High,High,30
22.56,57.31,7.09,77,9,Yes,Normal,Morning,Low,Low,Low,Medium,80
69.88,78.92,8.59,86,21,Yes,Hot Work,Night,Medium,Medium,Medium,High,25
41.93,75.17,9.61,89,21,No,Hot Work,Morning,Low,Medium,Low,High,60
83.41,80.0,9.27,71,27,No,Hot Work,Night,High,Medium,High,High,20
24.81,60.95,3.01,33,15,Yes,Hot Work,Evening,Low,Medium,Low,Low,80
95.68,22.03,3.45,88,6,No,Hot Work,Night,Medium,Low,High,Low,60
12.87,38.9,5.94,31,28,No,Hot Work,Morning,Low,Low,Low,Medium,80
32.31,91.69,3.32,86,21,No,Normal,Night,Low,High,Low,Low,60
85.19,95.15,9.0,26,16,Yes,Confined Space,Night,High,High,High,High,10
72.4,78.4,9.83,24,30,No,Normal,Night,Medium,Medium,Medium,High,35
77.87,82.89,1.53,58,24,No,Normal,Evening,Medium,High,High,Low,55
89.58,22.24,6.67,87,21,No,Hot Work,Evening,Medium,Low,High,Medium,50
73.97,30.39,4.07,71,8,Yes,Hot Work,Night,Medium,Low,Medium,Low,65
54.57,30.49,7.13,62,24,No,Confined Space,Night,Low,Low,Medium,Medium,70
17.19,23.33,9.28,42,9,No,Hot Work,Night,Low,Low,Low,High,70
54.29,73.74,2.79,65,10,No,Hot Work,Evening,Low,Medium,Medium,Low,90
91.53,94.33,8.65,31,19,No,Hot Work,Evening,High,High,High,High,30
67.06,51.43,5.03,89,22,Yes,Normal,Morning,Medium,Low,Medium,Medium,55
12.39,70.47,9.76,50,15,Yes,Normal,Morning,Low,Medium,Low,High,60
52.2,22.63,8.66,87,26,No,Normal,Evening,Low,Low,Medium,High,70
95.45,38.8,4.51,81,12,Yes,Hot Work,Evening,Medium,Low,High,Low,60
18.65,99.25,5.68,70,25,Yes,Confined Space,Morning,Low,High,Low,Medium,50
33.56,76.19,1.38,90,24,Yes,Confined Space,Night,Low,Medium,Low,Low,60
40.36,53.47,8.79,59,7,No,Hot Work,Morning,Low,Low,Low,High,80
75.82,43.42,4.68,45,12,No,Hot Work,Morning,Medium,Low,High,Low,85
19.42,63.85,4.31,52,14,No,Hot Work,Night,Low,Medium,Low,Low,80
97.07,80.48,2.21,44,14,Yes,Normal,Night,High,High,High,Low,30
29.58,63.43,3.69,55,26,No,Hot Work,Night,Low,Medium,Low,Low,70
26.12,88.0,3.19,58,14,No,Hot Work,Morning,Low,High,Low,Low,80
40.55,99.33,9.52,76,21,Yes,Normal,Night,Low,High,Low,High,30
41.64,55.42,4.46,29,14,No,Confined Space,Night,Low,Low,Low,Low,90
64.98,71.61,9.71,25,10,No,Confined Space,Night,Medium,Medium,Medium,High,45
70.94,99.96,9.26,34,1,Yes,Confined Space,Night,Medium,High,Medium,High,25
27.43,24.18,1.96,47,27,Yes,Confined Space,Morning,Low,Low,Low,Low,80
45.44,86.4,9.53,88,23,No,Confined Space,Evening,Low,High,Low,High,50
99.91,44.02,8.91,28,24,Yes,Confined Space,Night,Medium,Low,High,High,20
53.28,97.68,8.53,78,17,Yes,Confined Space,Morning,Low,High,Medium,High,50
93.85,98.39,7.68,24,15,No,Confined Space,Night,High,High,High,Medium,30
56.61,87.21,1.91,74,2,Yes,Hot Work,Evening,Low,High,Medium,Low,70
73.62,65.34,2.35,35,6,Yes,Confined Space,Evening,Medium,Medium,Medium,Low,65
78.04,75.81,6.76,89,1,Yes,Normal,Morning,Medium,Medium,High,Medium,55
4.52,52.15,1.91,61,24,Yes,Hot Work,Evening,Low,Low,Low,Low,80
82.73,80.94,8.86,82,10,No,Hot Work,Night,High,High,High,High,20
65.04,85.81,3.1,29,9,Yes,Confined Space,Night,Medium,High,Medium,Low,45
4.45,39.66,2.69,47,20,No,Normal,Morning,Low,Low,Low,Low,100
60.84,43.87,6.73,38,15,Yes,Hot Work,Morning,Medium,Low,Medium,Medium,65
93.11,46.52,3.31,88,23,No,Hot Work,Evening,Medium,Low,High,Low,60
7.84,50.47,3.19,37,7,No,Confined Space,Evening,Low,Low,Low,Low,100
45.54,66.92,9.41,42,16,No,Hot Work,Evening,Low,Medium,Low,High,70
68.14,53.77,3.95,36,26,Yes,Confined Space,Evening,Medium,Low,Medium,Low,65
72.97,95.76,8.38,56,28,No,Hot Work,Morning,Medium,High,Medium,High,35
47.69,46.31,7.13,86,21,No,Normal,Morning,Low,Low,Low,Medium,80
52.82,63.33,6.58,34,8,No,Normal,Evening,Low,Medium,Medium,Medium,80
66.75,68.6,7.34,59,24,Yes,Hot Work,Night,Medium,Medium,Medium,Medium,35
70.21,23.45,8.12,78,28,No,Normal,Evening,Medium,Low,Medium,High,55
53.06,22.72,2.77,88,18,Yes,Confined Space,Morning,Low,Low,Medium,Low,90
54.58,89.34,8.52,62,25,No,Confined Space,Night,Low,High,Medium,High,40
62.43,98.88,5.6,47,8,Yes,Normal,Morning,Medium,High,Medium,Medium,45
38.87,73.42,4.9,43,22,Yes,Confined Space,Evening,Low,Medium,Low,Low,70
76.8,41.1,2.27,24,1,Yes,Confined Space,Evening,Medium,Low,High,Low,75
96.93,64.58,3.31,57,19,Yes,Confined Space,Morning,Medium,Medium,High,Low,50
31.82,34.77,9.81,71,28,Yes,Confined Space,Morning,Low,Low,Low,High,60
73.04,46.67,1.17,77,10,Yes,Confined Space,Morning,Medium,Low,Medium,Low,75
77.87,28.18,5.35,36,5,No,Normal,Evening,Medium,Low,High,Medium,75
64.7,30.23,8.5,89,4,Yes,Hot Work,Evening,Medium,Low,Medium,High,55
5.33,40.87,9.99,20,29,No,Normal,Evening,Low,Low,Low,High,70
44.34,96.47,7.28,89,3,Yes,Confined Space,Night,Low,High,Low,Medium,50
61.37,66.03,6.51,41,14,No,Normal,Evening,Medium,Medium,Medium,Medium,65
69.42,29.74,9.17,57,16,No,Confined Space,Night,Medium,Low,Medium,High,55
76.46,48.24,4.4,67,28,Yes,Normal,Night,Medium,Low,High,Low,55
56.85,85.73,5.26,50,26,Yes,Hot Work,Night,Low,High,Medium,Medium,40
15.12,59.06,8.46,74,8,Yes,Hot Work,Night,Low,Low,Low,High,60
40.89,77.52,5.46,42,21,No,Confined Space,Night,Low,Medium,Low,Medium,60
78.54,69.73,6.45,64,25,Yes,Normal,Night,Medium,Medium,High,Medium,35
30.26,21.32,1.33,64,19,Yes,Confined Space,Night,Low,Low,Low,Low,80
50.05,46.0,7.46,48,22,No,Confined Space,Morning,Low,Low,Medium,Medium,80
73.45,92.97,9.78,30,24,Yes,Confined Space,Evening,Medium,High,Medium,High,25
78.93,54.89,3.38,55,21,No,Confined Space,Evening,Medium,Low,High,Low,75
43.49,42.02,3.27,86,12,Yes,Confined Space,Morning,Low,Low,Low,Low,90
15.05,25.32,6.84,33,29,Yes,Normal,Morning,Low,Low,Low,Medium,70
24.35,28.69,7.72,31,1,No,Confined Space,Evening,Low,Low,Low,Medium,90
1.03,43.32,7.27,58,2,No,Normal,Night,Low,Low,Low,Medium,80
99.59,24.3,8.92,63,14,Yes,Hot Work,Morning,Medium,Low,High,High,40
79.43,31.74,6.74,45,23,No,Hot Work,Night,Medium,Low,High,Medium,55
70.64,58.98,4.15,55,24,Yes,Confined Space,Night,Medium,Low,Medium,Low,55
61.08,23.15,5.24,80,26,No,Confined Space,Evening,Medium,Low,Medium,Medium,65
69.58,57.13,3.47,64,21,No,Hot Work,Morning,Medium,Low,Medium,Low,75
82.65,38.77,4.36,69,5,Yes,Normal,Night,Medium,Low,High,Low,50
45.32,95.87,5.58,50,10,Yes,Confined Space,Evening,Low,High,Low,Medium,60
20.61,96.56,3.47,62,1,Yes,Normal,Evening,Low,High,Low,Low,70
49.11,98.71,2.82,52,18,No,Hot Work,Morning,Low,High,Low,Low,80
20.32,24.15,7.98,79,22,No,Confined Space,Night,Low,Low,Low,Medium,70
65.63,34.76,5.86,50,14,Yes,Hot Work,Morning,Medium,Low,Medium,Medium,65
59.18,61.33,1.43,20,8,Yes,Confined Space,Evening,Low,Medium,Medium,Low,80
87.7,79.69,4.07,39,19,Yes,Normal,Evening,High,Medium,High,Low,50
63.93,46.99,9.8,66,1,No,Confined Space,Morning,Medium,Low,Medium,High,65
3.91,28.43,7.68,26,21,No,Confined Space,Evening,Low,Low,Low,Medium,80
66.72,29.18,9.66,88,15,Yes,Hot Work,Morning,Medium,Low,Medium,High,55
59.77,46.93,6.6,51,24,No,Hot Work,Morning,Low,Low,Medium,Medium,80
34.59,42.36,9.29,34,27,Yes,Confined Space,Evening,Low,Low,Low,High,60
3.69,97.06,1.53,80,8,Yes,Hot Work,Morning,Low,High,Low,Low,70
55.86,87.41,1.68,22,30,No,Hot Work,Night,Low,High,Medium,Low,60
53.0,95.18,2.99,27,21,Yes,Hot Work,Night,Low,High,Medium,Low,50
54.57,96.99,8.05,22,11,Yes,Normal,Evening,Low,High,Medium,High,50
53.98,37.78,8.4,69,2,Yes,Hot Work,Morning,Low,Low,Medium,High,70
53.25,96.53,5.59,78,7,Yes,Confined Space,Evening,Low,High,Medium,Medium,60
84.16,30.97,6.22,79,13,Yes,Normal,Night,Medium,Low,High,Medium,40
9.66,52.99,6.67,44,15,Yes,Hot Work,Night,Low,Low,Low,Medium,70
50.3,57.34,9.67,51,29,No,Normal,Night,Low,Low,Medium,High,60
52.08,57.32,3.74,88,29,Yes,Hot Work,Night,Low,Low,Medium,Low,70
80.82,65.9,3.47,42,25,Yes,Confined Space,Morning,Medium,Medium,High,Low,40
85.07,38.5,2.2,23,26,Yes,Hot Work,Morning,Medium,Low,High,Low,50
51.33,76.39,1.66,63,30,No,Confined Space,Night,Low,Medium,Medium,Low,70
14.19,94.47,8.94,58,11,No,Hot Work,Evening,Low,High,Low,High,60
99.38,96.27,2.28,66,24,No,Normal,Morning,High,High,High,Low,40
47.36,99.85,6.56,60,8,Yes,Hot Work,Night,Low,High,Low,Medium,50
65.82,41.82,1.09,20,6,Yes,Normal,Night,Medium,Low,Medium,Low,65
86.89,30.48,2.91,32,14,No,Confined Space,Evening,Medium,Low,High,Low,70
32.18,59.39,3.18,46,27,No,Hot Work,Morning,Low,Low,Low,Low,90
73.94,98.1,2.95,62,2,Yes,Normal,Evening,Medium,High,Medium,Low,55
39.74,65.87,8.58,21,3,Yes,Normal,Night,Low,Medium,Low,High,50
66.57,75.21,2.86,39,15,No,Normal,Morning,Medium,Medium,Medium,Low,75
0.39,32.29,5.84,49,16,No,Normal,Night,Low,Low,Low,Medium,80
31.98,31.99,5.11,68,7,Yes,Hot Work,Morning,Low,Low,Low,Medium,80
79.38,67.96,3.38,43,27,No,Confined Space,Night,Medium,Medium,High,Low,55
89.6,31.18,6.55,32,27,No,Confined Space,Evening,Medium,Low,High,Medium,50
42.46,99.72,8.82,65,7,Yes,Hot Work,Night,Low,High,Low,High,40
13.11,73.36,8.6,29,27,No,Normal,Morning,Low,Medium,Low,High,60
51.54,90.26,2.06,54,7,No,Confined Space,Morning,Low,High,Medium,Low,80
47.7,41.1,1.71,28,25,Yes,Normal,Night,Low,Low,Low,Low,70
19.38,97.04,7.14,78,27,Yes,Confined Space,Morning,Low,High,Low,Medium,50
29.29,49.99,8.61,27,8,Yes,Confined Space,Night,Low,Low,Low,High,60
20.52,87.32,1.71,22,30,No,Hot Work,Evening,Low,High,Low,Low,70
39.32,73.45,3.52,33,21,Yes,Confined Space,Evening,Low,Medium,Low,Low,70
20.54,71.53,8.34,44,6,No,Hot Work,Morning,Low,Medium,Low,High,70
87.77,33.32,5.32,46,3,No,Confined Space,Morning,Medium,Low,High,Medium,60
21.42,31.63,1.89,62,22,No,Confined Space,Evening,Low,Low,Low,Low,90
26.8,35.76,3.57,78,23,No,Confined Space,Evening,Low,Low,Low,Low,90
91.19,81.05,8.18,49,24,No,Hot Work,Evening,High,High,High,High,20
56.26,66.32,5.51,37,24,Yes,Hot Work,Morning,Low,Medium,Medium,Medium,60
86.64,40.9,5.5,73,25,Yes,Hot Work,Night,Medium,Low,High,Medium,30
77.31,40.2,2.14,79,6,Yes,Hot Work,Morning,Medium,Low,High,Low,75
55.12,44.77,7.63,30,22,No,Normal,Morning,Low,Low,Medium,Medium,80
57.5,46.32,7.8,25,4,Yes,Normal,Morning,Low,Low,Medium,Medium,80
21.3,84.51,3.9,90,30,No,Confined Space,Night,Low,High,Low,Low,60
76.49,41.53,3.38,72,29,No,Normal,Night,Medium,Low,High,Low,65
79.23,65.47,2.79,42,2,No,Normal,Evening,Medium,Medium,High,Low,75
51.34,36.87,9.97,33,2,Yes,Normal,Evening,Low,Low,Medium,High,70
59.45,51.22,6.49,43,27,Yes,Normal,Morning,Low,Low,Medium,Medium,70
1.91,66.17,2.39,40,7,Yes,Confined Space,Morning,Low,Medium,Low,Low,80
63.72,30.66,5.95,32,14,Yes,Hot Work,Night,Medium,Low,Medium,Medium,55
89.03,38.2,6.68,49,11,Yes,Hot Work,Morning,Medium,Low,High,Medium,50
72.6,74.02,2.52,27,6,Yes,Normal,Evening,Medium,Medium,Medium,Low,65
24.37,32.04,8.62,70,9,Yes,Normal,Night,Low,Low,Low,High,60
82.6,64.96,5.51,89,9,Yes,Confined Space,Night,Medium,Medium,High,Medium,30
91.97,91.49,5.39,67,4,Yes,Hot Work,Morning,High,High,High,Medium,30
20.31,60.62,8.0,60,29,Yes,Normal,Night,Low,Medium,Low,Medium,50
23.68,26.71,6.75,51,25,No,Normal,Evening,Low,Low,Low,Medium,80
16.32,53.26,1.88,47,9,No,Hot Work,Morning,Low,Low,Low,Low,100
74.63,35.7,4.67,37,16,No,Normal,Night,Medium,Low,Medium,Low,75
18.25,89.48,7.51,68,15,No,Hot Work,Night,Low,High,Low,Medium,60
33.11,37.88,6.96,68,1,Yes,Confined Space,Night,Low,Low,Low,Medium,70
5.65,96.94,6.86,20,28,Yes,Normal,Evening,Low,High,Low,Medium,50
58.75,59.5,1.78,78,22,No,Hot Work,Night,Low,Low,Medium,Low,80
19.87,80.69,1.99,20,10,Yes,Confined Space,Evening,Low,High,Low,Low,70
57.51,92.64,1.06,74,28,Yes,Hot Work,Evening,Low,High,Medium,Low,60
82.05,78.19,9.01,58,13,Yes,Normal,Morning,High,Medium,High,High,30
2.93,82.17,9.1,60,17,No,Normal,Evening,Low,High,Low,High,60
34.99,76.92,7.74,48,27,No,Confined Space,Morning,Low,Medium,Low,Medium,70
97.26,70.9,5.31,41,1,Yes,Confined Space,Night,High,Medium,High,Medium,30
63.03,25.42,6.71,39,7,Yes,Hot Work,Morning,Medium,Low,Medium,Medium,65
34.28,38.84,9.96,42,29,Yes,Normal,Evening,Low,Low,Low,High,60
37.75,77.11,6.55,57,6,No,Confined Space,Evening,Low,Medium,Low,Medium,80
72.0,81.51,1.65,88,15,No,Confined Space,Morning,Medium,High,Medium,Low,65
74.11,66.34,4.24,90,8,No,Confined Space,Evening,Medium,Medium,Medium,Low,75
70.02,41.11,8.47,74,26,No,Confined Space,Night,Medium,Low,Medium,High,45
83.63,40.21,6.72,21,20,No,Hot Work,Night,Medium,Low,High,Medium,50
43.2,32.74,3.66,31,18,Yes,Normal,Night,Low,Low,Low,Low,80
29.82,97.67,4.02,88,28,Yes,Normal,Evening,Low,High,Low,Low,60
90.74,29.82,1.94,28,24,No,Confined Space,Morning,Medium,Low,High,Low,60
81.24,91.99,3.24,55,22,Yes,Confined Space,Evening,High,High,High,Low,30
12.92,75.05,1.23,25,15,No,Confined Space,Night,Low,Medium,Low,Low,80
79.84,33.57,1.86,86,3,Yes,Hot Work,Morning,Medium,Low,High,Low,75
50.76,82.1,3.76,84,17,No,Confined Space,Morning,Low,High,Medium,Low,80
52.11,84.24,7.77,67,19,No,Normal,Night,Low,High,Medium,Medium,60
64.95,24.35,7.07,81,20,Yes,Confined Space,Evening,Medium,Low,Medium,Medium,65
68.74,64.84,9.48,22,10,Yes,Confined Space,Morning,Medium,Medium,Medium,High,45
26.59,69.33,2.44,52,15,Yes,Confined Space,Evening,Low,Medium,Low,Low,80
15.82,87.54,9.67,87,18,Yes,Hot Work,Morning,Low,High,Low,High,50
96.08,59.98,5.21,67,27,No,Confined Space,Evening,Medium,Low,High,Medium,50
66.42,21.29,8.87,37,28,No,Hot Work,Evening,Medium,Low,Medium,High,55
8.23,73.48,5.89,54,12,Yes,Hot Work,Evening,Low,Medium,Low,Medium,70
59.22,73.37,1.78,54,7,No,Normal,Evening,Low,Medium,Medium,Low,90
4.54,78.05,9.29,44,7,No,Confined Space,Morning,Low,Medium,Low,High,70
94.13,63.12,3.55,40,12,No,Confined Space,Night,Medium,Medium,High,Low,50
65.48,22.07,8.1,59,27,No,Hot Work,Evening,Medium,Low,Medium,High,55
66.66,49.0,4.9,41,17,Yes,Confined Space,Night,Medium,Low,Medium,Low,65
60.63,24.3,2.93,42,21,Yes,Normal,Night,Medium,Low,Medium,Low,55
48.59,39.7,4.51,62,20,No,Confined Space,Evening,Low,Low,Low,Low,100
65.8,60.52,2.77,56,5,No,Normal,Evening,Medium,Medium,Medium,Low,75
82.39,81.39,8.81,33,30,No,Hot Work,Morning,High,High,High,High,20
76.16,83.14,8.72,35,29,No,Hot Work,Morning,Medium,High,High,High,35
37.5,67.54,8.38,26,17,Yes,Normal,Evening,Low,Medium,Low,High,60
93.6,75.45,4.69,52,9,Yes,Hot Work,Evening,High,Medium,High,Low,50
37.71,82.78,3.39,55,24,Yes,Hot Work,Evening,Low,High,Low,Low,60
9.58,34.59,5.41,80,18,No,Normal,Morning,Low,Low,Low,Medium,90
36.29,48.24,5.16,85,5,No,Normal,Night,Low,Low,Low,Medium,80
97.12,40.82,7.88,52,9,Yes,Confined Space,Morning,Medium,Low,High,Medium,50
91.76,82.7,3.48,32,5,Yes,Normal,Night,High,High,High,Low,30
23.1,80.34,3.92,80,28,No,Hot Work,Evening,Low,High,Low,Low,70
85.0,68.52,2.6,74,9,No,Hot Work,Morning,Medium,Medium,High,Low,60
48.36,39.62,6.85,24,26,Yes,Confined Space,Morning,Low,Low,Low,Medium,70
38.12,68.01,5.64,50,29,No,Normal,Evening,Low,Medium,Low,Medium,70
11.39,27.51,9.73,67,5,No,Normal,Evening,Low,Low,Low,High,80
54.86,72.81,7.79,86,15,Yes,Normal,Morning,Low,Medium,Medium,Medium,70
72.52,43.46,7.73,90,3,No,Confined Space,Morning,Medium,Low,Medium,Medium,75
11.91,74.47,7.74,63,7,Yes,Hot Work,Evening,Low,Medium,Low,Medium,70
21.82,81.46,7.04,31,16,No,Normal,Evening,Low,High,Low,Medium,70
70.77,89.86,5.63,68,2,Yes,Normal,Evening,Medium,High,Medium,Medium,45
29.76,23.26,5.11,49,1,No,Confined Space,Night,Low,Low,Low,Medium,80
6.03,85.63,6.46,31,4,No,Hot Work,Morning,Low,High,Low,Medium,70
33.3,61.74,7.69,56,13,No,Confined Space,Night,Low,Medium,Low,Medium,70
39.85,22.39,6.97,54,24,Yes,Confined Space,Night,Low,Low,Low,Medium,60
82.45,89.47,9.64,65,14,No,Hot Work,Morning,High,High,High,High,30
22.36,56.01,2.37,58,5,No,Confined Space,Morning,Low,Low,Low,Low,100
78.11,49.25,8.48,78,26,No,Hot Work,Evening,Medium,Low,High,High,55
2.03,30.54,1.54,38,10,No,Hot Work,Morning,Low,Low,Low,Low,100
80.48,54.51,7.41,65,3,No,Normal,Morning,Medium,Low,High,Medium,60
94.4,35.25,9.1,71,8,Yes,Normal,Evening,Medium,Low,High,High,40
84.75,60.63,6.73,53,18,Yes,Hot Work,Evening,Medium,Medium,High,Medium,40
85.37,23.95,1.8,31,5,Yes,Normal,Night,Medium,Low,High,Low,50
15.38,66.5,3.69,79,26,No,Hot Work,Morning,Low,Medium,Low,Low,80
92.18,57.62,2.32,31,6,Yes,Normal,Evening,Medium,Low,High,Low,60
12.09,88.56,4.73,30,13,No,Confined Space,Morning,Low,High,Low,Low,80
40.31,54.06,7.51,26,14,No,Hot Work,Morning,Low,Low,Low,Medium,90
49.28,99.78,5.86,59,23,No,Hot Work,Night,Low,High,Low,Medium,50
36.55,25.95,3.29,40,25,Yes,Confined Space,Night,Low,Low,Low,Low,70
97.99,59.28,7.48,27,5,No,Normal,Morning,Medium,Low,High,Medium,60
33.1,78.7,1.56,68,20,Yes,Hot Work,Evening,Low,Medium,Low,Low,80
58.17,33.12,9.96,38,15,Yes,Confined Space,Morning,Low,Low,Medium,High,70
39.98,53.52,5.06,81,28,Yes,Normal,Evening,Low,Low,Low,Medium,70
47.68,74.21,9.08,86,25,Yes,Confined Space,Morning,Low,Medium,Low,High,50
24.43,95.41,8.11,86,2,No,Confined Space,Night,Low,High,Low,High,50
53.78,32.93,4.15,33,28,Yes,Confined Space,Evening,Low,Low,Medium,Low,80
28.23,45.33,3.7,20,24,Yes,Hot Work,Morning,Low,Low,Low,Low,80
68.59,27.67,7.83,45,16,No,Confined Space,Night,Medium,Low,Medium,Medium,65
72.05,60.08,4.8,28,7,Yes,Hot Work,Morning,Medium,Medium,Medium,Low,65
49.33,44.96,4.25,77,12,Yes,Hot Work,Morning,Low,Low,Low,Low,90
30.37,92.48,7.99,79,13,No,Normal,Morning,Low,High,Low,Medium,70
64.68,63.22,3.53,56,8,Yes,Hot Work,Morning,Medium,Medium,Medium,Low,65
98.5,54.51,9.8,70,28,Yes,Normal,Evening,Medium,Low,High,High,30
92.89,71.82,6.47,36,9,Yes,Hot Work,Evening,High,Medium,High,Medium,40
76.09,74.23,2.09,61,23,Yes,Hot Work,Evening,Medium,Medium,High,Low,55
57.36,49.57,1.18,74,7,Yes,Hot Work,Night,Low,Low,Medium,Low,80
71.22,41.63,2.52,58,27,No,Normal,Night,Medium,Low,Medium,Low,65
66.65,71.24,9.37,88,27,Yes,Hot Work,Evening,Medium,Medium,Medium,High,35
2.82,36.5,3.57,72,28,Yes,Hot Work,Evening,Low,Low,Low,Low,80
66.32,85.33,9.44,22,20,No,Normal,Morning,Medium,High,Medium,High,45
32.01,41.97,6.11,29,17,No,Confined Space,Night,Low,Low,Low,Medium,80
15.22,82.82,4.4,39,19,No,Confined Space,Evening,Low,High,Low,Low,80
10.29,67.82,1.16,59,20,Yes,Normal,Evening,Low,Medium,Low,Low,80
10.92,54.13,2.24,32,25,No,Normal,Evening,Low,Low,Low,Low,90
58.27,55.55,1.91,61,7,No,Confined Space,Night,Low,Low,Medium,Low,90
18.46,49.2,3.81,57,22,Yes,Normal,Evening,Low,Low,Low,Low,80
42.23,76.58,4.43,26,29,No,Normal,Evening,Low,Medium,Low,Low,80
12.53,86.66,8.38,60,16,No,Normal,Night,Low,High,Low,High,50
56.19,69.89,3.98,44,22,No,Confined Space,Night,Low,Medium,Medium,Low,70
23.81,85.42,9.53,69,15,No,Normal,Evening,Low,High,Low,High,60
24.34,45.02,7.66,45,8,Yes,Hot Work,Evening,Low,Low,Low,Medium,80
37.73,92.38,4.75,41,6,Yes,Normal,Evening,Low,High,Low,Low,70
0.93,51.35,6.82,85,15,Yes,Confined Space,Night,Low,Low,Low,Medium,70
41.47,78.22,7.27,32,4,No,Confined Space,Night,Low,Medium,Low,Medium,70
81.63,85.03,8.85,45,19,No,Hot Work,Evening,High,High,High,High,30
76.95,92.48,5.06,81,28,Yes,Confined Space,Evening,Medium,High,High,Medium,35
42.55,24.46,9.12,72,25,No,Normal,Morning,Low,Low,Low,High,70
82.88,43.8,2.07,70,30,No,Confined Space,Evening,Medium,Low,High,Low,60
98.31,31.78,7.79,73,4,No,Confined Space,Morning,Medium,Low,High,Medium,60
25.05,86.24,6.43,51,17,No,Normal,Night,Low,High,Low,Medium,60
93.44,86.28,4.8,85,15,No,Confined Space,Night,High,High,High,Low,40
57.51,96.08,3.34,90,29,Yes,Confined Space,Evening,Low,High,Medium,Low,60
78.87,39.5,3.85,38,7,Yes,Confined Space,Night,Medium,Low,High,Low,65
44.79,71.23,2.97,80,28,Yes,Confined Space,Evening,Low,Medium,Low,Low,70
27.31,20.16,7.82,22,3,No,Normal,Evening,Low,Low,Low,Medium,90
20.19,32.84,3.22,51,19,Yes,Hot Work,Night,Low,Low,Low,Low,80
43.28,81.32,2.05,78,19,Yes,Hot Work,Morning,Low,High,Low,Low,70
28.57,28.42,5.79,88,23,Yes,Confined Space,Night,Low,Low,Low,Medium,60
17.78,55.27,5.42,74,6,No,Hot Work,Morning,Low,Low,Low,Medium,90
42.29,85.21,7.55,83,16,Yes,Normal,Night,Low,High,Low,Medium,50
7.9,45.31,5.29,32,26,Yes,Normal,Evening,Low,Low,Low,Medium,70
60.2,53.68,1.16,59,9,No,Normal,Night,Medium,Low,Medium,Low,75
13.16,52.76,4.55,39,16,No,Confined Space,Morning,Low,Low,Low,Low,100
66.16,54.91,1.26,78,8,Yes,Hot Work,Night,Medium,Low,Medium,Low,65
17.37,90.26,5.08,58,17,Yes,Confined Space,Evening,Low,High,Low,Medium,60
46.82,88.48,2.55,83,16,Yes,Hot Work,Morning,Low,High,Low,Low,70
76.13,43.93,8.52,57,9,Yes,Confined Space,Evening,Medium,Low,High,High,55
4.55,86.23,3.82,23,4,Yes,Hot Work,Night,Low,High,Low,Low,60
5.38,71.18,9.19,43,7,Yes,Confined Space,Evening,Low,Medium,Low,High,60
73.99,49.56,4.82,81,8,Yes,Hot Work,Morning,Medium,Low,Medium,Low,75
88.52,58.61,2.53,84,8,No,Confined Space,Morning,Medium,Low,High,Low,70
64.51,57.86,1.15,84,3,No,Normal,Night,Medium,Low,Medium,Low,75
16.22,96.86,5.1,50,28,No,Confined Space,Morning,Low,High,Low,Medium,60
94.25,61.25,3.8,49,9,No,Normal,Evening,Medium,Medium,High,Low,60
46.85,96.52,5.17,30,1,Yes,Hot Work,Morning,Low,High,Low,Medium,60
82.0,33.03,2.2,23,11,No,Confined Space,Night,Medium,Low,High,Low,60
33.68,98.5,7.65,72,11,Yes,Hot Work,Evening,Low,High,Low,Medium,60
25.73,98.46,9.57,85,10,Yes,Normal,Morning,Low,High,Low,High,50
51.77,83.52,9.51,35,3,No,Hot Work,Evening,Low,High,Medium,High,60
48.41,81.24,7.36,39,17,No,Normal,Evening,Low,High,Low,Medium,70
71.85,27.74,8.16,60,28,No,Normal,Evening,Medium,Low,Medium,High,55
5.4,76.58,4.98,41,20,No,Confined Space,Morning,Low,Medium,Low,Low,90
31.77,31.38,6.78,87,12,No,Confined Space,Evening,Low,Low,Low,Medium,90
92.33,87.67,9.23,37,1,No,Confined Space,Morning,High,High,High,High,30
43.51,99.51,3.43,34,22,No,Hot Work,Morning,Low,High,Low,Low,70
16.92,90.13,7.77,73,15,No,Hot Work,Evening,Low,High,Low,Medium,70
68.1,85.96,6.32,57,18,No,Confined Space,Night,Medium,High,Medium,Medium,45
43.47,20.02,5.72,57,13,Yes,Normal,Night,Low,Low,Low,Medium,70
27.1,78.69,3.56,57,30,Yes,Normal,Evening,Low,Medium,Low,Low,70
54.94,87.99,8.13,49,5,No,Normal,Night,Low,High,Medium,High,50
48.61,79.56,3.67,27,19,Yes,Confined Space,Night,Low,Medium,Low,Low,70
13.9,24.87,4.88,55,18,Yes,Hot Work,Night,Low,Low,Low,Low,80
47.61,93.7,1.42,68,4,No,Normal,Morning,Low,High,Low,Low,80
47.07,45.62,5.43,89,11,No,Hot Work,Morning,Low,Low,Low,Medium,90
37.15,97.77,6.51,90,4,Yes,Normal,Night,Low,High,Low,Medium,50
57.12,87.65,3.4,46,13,Yes,Hot Work,Morning,Low,High,Medium,Low,70
41.73,85.04,4.67,59,10,No,Hot Work,Night,Low,High,Low,Low,70
1.68,55.05,4.6,80,25,No,Hot Work,Night,Low,Low,Low,Low,80
34.95,42.79,2.6,31,28,Yes,Hot Work,Night,Low,Low,Low,Low,70
87.12,85.05,3.01,42,18,No,Confined Space,Morning,High,High,High,Low,50
27.68,22.92,8.15,85,9,Yes,Hot Work,Morning,Low,Low,Low,High,70
81.85,99.79,6.08,52,10,No,Hot Work,Night,High,High,High,Medium,30
75.1,21.59,3.31,75,27,No,Normal,Evening,Medium,Low,High,Low,75
73.21,91.91,9.49,89,9,Yes,Confined Space,Morning,Medium,High,Medium,High,35
66.67,42.61,3.38,71,4,No,Hot Work,Night,Medium,Low,Medium,Low,75
65.0,38.93,3.4,58,21,Yes,Hot Work,Evening,Medium,Low,Medium,Low,65
81.26,79.07,4.36,33,14,Yes,Confined Space,Night,High,Medium,High,Low,40
66.69,95.5,5.9,25,29,No,Normal,Night,Medium,High,Medium,Medium,35
61.76,28.3,9.7,30,26,No,Confined Space,Evening,Medium,Low,Medium,High,55
18.45,90.66,3.93,24,7,Yes,Confined Space,Morning,Low,High,Low,Low,70
35.26,32.72,1.54,32,21,Yes,Hot Work,Night,Low,Low,Low,Low,70
70.61,51.62,2.96,85,23,Yes,Normal,Night,Medium,Low,Medium,Low,55
0.83,24.56,5.67,66,23,No,Hot Work,Night,Low,Low,Low,Medium,70
2.88,46.98,6.82,22,18,Yes,Normal,Morning,Low,Low,Low,Medium,80
73.09,91.57,9.64,73,3,Yes,Confined Space,Morning,Medium,High,Medium,High,35
79.04,95.32,2.71,76,12,No,Normal,Night,Medium,High,High,Low,55
75.2,62.75,2.92,73,26,No,Confined Space,Night,Medium,Medium,High,Low,55
65.23,42.81,9.15,55,18,No,Confined Space,Morning,Medium,Low,Medium,High,65
9.01,82.42,7.01,64,25,No,Hot Work,Evening,Low,High,Low,Medium,60
80.78,61.38,6.49,61,18,No,Confined Space,Evening,Medium,Medium,High,Medium,50
20.78,77.83,9.8,30,21,No,Confined Space,Night,Low,Medium,Low,High,50
37.02,89.34,6.87,24,30,No,Confined Space,Evening,Low,High,Low,Medium,60
93.1,83.52,3.47,79,7,No,Hot Work,Morning,High,High,High,Low,50
22.16,51.23,5.5,57,22,Yes,Normal,Morning,Low,Low,Low,Medium,70
28.18,41.52,6.99,63,8,Yes,Hot Work,Night,Low,Low,Low,Medium,70
14.77,90.43,7.28,82,23,No,Normal,Evening,Low,High,Low,Medium,60
10.44,89.43,2.13,32,14,No,Normal,Night,Low,High,Low,Low,70
2.8,28.37,8.79,44,20,No,Hot Work,Evening,Low,Low,Low,High,80
32.91,25.04,5.98,31,23,No,Confined Space,Night,Low,Low,Low,Medium,70
91.76,73.71,2.08,62,24,Yes,Hot Work,Night,High,Medium,High,Low,30
66.15,35.4,7.53,63,28,Yes,Confined Space,Morning,Medium,Low,Medium,Medium,55
15.33,61.99,2.44,27,23,Yes,Confined Space,Morning,Low,Medium,Low,Low,70
5.98,57.86,1.84,32,2,No,Confined Space,Evening,Low,Low,Low,Low,100
94.81,76.07,3.07,30,14,Yes,Hot Work,Evening,High,Medium,High,Low,50
3.76,24.29,7.95,62,17,No,Hot Work,Night,Low,Low,Low,Medium,80
67.37,69.84,6.64,53,27,Yes,Normal,Night,Medium,Medium,Medium,Medium,35
34.39,59.27,5.61,25,16,Yes,Confined Space,Evening,Low,Low,Low,Medium,80
0.7,99.15,2.12,37,11,No,Confined Space,Evening,Low,High,Low,Low,80
63.87,61.59,6.57,61,7,No,Normal,Morning,Medium,Medium,Medium,Medium,65
32.32,79.88,5.19,44,8,No,Normal,Night,Low,Medium,Low,Medium,70
12.55,95.61,8.23,74,25,Yes,Confined Space,Evening,Low,High,Low,High,40
34.11,87.33,7.79,65,2,Yes,Hot Work,Evening,Low,High,Low,Medium,60
78.13,88.31,2.79,79,15,Yes,Hot Work,Morning,Medium,High,High,Low,55
9.96,55.19,6.8,64,3,Yes,Confined Space,Night,Low,Low,Low,Medium,70
81.69,51.82,7.95,88,1,No,Hot Work,Evening,Medium,Low,High,Medium,60
50.48,76.93,4.88,76,1,Yes,Normal,Morning,Low,Medium,Medium,Low,80
62.31,94.21,2.86,56,13,Yes,Confined Space,Night,Medium,High,Medium,Low,45
47.79,87.64,9.19,41,28,No,Confined Space,Morning,Low,High,Low,High,50
78.54,86.54,1.97,82,28,Yes,Normal,Night,Medium,High,High,Low,35
78.97,36.34,2.73,43,18,Yes,Confined Space,Morning,Medium,Low,High,Low,75
76.79,55.22,8.44,86,9,No,Normal,Night,Medium,Low,High,High,55
25.4,21.65,1.07,42,23,No,Confined Space,Night,Low,Low,Low,Low,80
71.43,36.07,6.86,85,13,No,Confined Space,Evening,Medium,Low,Medium,Medium,75
20.37,90.09,8.03,37,21,No,Hot Work,Evening,Low,High,Low,High,50
19.2,85.2,5.29,88,9,Yes,Normal,Morning,Low,High,Low,Medium,60
12.64,99.26,7.99,23,24,No,Normal,Night,Low,High,Low,Medium,50
21.94,30.71,1.89,73,8,Yes,Normal,Night,Low,Low,Low,Low,80
95.21,84.77,1.03,46,15,No,Confined Space,Morning,High,High,High,Low,50
60.79,49.27,4.46,53,22,No,Normal,Evening,Medium,Low,Medium,Low,75
8.48,38.0,8.99,34,4,Yes,Confined Space,Night,Low,Low,Low,High,60
48.19,70.51,8.01,68,19,Yes,Hot Work,Morning,Low,Medium,Low,High,60
13.21,30.61,3.5,51,29,Yes,Normal,Morning,Low,Low,Low,Low,80
59.19,52.42,6.24,33,13,Yes,Normal,Night,Low,Low,Medium,Medium,70
13.79,79.19,3.07,54,22,No,Normal,Night,Low,Medium,Low,Low,70
40.44,20.34,5.78,52,27,No,Hot Work,Morning,Low,Low,Low,Medium,80
3.15,68.48,9.61,77,25,No,Normal,Night,Low,Medium,Low,High,50
49.38,31.74,3.53,85,10,Yes,Confined Space,Morning,Low,Low,Low,Low,90
8.33,42.97,2.66,80,30,Yes,Hot Work,Morning,Low,Low,Low,Low,80
60.88,30.66,9.96,55,7,No,Hot Work,Evening,Medium,Low,Medium,High,65
98.62,36.98,9.43,48,24,No,Normal,Morning,Medium,Low,High,High,40
94.31,60.85,9.39,38,25,No,Confined Space,Night,Medium,Medium,High,High,20
66.46,50.59,2.7,84,28,Yes,Hot Work,Night,Medium,Low,Medium,Low,55
35.52,92.87,5.8,38,5,No,Confined Space,Evening,Low,High,Low,Medium,70
74.52,45.45,3.05,40,16,Yes,Hot Work,Evening,Medium,Low,Medium,Low,75
42.47,23.95,7.15,90,14,No,Confined Space,Morning,Low,Low,Low,Medium,90
6.53,46.35,4.96,53,10,Yes,Normal,Night,Low,Low,Low,Low,80
79.7,65.09,7.71,86,25,No,Hot Work,Night,Medium,Medium,High,Medium,45
55.69,42.3,5.88,88,17,Yes,Normal,Evening,Low,Low,Medium,Medium,80
17.15,84.36,5.4,57,22,Yes,Confined Space,Morning,Low,High,Low,Medium,50
12.53,46.02,5.11,34,25,No,Hot Work,Evening,Low,Low,Low,Medium,80
39.75,91.1,5.71,33,11,Yes,Confined Space,Evening,Low,High,Low,Medium,60
54.63,80.39,2.41,34,22,Yes,Confined Space,Evening,Low,High,Medium,Low,60
11.16,68.83,3.01,57,24,No,Hot Work,Evening,Low,Medium,Low,Low,80
49.37,31.49,1.89,29,11,No,Hot Work,Night,Low,Low,Low,Low,90
65.79,85.74,6.13,39,28,No,Hot Work,Night,Medium,High,Medium,Medium,35
99.11,23.73,9.98,49,14,Yes,Normal,Night,Medium,Low,High,High,30
34.98,80.38,5.4,59,10,No,Normal,Night,Low,High,Low,Medium,60
75.67,55.75,1.47,26,13,Yes,Hot Work,Evening,Medium,Low,High,Low,75
82.22,70.03,4.73,61,18,No,Normal,Morning,High,Medium,High,Low,60
56.04,59.48,8.3,49,17,Yes,Normal,Evening,Low,Low,Medium,High,70
95.48,45.43,1.9,22,20,Yes,Confined Space,Morning,Medium,Low,High,Low,60
55.26,55.28,2.15,83,10,No,Normal,Evening,Low,Low,Medium,Low,100
90.68,46.55,5.04,54,30,Yes,Normal,Morning,Medium,Low,High,Medium,40
65.41,66.83,6.1,58,19,Yes,Normal,Evening,Medium,Medium,Medium,Medium,55
98.92,65.1,5.2,53,20,No,Confined Space,Morning,Medium,Medium,High,Medium,50
51.26,75.92,3.44,25,28,No,Normal,Morning,Low,Medium,Medium,Low,80
29.74,60.87,3.08,27,13,Yes,Normal,Evening,Low,Medium,Low,Low,80
4.18,69.87,4.32,62,16,No,Confined Space,Evening,Low,Medium,Low,Low,90
69.05,53.49,3.93,47,5,Yes,Confined Space,Night,Medium,Low,Medium,Low,65
82.41,81.6,2.18,28,18,Yes,Hot Work,Night,High,High,High,Low,30
78.63,80.93,7.79,42,12,No,Confined Space,Morning,Medium,High,High,Medium,55
86.11,41.96,3.29,22,10,Yes,Hot Work,Night,Medium,Low,High,Low,50
77.01,86.92,1.35,30,15,Yes,Hot Work,Morning,Medium,High,High,Low,55
33.63,83.97,5.97,31,22,Yes,Hot Work,Evening,Low,High,Low,Medium,50
7.74,54.26,5.17,39,5,No,Normal,Morning,Low,Low,Low,Medium,90
31.64,80.55,3.47,67,20,Yes,Hot Work,Morning,Low,High,Low,Low,70
17.49,63.85,4.75,39,13,Yes,Normal,Night,Low,Medium,Low,Low,70
77.57,92.17,2.93,72,23,No,Confined Space,Night,Medium,High,High,Low,45
35.33,78.93,8.3,90,8,No,Normal,Morning,Low,Medium,Low,High,70
13.09,72.31,6.1,52,1,No,Hot Work,Evening,Low,Medium,Low,Medium,80
22.95,82.98,4.76,55,4,No,Hot Work,Night,Low,High,Low,Low,70
92.15,99.67,2.59,29,2,Yes,Hot Work,Evening,High,High,High,Low,40
80.35,84.43,8.99,43,9,No,Confined Space,Morning,High,High,High,High,30
48.8,35.03,7.89,83,18,No,Normal,Evening,Low,Low,Low,Medium,90
55.99,38.08,3.32,35,4,No,Confined Space,Evening,Low,Low,Medium,Low,100
86.17,80.92,2.9,47,10,Yes,Normal,Evening,High,High,High,Low,40
88.62,67.36,8.09,47,19,Yes,Normal,Morning,Medium,Medium,High,High,30
5.54,34.31,7.62,20,1,No,Normal,Night,Low,Low,Low,Medium,80
33.89,93.31,2.38,85,8,Yes,Normal,Evening,Low,High,Low,Low,70
68.51,93.01,1.17,33,7,No,Confined Space,Evening,Medium,High,Medium,Low,65
78.41,42.25,5.33,30,26,Yes,Confined Space,Morning,Medium,Low,High,Medium,55
34.11,92.98,4.01,39,12,No,Confined Space,Morning,Low,High,Low,Low,80
78.46,36.17,9.84,81,27,Yes,Hot Work,Night,Medium,Low,High,High,35
80.67,64.57,3.53,62,3,No,Hot Work,Night,Medium,Medium,High,Low,50
44.07,64.86,3.28,22,3,No,Hot Work,Night,Low,Medium,Low,Low,80
45.82,62.91,8.03,48,24,No,Hot Work,Morning,Low,Medium,Low,High,60
98.21,84.89,9.67,46,3,No,Hot Work,Evening,High,High,High,High,30
62.38,43.19,9.41,20,16,No,Hot Work,Evening,Medium,Low,Medium,High,65
23.74,89.26,4.65,77,8,Yes,Confined Space,Evening,Low,High,Low,Low,70
23.69,86.65,9.19,65,22,No,Normal,Morning,Low,High,Low,High,50
28.62,93.31,3.81,37,13,Yes,Normal,Morning,Low,High,Low,Low,70
57.81,27.07,7.79,35,7,Yes,Normal,Morning,Low,Low,Medium,Medium,80
42.92,75.26,7.94,36,5,No,Confined Space,Night,Low,Medium,Low,Medium,70
7.15,46.72,7.18,46,30,No,Confined Space,Night,Low,Low,Low,Medium,70
86.6,69.74,9.87,30,18,No,Hot Work,Morning,Medium,Medium,High,High,40
72.95,68.1,3.64,52,12,No,Confined Space,Morning,Medium,Medium,Medium,Low,75
49.2,31.36,3.58,54,2,No,Hot Work,Night,Low,Low,Low,Low,90
56.45,54.71,8.98,22,30,Yes,Confined Space,Morning,Low,Low,Medium,High,60
67.92,89.06,8.74,22,8,No,Hot Work,Night,Medium,High,Medium,High,35
83.53,70.64,5.87,87,8,No,Normal,Night,High,Medium,High,Medium,40
4.53,75.88,8.1,25,7,No,Normal,Evening,Low,Medium,Low,High,70
47.93,63.75,9.12,32,6,Yes,Hot Work,Night,Low,Medium,Low,High,50
5.44,34.02,7.19,36,4,Yes,Hot Work,Evening,Low,Low,Low,Medium,80
54.61,87.89,7.04,75,29,No,Hot Work,Evening,Low,High,Medium,Medium,60
64.16,76.02,2.61,68,23,No,Normal,Morning,Medium,Medium,Medium,Low,65
78.66,59.19,8.11,35,29,No,Hot Work,Night,Medium,Low,High,High,45
79.36,34.3,9.55,76,3,No,Normal,Evening,Medium,Low,High,High,65
75.28,31.7,1.5,27,16,Yes,Normal,Night,Medium,Low,High,Low,65
74.19,65.86,1.85,58,27,No,Hot Work,Evening,Medium,Medium,Medium,Low,65
7.75,41.71,7.51,47,13,No,Confined Space,Morning,Low,Low,Low,Medium,90
32.74,94.22,1.02,86,25,Yes,Normal,Night,Low,High,Low,Low,50
98.07,85.28,5.66,77,13,Yes,Hot Work,Night,High,High,High,Medium,20
67.49,81.63,3.25,88,10,No,Confined Space,Morning,Medium,High,Medium,Low,65
62.56,35.5,1.7,69,30,Yes,Hot Work,Night,Medium,Low,Medium,Low,55
95.35,96.96,9.13,43,27,No,Confined Space,Morning,High,High,High,High,20
17.91,65.44,9.49,87,5,No,Confined Space,Night,Low,Medium,Low,High,60
47.51,23.61,8.39,83,10,No,Hot Work,Night,Low,Low,Low,High,70
38.72,96.02,9.06,68,10,Yes,Normal,Evening,Low,High,Low,High,50
85.38,36.97,2.03,24,2,No,Confined Space,Morning,Medium,Low,High,Low,70
14.84,65.37,9.45,52,7,Yes,Hot Work,Night,Low,Medium,Low,High,50
63.79,64.4,8.31,55,22,No,Normal,Night,Medium,Medium,Medium,High,35
77.21,46.01,4.68,81,21,No,Hot Work,Morning,Medium,Low,High,Low,75
65.94,33.43,9.13,68,15,No,Hot Work,Evening,Medium,Low,Medium,High,65
64.93,39.05,9.84,25,24,Yes,Hot Work,Morning,Medium,Low,Medium,High,45
25.4,30.8,2.71,81,22,No,Hot Work,Night,Low,Low,Low,Low,80
54.76,63.92,8.44,75,14,Yes,Normal,Evening,Low,Medium,Medium,High,60
72.82,52.28,3.52,24,12,Yes,Hot Work,Evening,Medium,Low,Medium,Low,75
76.45,55.08,5.45,49,17,Yes,Normal,Evening,Medium,Low,High,Medium,65
66.99,51.32,5.59,64,10,No,Normal,Evening,Medium,Low,Medium,Medium,75
68.9,47.01,1.08,53,15,Yes,Hot Work,Evening,Medium,Low,Medium,Low,75
30.08,44.04,1.97,53,5,Yes,Confined Space,Morning,Low,Low,Low,Low,90
16.55,31.47,6.52,46,25,Yes,Confined Space,Night,Low,Low,Low,Medium,60
57.6,70.74,3.12,79,17,No,Normal,Morning,Low,Medium,Medium,Low,90
27.15,58.39,2.91,86,22,Yes,Confined Space,Morning,Low,Low,Low,Low,80
7.44,84.53,1.11,50,21,No,Confined Space,Evening,Low,High,Low,Low,70
48.67,98.43,2.97,46,21,Yes,Normal,Morning,Low,High,Low,Low,60
84.88,79.22,8.24,46,1,Yes,Confined Space,Night,High,Medium,High,High,20
32.32,43.09,3.66,35,24,No,Hot Work,Night,Low,Low,Low,Low,80
60.44,70.74,5.17,22,8,Yes,Confined Space,Evening,Medium,Medium,Medium,Medium,55
33.92,20.72,4.37,54,9,Yes,Normal,Morning,Low,Low,Low,Low,90
51.53,23.39,5.91,69,28,No,Normal,Night,Low,Low,Medium,Medium,70
66.46,78.75,4.07,53,22,Yes,Hot Work,Morning,Medium,Medium,Medium,Low,55
15.52,46.31,4.67,37,12,Yes,Confined Space,Evening,Low,Low,Low,Low,90
1.96,93.76,6.85,38,16,No,Normal,Evening,Low,High,Low,Medium,70
33.61,91.15,8.62,55,13,No,Confined Space,Night,Low,High,Low,High,50
78.3,36.93,1.09,52,22,Yes,Hot Work,Evening,Medium,Low,High,Low,65
96.52,47.08,2.95,87,20,Yes,Hot Work,Night,Medium,Low,High,Low,50
32.48,87.8,8.3,49,1,No,Hot Work,Evening,Low,High,Low,High,60
56.13,99.91,3.19,44,4,No,Hot Work,Evening,Low,High,Medium,Low,80
54.63,69.67,3.66,63,6,No,Confined Space,Morning,Low,Medium,Medium,Low,90
20.17,93.69,6.84,31,6,No,Normal,Morning,Low,High,Low,Medium,70
34.38,35.4,6.31,90,11,Yes,Confined Space,Evening,Low,Low,Low,Medium,80
60.38,66.69,7.33,57,7,Yes,Normal,Night,Medium,Medium,Medium,Medium,45
82.04,89.08,9.77,22,1,Yes,Normal,Evening,High,High,High,High,20
14.54,56.86,4.48,27,21,No,Confined Space,Night,Low,Low,Low,Low,80
74.48,64.38,4.41,75,29,No,Confined Space,Morning,Medium,Medium,Medium,Low,65
94.37,36.05,5.64,46,11,No,Hot Work,Night,Medium,Low,High,Medium,50
36.96,99.25,6.96,24,7,Yes,Hot Work,Morning,Low,High,Low,Medium,60
68.32,34.93,1.92,42,3,No,Normal,Evening,Medium,Low,Medium,Low,85
75.85,61.02,5.12,65,15,Yes,Hot Work,Morning,Medium,Medium,High,Medium,55
39.19,38.64,8.78,35,6,No,Normal,Morning,Low,Low,Low,High,80
70.66,75.22,5.51,41,14,No,Normal,Morning,Medium,Medium,Medium,Medium,65
0.83,68.28,9.48,23,21,Yes,Normal,Night,Low,Medium,Low,High,40
65.62,41.66,7.33,59,8,No,Normal,Morning,Medium,Low,Medium,Medium,75
86.18,97.22,7.36,81,13,Yes,Confined Space,Morning,High,High,High,Medium,30
73.17,66.6,6.16,30,25,Yes,Confined Space,Morning,Medium,Medium,Medium,Medium,45
71.26,31.42,5.02,37,6,No,Hot Work,Night,Medium,Low,Medium,Medium,65
10.9,95.75,4.17,84,9,No,Confined Space,Evening,Low,High,Low,Low,80
35.71,21.41,5.27,82,18,No,Confined Space,Morning,Low,Low,Low,Medium,90
86.32,55.42,5.54,44,20,No,Confined Space,Night,Medium,Low,High,Medium,50
43.51,66.53,7.7,82,11,No,Normal,Evening,Low,Medium,Low,Medium,80
71.21,25.2,3.78,33,15,Yes,Normal,Evening,Medium,Low,Medium,Low,75
68.02,79.35,4.99,38,25,Yes,Confined Space,Morning,Medium,Medium,Medium,Low,55
53.49,20.46,7.72,89,4,Yes,Hot Work,Evening,Low,Low,Medium,Medium,80
19.74,23.61,5.94,36,18,Yes,Hot Work,Morning,Low,Low,Low,Medium,80
99.84,63.09,2.12,67,6,Yes,Hot Work,Morning,Medium,Medium,High,Low,50
83.01,58.16,9.57,24,23,No,Normal,Morning,Medium,Low,High,High,40
16.03,74.2,8.7,90,19,Yes,Confined Space,Evening,Low,Medium,Low,High,60
19.68,76.82,6.29,77,13,Yes,Normal,Night,Low,Medium,Low,Medium,60
84.08,69.24,3.53,28,21,Yes,Normal,Morning,Medium,Medium,High,Low,40
93.53,39.07,9.19,73,9,No,Normal,Night,Medium,Low,High,High,40
59.65,36.24,6.84,67,5,Yes,Confined Space,Night,Low,Low,Medium,Medium,70
42.6,32.57,2.92,62,23,Yes,Hot Work,Morning,Low,Low,Low,Low,80
61.31,38.44,3.15,53,3,Yes,Hot Work,Night,Medium,Low,Medium,Low,65
27.86,39.52,3.0,89,19,Yes,Hot Work,Evening,Low,Low,Low,Low,90
97.82,86.88,3.76,45,21,Yes,Normal,Evening,High,High,High,Low,30
83.67,37.46,8.66,38,7,No,Hot Work,Morning,Medium,Low,High,High,50
8.49,52.04,5.22,64,13,Yes,Hot Work,Night,Low,Low,Low,Medium,70
80.21,24.62,2.36,68,23,No,Hot Work,Morning,Medium,Low,High,Low,60
70.35,42.79,9.99,52,9,Yes,Confined Space,Evening,Medium,Low,Medium,High,55
43.09,37.59,5.06,21,10,No,Confined Space,Evening,Low,Low,Low,Medium,90
68.51,66.79,7.52,88,12,Yes,Normal,Morning,Medium,Medium,Medium,Medium,55
89.3,65.48,6.97,81,22,Yes,Normal,Evening,Medium,Medium,High,Medium,30
45.16,33.83,2.55,24,4,No,Normal,Night,Low,Low,Low,Low,90
93.58,93.14,4.4,60,3,Yes,Normal,Night,High,High,High,Low,30
6.88,73.79,2.02,51,30,Yes,Confined Space,Evening,Low,Medium,Low,Low,70
98.49,56.64,3.28,68,17,No,Confined Space,Evening,Medium,Low,High,Low,70
79.14,74.16,3.85,30,6,Yes,Confined Space,Night,Medium,Medium,High,Low,55
59.41,44.08,1.69,79,8,No,Normal,Evening,Low,Low,Medium,Low,100
2.07,58.61,2.73,50,13,No,Normal,Morning,Low,Low,Low,Low,100
27.46,55.23,2.1,57,28,Yes,Normal,Night,Low,Low,Low,Low,70
7.97,39.25,9.27,26,29,No,Hot Work,Morning,Low,Low,Low,High,70
78.13,97.56,6.68,90,26,No,Normal,Evening,Medium,High,High,Medium,45
88.36,82.62,2.05,62,23,Yes,Confined Space,Night,High,High,High,Low,20
85.54,30.49,5.59,66,1,No,Hot Work,Night,Medium,Low,High,Medium,50
78.69,80.16,2.6,49,23,No,Hot Work,Evening,Medium,High,High,Low,55
31.93,98.26,3.17,35,7,No,Confined Space,Morning,Low,High,Low,Low,80
76.51,68.49,6.84,59,18,Yes,Normal,Morning,Medium,Medium,High,Medium,55
77.42,40.32,2.47,32,25,Yes,Confined Space,Night,Medium,Low,High,Low,55
27.54,45.33,8.0,71,29,Yes,Hot Work,Night,Low,Low,Low,Medium,60
7.77,82.01,4.84,52,14,Yes,Confined Space,Morning,Low,High,Low,Low,70
98.49,65.16,8.91,43,1,Yes,Normal,Morning,Medium,Medium,High,High,30
58.06,97.12,2.88,42,15,Yes,Normal,Morning,Low,High,Medium,Low,70
78.61,84.93,3.85,61,15,No,Normal,Night,Medium,High,High,Low,55
69.04,70.85,4.59,86,1,Yes,Normal,Morning,Medium,Medium,Medium,Low,65
40.15,81.86,3.53,49,2,Yes,Confined Space,Night,Low,High,Low,Low,60
1.47,96.08,9.21,30,6,No,Confined Space,Night,Low,High,Low,High,50
98.18,89.14,7.93,42,10,No,Normal,Evening,High,High,High,Medium,40
35.06,89.21,2.61,78,23,No,Confined Space,Morning,Low,High,Low,Low,70
53.61,58.44,2.64,43,23,Yes,Normal,Evening,Low,Low,Medium,Low,80
49.79,29.86,4.53,40,15,Yes,Normal,Night,Low,Low,Low,Low,80
24.49,66.62,9.5,57,1,Yes,Hot Work,Night,Low,Medium,Low,High,50
7.77,81.53,5.32,53,25,No,Normal,Evening,Low,High,Low,Medium,60
38.95,80.75,4.79,78,9,Yes,Normal,Evening,Low,High,Low,Low,70
67.38,70.25,5.7,26,24,No,Normal,Night,Medium,Medium,Medium,Medium,45
32.94,91.86,3.01,45,14,Yes,Confined Space,Morning,Low,High,Low,Low,70
30.87,39.91,9.82,82,3,Yes,Confined Space,Night,Low,Low,Low,High,60
29.86,49.51,2.88,26,12,No,Normal,Night,Low,Low,Low,Low,90
10.57,50.03,5.37,62,6,No,Normal,Evening,Low,Low,Low,Medium,90
7.85,70.45,7.63,61,30,Yes,Normal,Morning,Low,Medium,Low,Medium,60
48.15,52.08,7.53,75,17,Yes,Confined Space,Evening,Low,Low,Low,Medium,80
57.83,27.55,1.45,87,19,Yes,Normal,Morning,Low,Low,Medium,Low,90
82.4,82.47,8.61,70,7,No,Normal,Morning,High,High,High,High,30
17.45,34.51,6.21,43,12,Yes,Normal,Morning,Low,Low,Low,Medium,80
36.29,84.57,3.01,47,13,No,Hot Work,Night,Low,High,Low,Low,70
36.7,26.28,7.8,49,1,Yes,Hot Work,Night,Low,Low,Low,Medium,70
15.61,37.3,2.54,64,1,No,Normal,Night,Low,Low,Low,Low,90
86.21,38.11,8.7,30,13,No,Hot Work,Night,Medium,Low,High,High,40
34.4,61.56,3.24,84,14,Yes,Confined Space,Night,Low,Medium,Low,Low,70
14.61,46.29,2.56,70,8,No,Normal,Evening,Low,Low,Low,Low,100
34.9,55.89,9.29,60,1,Yes,Normal,Night,Low,Low,Low,High,60
17.63,34.78,2.78,33,10,Yes,Hot Work,Evening,Low,Low,Low,Low,90
17.7,49.24,5.71,87,15,Yes,Confined Space,Morning,Low,Low,Low,Medium,80
80.13,39.76,5.44,71,7,Yes,Confined Space,Night,Medium,Low,High,Medium,40
58.26,66.64,7.8,65,30,Yes,Hot Work,Morning,Low,Medium,Medium,Medium,60
76.7,67.0,9.32,20,26,Yes,Hot Work,Night,Medium,Medium,High,High,25
63.55,50.12,1.24,36,18,No,Hot Work,Evening,Medium,Low,Medium,Low,85
22.82,66.18,2.65,88,5,Yes,Hot Work,Night,Low,Medium,Low,Low,70
72.65,29.08,8.39,81,2,Yes,Normal,Night,Medium,Low,Medium,High,45
95.37,91.66,10.0,37,29,No,Normal,Morning,High,High,High,High,20
69.62,70.86,6.04,57,29,Yes,Normal,Evening,Medium,Medium,Medium,Medium,45
71.23,31.13,2.22,47,27,Yes,Hot Work,Morning,Medium,Low,Medium,Low,65
84.09,54.6,9.27,82,12,No,Hot Work,Morning,Medium,Low,High,High,50
43.98,86.54,7.63,87,19,No,Hot Work,Night,Low,High,Low,Medium,60
27.36,35.79,3.48,43,20,Yes,Hot Work,Evening,Low,Low,Low,Low,90
81.4,34.95,1.3,59,22,No,Hot Work,Evening,Medium,Low,High,Low,60
72.4,66.4,7.45,87,23,Yes,Hot Work,Night,Medium,Medium,Medium,Medium,35
24.36,75.66,2.42,33,8,No,Confined Space,Night,Low,Medium,Low,Low,80
77.48,74.62,2.9,70,27,Yes,Hot Work,Morning,Medium,Medium,High,Low,55
60.6,99.19,7.21,57,29,No,Confined Space,Evening,Medium,High,Medium,Medium,45
88.07,31.61,1.78,33,17,Yes,Hot Work,Morning,Medium,Low,High,Low,60
20.31,71.79,3.77,71,24,No,Confined Space,Evening,Low,Medium,Low,Low,80
15.85,80.55,1.45,25,23,No,Confined Space,Night,Low,High,Low,Low,60
17.57,76.18,1.51,59,22,No,Confined Space,Night,Low,Medium,Low,Low,70
25.0,61.04,7.07,77,27,Yes,Hot Work,Night,Low,Medium,Low,Medium,50
41.38,91.77,5.1,89,27,No,Hot Work,Evening,Low,High,Low,Medium,60
8.99,23.24,5.28,34,7,Yes,Confined Space,Morning,Low,Low,Low,Medium,80
18.66,23.74,6.2,74,2,Yes,Normal,Morning,Low,Low,Low,Medium,80
21.49,62.4,7.32,36,26,No,Confined Space,Morning,Low,Medium,Low,Medium,70
97.78,39.75,9.66,69,16,No,Confined Space,Night,Medium,Low,High,High,40
27.87,56.18,5.0,63,16,Yes,Hot Work,Morning,Low,Low,Low,Low,90
53.16,35.92,1.18,36,3,Yes,Hot Work,Night,Low,Low,Medium,Low,80
16.81,91.72,3.36,88,21,No,Normal,Evening,Low,High,Low,Low,70
27.98,20.77,5.26,82,22,Yes,Hot Work,Evening,Low,Low,Low,Medium,70
57.04,35.48,7.66,29,30,Yes,Confined Space,Morning,Low,Low,Medium,Medium,70
0.24,96.22,2.41,68,17,No,Confined Space,Evening,Low,High,Low,Low,80
98.68,73.01,4.42,65,28,Yes,Hot Work,Night,High,Medium,High,Low,30
12.26,21.71,4.05,44,4,Yes,Hot Work,Evening,Low,Low,Low,Low,90
42.45,50.89,8.74,63,28,Yes,Hot Work,Morning,Low,Low,Low,High,60
67.52,61.12,4.44,53,18,No,Normal,Morning,Medium,Medium,Medium,Low,75
27.08,83.04,9.9,38,1,Yes,Confined Space,Morning,Low,High,Low,High,50
78.85,25.57,5.23,50,19,No,Confined Space,Night,Medium,Low,High,Medium,65
24.02,95.2,7.19,61,7,Yes,Hot Work,Night,Low,High,Low,Medium,50
35.26,96.18,7.1,48,7,Yes,Hot Work,Evening,Low,High,Low,Medium,60
39.84,39.83,5.87,47,20,Yes,Confined Space,Night,Low,Low,Low,Medium,70
33.0,80.33,2.14,52,5,Yes,Confined Space,Night,Low,High,Low,Low,60
21.22,64.11,8.91,70,11,Yes,Hot Work,Morning,Low,Medium,Low,High,60
28.28,31.99,4.59,78,28,No,Normal,Night,Low,Low,Low,Low,80
45.08,28.86,8.08,90,22,Yes,Confined Space,Evening,Low,Low,Low,High,60
17.03,98.34,5.97,23,22,No,Hot Work,Morning,Low,High,Low,Medium,60
58.33,24.08,6.13,83,11,No,Hot Work,Night,Low,Low,Medium,Medium,80
79.78,41.85,9.67,22,26,No,Confined Space,Evening,Medium,Low,High,High,55
31.53,32.5,6.01,45,17,No,Normal,Evening,Low,Low,Low,Medium,90
95.05,44.49,2.93,49,20,Yes,Confined Space,Evening,Medium,Low,High,Low,60
24.6,24.51,3.52,79,14,Yes,Hot Work,Morning,Low,Low,Low,Low,90
40.49,99.82,3.68,44,29,Yes,Confined Space,Night,Low,High,Low,Low,50
20.29,41.61,9.31,90,18,Yes,Hot Work,Night,Low,Low,Low,High,60
83.43,86.57,7.64,54,6,Yes,Normal,Morning,High,High,High,Medium,30
12.34,61.74,6.44,39,26,Yes,Confined Space,Evening,Low,Medium,Low,Medium,60
84.0,80.54,5.52,39,12,No,Normal,Morning,High,High,High,Medium,40
6.38,35.98,4.09,33,23,No,Confined Space,Night,Low,Low,Low,Low,80
93.11,32.02,2.29,60,20,No,Confined Space,Evening,Medium,Low,High,Low,70
94.29,66.8,3.5,51,5,Yes,Confined Space,Morning,Medium,Medium,High,Low,50
95.68,47.36,1.42,65,2,Yes,Confined Space,Morning,Medium,Low,High,Low,60
22.86,97.93,8.81,58,18,No,Normal,Evening,Low,High,Low,High,60
91.26,27.21,9.89,87,9,No,Confined Space,Evening,Medium,Low,High,High,50
25.94,77.56,6.88,85,28,Yes,Hot Work,Morning,Low,Medium,Low,Medium,60
89.55,74.31,1.78,56,8,No,Normal,Evening,High,Medium,High,Low,60
39.97,74.6,6.86,89,3,Yes,Hot Work,Morning,Low,Medium,Low,Medium,70
83.16,89.48,4.1,72,17,No,Hot Work,Morning,High,High,High,Low,50
40.66,60.99,5.68,21,25,No,Normal,Night,Low,Medium,Low,Medium,60
0.38,33.91,1.66,88,21,No,Normal,Night,Low,Low,Low,Low,80
4.22,82.27,6.75,52,23,No,Normal,Night,Low,High,Low,Medium,50
64.64,36.62,9.43,34,14,No,Confined Space,Morning,Medium,Low,Medium,High,65
12.07,78.84,3.5,21,7,No,Confined Space,Evening,Low,Medium,Low,Low,90
41.08,79.65,9.43,43,26,Yes,Confined Space,Morning,Low,Medium,Low,High,50
42.48,41.34,1.52,24,16,No,Confined Space,Morning,Low,Low,Low,Low,100
36.7,43.2,1.77,57,25,Yes,Confined Space,Night,Low,Low,Low,Low,70
11.06,92.06,1.94,42,8,No,Confined Space,Morning,Low,High,Low,Low,80
54.82,78.0,9.27,59,27,No,Normal,Night,Low,Medium,Medium,High,50
76.22,92.36,9.11,74,1,No,Normal,Evening,Medium,High,High,High,45
92.94,59.49,2.66,34,2,No,Normal,Morning,Medium,Low,High,Low,70
80.55,60.2,6.0,89,8,Yes,Confined Space,Night,Medium,Medium,High,Medium,30
7.34,52.72,1.03,88,5,No,Hot Work,Morning,Low,Low,Low,Low,100
18.16,50.3,8.18,54,23,No,Confined Space,Evening,Low,Low,Low,High,70
2.82,32.72,7.45,82,23,No,Confined Space,Evening,Low,Low,Low,Medium,80
74.82,78.86,6.02,83,9,Yes,Hot Work,Night,Medium,Medium,Medium,Medium,45
56.65,43.95,3.61,73,9,Yes,Normal,Morning,Low,Low,Medium,Low,90
83.49,54.91,8.02,60,18,No,Hot Work,Morning,Medium,Low,High,High,50
59.34,57.5,7.05,85,15,No,Normal,Morning,Low,Low,Medium,Medium,90
23.77,35.96,2.93,85,6,Yes,Confined Space,Night,Low,Low,Low,Low,80
23.63,83.81,1.94,35,9,No,Hot Work,Morning,Low,High,Low,Low,80
39.95,46.74,6.46,77,16,Yes,Hot Work,Evening,Low,Low,Low,Medium,80
5.58,54.09,8.67,76,1,Yes,Confined Space,Evening,Low,Low,Low,High,70
53.74,67.41,8.65,45,2,No,Normal,Night,Low,Medium,Medium,High,60
55.96,78.71,3.65,24,4,No,Normal,Evening,Low,Medium,Medium,Low,90
45.68,71.05,7.6,81,3,No,Confined Space,Evening,Low,Medium,Low,Medium,80
4.44,58.58,5.77,84,3,No,Normal,Morning,Low,Low,Low,Medium,90
0.02,29.47,8.3,62,5,No,Confined Space,Evening,Low,Low,Low,High,80
72.78,93.59,4.5,57,7,Yes,Confined Space,Morning,Medium,High,Medium,Low,55
70.38,74.73,5.84,27,24,No,Normal,Night,Medium,Medium,Medium,Medium,45
37.03,89.3,9.78,74,21,No,Normal,Morning,Low,High,Low,High,50
23.99,88.63,7.78,82,17,Yes,Confined Space,Morning,Low,High,Low,Medium,60
74.82,34.77,3.85,78,18,No,Normal,Morning,Medium,Low,Medium,Low,85
30.07,55.6,8.09,49,2,Yes,Confined Space,Night,Low,Low,Low,High,60
45.73,48.17,3.04,90,16,Yes,Hot Work,Evening,Low,Low,Low,Low,90
48.48,25.85,6.46,34,26,No,Hot Work,Night,Low,Low,Low,Medium,70
93.7,54.72,1.99,29,12,Yes,Hot Work,Evening,Medium,Low,High,Low,60
63.27,72.38,6.75,62,10,Yes,Hot Work,Morning,Medium,Medium,Medium,Medium,55
79.2,29.22,4.45,88,27,Yes,Confined Space,Evening,Medium,Low,High,Low,65
32.58,57.18,3.33,30,3,No,Hot Work,Night,Low,Low,Low,Low,90
69.57,36.48,6.8,30,22,Yes,Confined Space,Night,Medium,Low,Medium,Medium,45
66.63,30.78,2.6,50,23,No,Hot Work,Morning,Medium,Low,Medium,Low,75
89.95,47.41,6.44,56,2,Yes,Confined Space,Night,Medium,Low,High,Medium,40
94.91,82.41,8.15,87,9,Yes,Hot Work,Morning,High,High,High,High,20
46.51,95.1,4.08,60,2,Yes,Hot Work,Evening,Low,High,Low,Low,70
26.32,68.01,9.01,82,4,Yes,Normal,Morning,Low,Medium,Low,High,60
86.36,26.1,2.22,66,10,No,Normal,Morning,Medium,Low,High,Low,70
8.48,21.78,6.9,49,27,Yes,Normal,Night,Low,Low,Low,Medium,60
70.01,22.57,8.39,49,15,Yes,Normal,Night,Medium,Low,Medium,High,45
62.06,35.17,7.09,39,4,Yes,Normal,Night,Medium,Low,Medium,Medium,55
61.97,73.34,6.89,71,1,No,Normal,Morning,Medium,Medium,Medium,Medium,65
58.27,80.67,3.47,78,19,No,Confined Space,Night,Low,High,Medium,Low,70
22.65,83.03,5.65,63,11,No,Hot Work,Evening,Low,High,Low,Medium,70
48.29,49.92,7.81,70,2,Yes,Hot Work,Night,Low,Low,Low,Medium,70
83.73,39.09,1.7,71,27,Yes,Confined Space,Morning,Medium,Low,High,Low,50
48.43,64.09,6.15,46,9,No,Normal,Night,Low,Medium,Low,Medium,70
46.86,36.25,9.34,86,28,No,Normal,Night,Low,Low,Low,High,60
81.81,53.69,5.29,73,12,No,Confined Space,Morning,Medium,Low,High,Medium,60
76.62,56.48,6.08,81,13,No,Confined Space,Night,Medium,Low,High,Medium,65
30.55,95.59,6.78,32,17,Yes,Confined Space,Evening,Low,High,Low,Medium,60
57.78,67.41,9.11,40,18,No,Hot Work,Morning,Low,Medium,Medium,High,70
53.73,20.96,3.02,35,23,Yes,Normal,Evening,Low,Low,Medium,Low,80
92.8,53.99,2.67,29,24,Yes,Hot Work,Night,Medium,Low,High,Low,40
21.39,49.97,2.9,74,30,No,Normal,Night,Low,Low,Low,Low,80
12.33,27.5,1.94,56,6,Yes,Normal,Night,Low,Low,Low,Low,80
93.65,56.98,1.34,53,10,No,Confined Space,Morning,Medium,Low,High,Low,70
26.49,28.42,1.12,66,17,No,Normal,Morning,Low,Low,Low,Low,100
41.81,96.86,4.6,50,2,Yes,Normal,Morning,Low,High,Low,Low,70
38.77,48.0,5.36,37,4,Yes,Hot Work,Night,Low,Low,Low,Medium,70
99.09,28.46,2.37,53,5,No,Normal,Morning,Medium,Low,High,Low,70
81.85,95.52,6.31,86,18,Yes,Hot Work,Morning,High,High,High,Medium,30
50.35,58.28,9.01,59,13,Yes,Hot Work,Evening,Low,Low,Medium,High,70
38.7,78.77,1.24,26,11,Yes,Normal,Evening,Low,Medium,Low,Low,80
31.64,38.62,1.76,49,11,No,Normal,Night,Low,Low,Low,Low,90
40.82,30.64,5.61,40,15,Yes,Hot Work,Morning,Low,Low,Low,Medium,80
45.67,50.82,6.97,84,29,Yes,Confined Space,Evening,Low,Low,Low,Medium,70
91.03,42.37,4.72,75,25,Yes,Normal,Morning,Medium,Low,High,Low,50
82.24,86.89,1.64,53,18,No,Confined Space,Night,High,High,High,Low,40
23.13,57.83,5.85,44,18,Yes,Confined Space,Morning,Low,Low,Low,Medium,80
6.65,60.8,6.97,89,23,No,Normal,Evening,Low,Medium,Low,Medium,70
44.31,97.4,2.64,80,7,No,Normal,Night,Low,High,Low,Low,70
51.87,52.45,2.52,33,23,Yes,Hot Work,Morning,Low,Low,Medium,Low,80
39.92,27.84,5.06,73,25,No,Confined Space,Morning,Low,Low,Low,Medium,80
37.66,83.2,3.96,34,9,Yes,Confined Space,Evening,Low,High,Low,Low,70
67.92,62.29,1.15,64,10,No,Confined Space,Evening,Medium,Medium,Medium,Low,75
42.25,93.82,8.81,35,29,No,Confined Space,Night,Low,High,Low,High,40
92.78,80.91,5.76,60,6,No,Hot Work,Morning,High,High,High,Medium,40
36.62,86.16,8.38,33,21,No,Normal,Evening,Low,High,Low,High,50
54.91,71.46,9.01,78,9,Yes,Confined Space,Night,Low,Medium,Medium,High,50
15.8,58.65,9.43,60,24,Yes,Normal,Morning,Low,Low,Low,High,60
29.76,63.97,8.27,68,6,Yes,Confined Space,Morning,Low,Medium,Low,High,60
56.7,60.36,3.13,76,3,No,Confined Space,Night,Low,Medium,Medium,Low,80
20.29,44.79,5.88,27,22,Yes,Confined Space,Night,Low,Low,Low,Medium,60
91.66,62.41,3.29,28,19,No,Normal,Morning,Medium,Medium,High,Low,60
5.72,63.84,5.86,33,11,No,Hot Work,Evening,Low,Medium,Low,Medium,80
82.93,35.24,8.3,81,21,No,Confined Space,Evening,Medium,Low,High,High,40
87.83,35.16,8.76,36,6,Yes,Confined Space,Night,Medium,Low,High,High,30
96.44,44.19,1.59,40,11,No,Hot Work,Evening,Medium,Low,High,Low,70
32.41,96.79,1.67,52,23,Yes,Confined Space,Evening,Low,High,Low,Low,60
94.34,21.76,7.45,35,3,No,Confined Space,Morning,Medium,Low,High,Medium,60
56.5,75.87,2.53,28,11,Yes,Hot Work,Morning,Low,Medium,Medium,Low,80
42.64,29.81,6.61,20,15,No,Hot Work,Night,Low,Low,Low,Medium,80
88.11,79.44,7.33,62,20,No,Normal,Evening,High,Medium,High,Medium,50
65.76,81.83,9.3,88,16,Yes,Hot Work,Night,Medium,High,Medium,High,25
45.86,44.89,4.34,72,5,Yes,Normal,Night,Low,Low,Low,Low,80
93.79,99.39,3.57,77,28,Yes,Confined Space,Night,High,High,High,Low,20
42.58,69.19,6.73,62,1,No,Confined Space,Morning,Low,Medium,Low,Medium,80
11.81,99.68,6.16,22,18,No,Confined Space,Night,Low,High,Low,Medium,60
98.01,88.53,7.08,67,29,Yes,Normal,Night,High,High,High,Medium,10
5.86,38.95,5.21,37,4,No,Normal,Evening,Low,Low,Low,Medium,90
92.73,23.76,5.03,67,15,No,Hot Work,Night,Medium,Low,High,Medium,50
43.7,35.81,9.59,21,18,No,Hot Work,Night,Low,Low,Low,High,70
80.03,83.31,2.57,80,8,Yes,Hot Work,Morning,High,High,High,Low,40
81.52,32.89,2.02,73,22,Yes,Normal,Morning,Medium,Low,High,Low,50
58.43,26.91,6.86,74,20,Yes,Normal,Night,Low,Low,Medium,Medium,70
34.91,90.35,1.77,76,30,Yes,Normal,Night,Low,High,Low,Low,50
96.19,56.5,6.24,48,13,No,Confined Space,Evening,Medium,Low,High,Medium,60
30.08,62.55,7.25,76,1,No,Confined Space,Night,Low,Medium,Low,Medium,70
9.33,44.58,5.41,69,21,Yes,Normal,Morning,Low,Low,Low,Medium,70
79.66,48.61,4.68,29,29,No,Normal,Morning,Medium,Low,High,Low,75
48.21,59.07,7.48,67,2,No,Normal,Night,Low,Low,Low,Medium,80
8.45,84.46,7.68,47,29,Yes,Hot Work,Evening,Low,High,Low,Medium,50
52.2,23.77,5.63,54,29,No,Confined Space,Night,Low,Low,Medium,Medium,70
50.06,80.36,9.42,90,11,No,Hot Work,Night,Low,High,Medium,High,50
78.41,85.13,8.87,67,3,Yes,Confined Space,Evening,Medium,High,High,High,35
32.33,56.71,1.28,49,8,No,Normal,Morning,Low,Low,Low,Low,100
84.94,33.13,3.71,30,11,No,Normal,Night,Medium,Low,High,Low,60
80.36,36.8,4.6,69,27,No,Normal,Evening,Medium,Low,High,Low,60
7.72,24.18,1.58,53,15,Yes,Confined Space,Night,Low,Low,Low,Low,80
8.47,59.56,3.03,85,20,No,Confined Space,Night,Low,Low,Low,Low,90
53.27,33.73,9.3,79,8,Yes,Hot Work,Night,Low,Low,Medium,High,60
75.57,37.45,3.71,81,29,No,Normal,Evening,Medium,Low,High,Low,75
7.27,46.37,9.0,50,8,Yes,Normal,Evening,Low,Low,Low,High,70
52.47,83.98,5.86,48,17,Yes,Hot Work,Evening,Low,High,Medium,Medium,60
75.0,71.7,8.74,52,21,No,Normal,Evening,Medium,Medium,Medium,High,45
90.66,77.38,6.4,22,19,Yes,Confined Space,Evening,High,Medium,High,Medium,40
57.35,97.77,1.45,66,6,No,Normal,Morning,Low,High,Medium,Low,80
9.41,75.31,5.09,69,15,No,Confined Space,Morning,Low,Medium,Low,Medium,80
9.14,26.61,6.68,34,27,Yes,Normal,Morning,Low,Low,Low,Medium,70
94.24,39.55,9.64,24,14,Yes,Normal,Morning,Medium,Low,High,High,40
25.73,58.76,9.27,39,28,No,Confined Space,Evening,Low,Low,Low,High,70
82.97,76.3,1.97,33,12,Yes,Hot Work,Evening,High,Medium,High,Low,50
42.34,42.98,8.03,22,15,Yes,Normal,Morning,Low,Low,Low,High,70
36.22,68.89,9.64,84,9,No,Normal,Night,Low,Medium,Low,High,60
87.25,49.45,2.82,22,26,Yes,Hot Work,Morning,Medium,Low,High,Low,50
46.43,69.92,1.32,31,26,Yes,Confined Space,Night,Low,Medium,Low,Low,60
90.43,24.86,3.48,75,15,No,Normal,Night,Medium,Low,High,Low,60
28.67,74.49,7.59,55,4,Yes,Confined Space,Evening,Low,Medium,Low,Medium,70
29.17,69.27,2.68,54,19,Yes,Normal,Morning,Low,Medium,Low,Low,80
55.64,84.32,5.39,29,25,No,Hot Work,Morning,Low,High,Medium,Medium,60
50.07,79.0,3.27,66,16,Yes,Confined Space,Morning,Low,Medium,Medium,Low,80
65.99,26.56,6.54,37,13,No,Normal,Evening,Medium,Low,Medium,Medium,75
95.01,94.2,9.73,24,23,Yes,Hot Work,Morning,High,High,High,High,10
98.68,28.59,2.63,41,5,No,Confined Space,Night,Medium,Low,High,Low,60
5.38,56.15,6.49,64,29,Yes,Normal,Evening,Low,Low,Low,Medium,70
59.21,96.81,9.05,38,27,Yes,Confined Space,Evening,Low,High,Medium,High,40
21.56,82.3,4.59,38,20,Yes,Normal,Morning,Low,High,Low,Low,70
52.92,53.7,2.1,58,25,Yes,Normal,Evening,Low,Low,Medium,Low,80
85.38,75.67,4.31,34,7,No,Normal,Evening,High,Medium,High,Low,60
71.21,99.57,3.23,77,7,Yes,Normal,Night,Medium,High,Medium,Low,45
42.4,90.5,9.51,26,3,No,Hot Work,Night,Low,High,Low,High,50
26.95,61.15,9.65,40,24,No,Normal,Night,Low,Medium,Low,High,50
61.1,49.63,4.43,70,21,No,Confined Space,Morning,Medium,Low,Medium,Low,75
32.67,44.13,3.22,61,22,Yes,Normal,Morning,Low,Low,Low,Low,80
65.32,23.38,1.68,59,12,No,Normal,Morning,Medium,Low,Medium,Low,85
59.79,27.96,2.96,79,20,No,Hot Work,Evening,Low,Low,Medium,Low,100
73.59,44.33,4.84,40,26,Yes,Normal,Night,Medium,Low,Medium,Low,55
56.1,42.35,3.35,35,6,Yes,Normal,Morning,Low,Low,Medium,Low,90
5.28,87.45,4.47,43,13,Yes,Normal,Morning,Low,High,Low,Low,70
6.59,73.53,8.38,36,18,Yes,Hot Work,Evening,Low,Medium,Low,High,60
52.63,48.39,6.64,90,1,No,Confined Space,Evening,Low,Low,Medium,Medium,90
11.01,34.21,7.78,90,1,Yes,Confined Space,Night,Low,Low,Low,Medium,70
12.81,82.17,6.2,28,24,Yes,Hot Work,Morning,Low,High,Low,Medium,50
95.27,88.11,1.87,24,27,Yes,Hot Work,Night,High,High,High,Low,20
59.38,30.24,9.94,30,4,No,Normal,Night,Low,Low,Medium,High,70
39.31,88.39,3.03,37,17,No,Normal,Morning,Low,High,Low,Low,80
27.59,41.3,5.35,73,25,Yes,Hot Work,Night,Low,Low,Low,Medium,60
68.51,71.84,3.87,74,20,No,Hot Work,Evening,Medium,Medium,Medium,Low,75
62.61,61.66,2.77,64,25,No,Hot Work,Evening,Medium,Medium,Medium,Low,65
19.52,39.59,4.53,57,17,Yes,Confined Space,Morning,Low,Low,Low,Low,90
92.66,25.66,4.81,82,6,Yes,Normal,Night,Medium,Low,High,Low,50
55.57,32.85,8.62,27,10,Yes,Normal,Morning,Low,Low,Medium,High,70
32.66,40.17,1.91,26,25,No,Hot Work,Night,Low,Low,Low,Low,80
79.0,20.98,9.12,23,19,No,Normal,Evening,Medium,Low,High,High,65
90.79,20.16,2.24,20,17,No,Hot Work,Morning,Medium,Low,High,Low,70
64.04,87.72,2.9,57,23,No,Confined Space,Evening,Medium,High,Medium,Low,55
39.55,90.15,5.53,53,15,No,Hot Work,Morning,Low,High,Low,Medium,70
94.51,21.97,8.39,41,6,Yes,Confined Space,Evening,Medium,Low,High,High,40
76.76,26.15,1.43,66,20,Yes,Normal,Evening,Medium,Low,High,Low,75
63.54,54.39,1.42,60,28,Yes,Hot Work,Evening,Medium,Low,Medium,Low,65
2.86,45.49,4.76,70,23,Yes,Confined Space,Morning,Low,Low,Low,Low,80
28.12,58.13,2.29,27,12,Yes,Hot Work,Evening,Low,Low,Low,Low,90
59.37,44.65,3.89,70,2,Yes,Normal,Evening,Low,Low,Medium,Low,90
4.27,21.0,3.66,85,9,No,Hot Work,Morning,Low,Low,Low,Low,100
2.66,92.06,3.58,81,25,No,Normal,Morning,Low,High,Low,Low,70
35.27,63.46,1.12,42,18,Yes,Confined Space,Night,Low,Medium,Low,Low,70
21.89,69.81,4.09,27,1,No,Normal,Night,Low,Medium,Low,Low,80
68.9,66.41,6.57,86,17,No,Confined Space,Night,Medium,Medium,Medium,Medium,55
79.8,76.34,7.86,67,18,Yes,Confined Space,Evening,Medium,Medium,High,Medium,55
21.77,37.79,2.62,76,23,No,Normal,Evening,Low,Low,Low,Low,90
31.43,95.44,9.36,46,30,No,Normal,Morning,Low,High,Low,High,50
5.38,40.24,8.77,88,23,Yes,Confined Space,Night,Low,Low,Low,High,50
55.45,52.63,8.48,79,30,No,Confined Space,Evening,Low,Low,Medium,High,70
46.41,64.01,6.5,23,2,No,Confined Space,Morning,Low,Medium,Low,Medium,80
36.53,38.0,6.65,44,11,No,Normal,Evening,Low,Low,Low,Medium,90
69.16,32.47,5.71,60,5,No,Normal,Night,Medium,Low,Medium,Medium,65
15.64,53.26,6.61,39,4,Yes,Confined Space,Evening,Low,Low,Low,Medium,80
0.96,41.6,5.62,82,21,Yes,Confined Space,Morning,Low,Low,Low,Medium,70
55.33,91.41,9.71,43,21,Yes,Confined Space,Night,Low,High,Medium,High,30
94.72,94.33,6.26,77,25,Yes,Confined Space,Morning,High,High,High,Medium,20
54.45,27.18,7.84,31,25,Yes,Confined Space,Morning,Low,Low,Medium,Medium,70
87.25,72.82,5.88,44,5,No,Normal,Evening,High,Medium,High,Medium,50
30.11,45.58,1.33,54,24,Yes,Hot Work,Morning,Low,Low,Low,Low,80
97.98,54.54,8.67,70,29,Yes,Normal,Morning,Medium,Low,High,High,30
70.55,69.71,5.81,52,26,Yes,Normal,Evening,Medium,Medium,Medium,Medium,45
36.06,82.98,7.25,61,29,Yes,Hot Work,Night,Low,High,Low,Medium,40
64.69,37.71,9.06,76,14,Yes,Normal,Morning,Medium,Low,Medium,High,55
85.48,92.42,9.43,52,7,No,Normal,Morning,High,High,High,High,30
72.99,28.41,3.59,63,10,No,Normal,Morning,Medium,Low,Medium,Low,85
73.62,57.33,1.2,46,13,Yes,Normal,Night,Medium,Low,Medium,Low,65
7.22,28.46,3.2,79,2,Yes,Normal,Evening,Low,Low,Low,Low,90
30.42,70.98,5.11,38,28,Yes,Hot Work,Evening,Low,Medium,Low,Medium,60
51.84,82.61,8.42,39,15,No,Confined Space,Morning,Low,High,Medium,High,60
21.79,48.61,2.17,44,16,No,Confined Space,Morning,Low,Low,Low,Low,100
90.27,98.3,3.22,72,21,No,Normal,Morning,High,High,High,Low,40
5.51,21.38,2.02,38,25,No,Normal,Morning,Low,Low,Low,Low,90
45.19,91.44,3.03,35,28,No,Confined Space,Morning,Low,High,Low,Low,70
72.21,96.51,1.43,25,19,Yes,Normal,Night,Medium,High,Medium,Low,45
61.61,92.95,1.84,66,13,No,Hot Work,Evening,Medium,High,Medium,Low,65
62.29,43.96,3.31,41,29,Yes,Confined Space,Night,Medium,Low,Medium,Low,55
11.86,98.47,5.98,73,20,Yes,Hot Work,Morning,Low,High,Low,Medium,60
43.09,26.1,4.06,55,30,Yes,Hot Work,Evening,Low,Low,Low,Low,80
56.5,46.12,8.27,29,10,No,Normal,Evening,Low,Low,Medium,High,80
98.86,99.99,6.3,84,15,Yes,Confined Space,Morning,High,High,High,Medium,30
97.42,53.86,5.55,36,26,Yes,Normal,Night,Medium,Low,High,Medium,30
18.55,52.13,1.48,50,28,No,Confined Space,Night,Low,Low,Low,Low,80
66.31,70.86,8.49,82,5,No,Confined Space,Evening,Medium,Medium,Medium,High,55
25.17,21.12,6.18,26,7,Yes,Confined Space,Evening,Low,Low,Low,Medium,80
15.84,39.79,5.72,57,22,No,Hot Work,Evening,Low,Low,Low,Medium,80
32.65,95.74,3.77,67,28,No,Hot Work,Night,Low,High,Low,Low,60
72.68,41.16,4.6,32,24,Yes,Hot Work,Night,Medium,Low,Medium,Low,55
52.95,44.23,4.91,51,24,No,Normal,Night,Low,Low,Medium,Low,80
72.23,89.31,7.35,54,29,Yes,Confined Space,Morning,Medium,High,Medium,Medium,35
42.63,21.31,2.41,24,18,No,Normal,Night,Low,Low,Low,Low,90
10.44,69.87,9.82,66,17,Yes,Hot Work,Morning,Low,Medium,Low,High,60
90.65,76.4,6.47,72,3,Yes,Hot Work,Morning,High,Medium,High,Medium,40
97.24,43.68,4.27,78,2,No,Normal,Night,Medium,Low,High,Low,60
61.75,22.56,6.68,73,1,Yes,Confined Space,Night,Medium,Low,Medium,Medium,55
60.41,34.91,3.19,28,30,No,Normal,Night,Medium,Low,Medium,Low,65
12.36,69.45,8.63,62,15,No,Hot Work,Evening,Low,Medium,Low,High,70
1.12,66.57,3.56,63,2,No,Hot Work,Evening,Low,Medium,Low,Low,90
99.86,55.99,2.68,79,5,No,Hot Work,Evening,Medium,Low,High,Low,70
91.08,70.06,3.27,87,9,No,Normal,Evening,High,Medium,High,Low,60
32.97,33.77,3.54,52,30,No,Normal,Night,Low,Low,Low,Low,80
42.02,33.91,7.84,50,18,Yes,Hot Work,Night,Low,Low,Low,Medium,70
31.05,32.76,5.58,72,21,No,Hot Work,Morning,Low,Low,Low,Medium,80
98.1,41.51,9.61,75,25,No,Hot Work,Night,Medium,Low,High,High,30
23.76,57.75,2.12,45,16,Yes,Confined Space,Morning,Low,Low,Low,Low,90
62.94,62.68,1.3,67,7,Yes,Confined Space,Night,Medium,Medium,Medium,Low,55
10.9,22.1,2.3,90,20,Yes,Hot Work,Evening,Low,Low,Low,Low,90
51.05,40.86,6.43,60,23,No,Confined Space,Morning,Low,Low,Medium,Medium,80
19.13,28.35,4.23,21,23,Yes,Normal,Morning,Low,Low,Low,Low,80
71.73,49.22,1.1,58,30,No,Hot Work,Morning,Medium,Low,Medium,Low,75
68.69,92.07,7.43,63,26,No,Confined Space,Night,Medium,High,Medium,Medium,35
38.32,88.9,9.96,31,25,Yes,Normal,Evening,Low,High,Low,High,40
39.98,27.53,2.83,85,4,Yes,Hot Work,Morning,Low,Low,Low,Low,90
35.23,53.1,1.19,71,16,No,Hot Work,Night,Low,Low,Low,Low,90
54.97,37.7,1.77,21,29,Yes,Hot Work,Night,Low,Low,Medium,Low,70
66.0,83.19,3.79,70,29,Yes,Hot Work,Evening,Medium,High,Medium,Low,45
54.33,74.31,8.48,52,8,Yes,Hot Work,Evening,Low,Medium,Medium,High,60
11.82,20.41,5.33,27,26,No,Hot Work,Evening,Low,Low,Low,Medium,80
66.59,58.94,7.5,67,29,No,Hot Work,Night,Medium,Low,Medium,Medium,55
24.2,62.27,4.61,34,5,Yes,Hot Work,Night,Low,Medium,Low,Low,70
40.56,43.75,6.38,47,21,Yes,Normal,Evening,Low,Low,Low,Medium,70
88.93,23.21,2.86,24,17,No,Hot Work,Morning,Medium,Low,High,Low,70
93.46,77.51,6.23,56,20,No,Hot Work,Night,High,Medium,High,Medium,40
10.63,52.0,1.23,72,15,No,Normal,Night,Low,Low,Low,Low,90
89.13,81.31,7.23,71,7,Yes,Confined Space,Morning,High,High,High,Medium,30
92.67,87.9,4.42,76,1,Yes,Confined Space,Night,High,High,High,Low,30
85.32,38.07,2.33,81,5,Yes,Confined Space,Night,Medium,Low,High,Low,50
15.9,80.43,7.73,59,1,No,Confined Space,Night,Low,High,Low,Medium,60
50.7,60.24,7.62,54,4,Yes,Hot Work,Morning,Low,Medium,Medium,Medium,70
41.44,49.68,6.43,54,5,Yes,Hot Work,Evening,Low,Low,Low,Medium,80
90.19,41.41,5.97,83,20,Yes,Hot Work,Evening,Medium,Low,High,Medium,50
49.63,27.05,6.42,77,28,Yes,Hot Work,Morning,Low,Low,Low,Medium,70
72.65,93.27,7.36,90,12,Yes,Normal,Morning,Medium,High,Medium,Medium,45
76.31,21.8,6.11,90,3,Yes,Confined Space,Morning,Medium,Low,High,Medium,65
4.39,66.19,5.75,63,22,No,Hot Work,Night,Low,Medium,Low,Medium,60
19.31,49.24,4.29,64,29,Yes,Hot Work,Morning,Low,Low,Low,Low,80
87.87,32.51,3.93,71,28,No,Hot Work,Night,Medium,Low,High,Low,50
43.32,74.79,3.83,62,2,No,Normal,Morning,Low,Medium,Low,Low,90
13.15,92.54,3.19,32,20,Yes,Confined Space,Morning,Low,High,Low,Low,70
48.61,38.75,2.5,34,3,Yes,Confined Space,Morning,Low,Low,Low,Low,90
84.83,72.13,5.97,32,13,No,Normal,Morning,High,Medium,High,Medium,50
40.19,44.24,5.78,30,18,Yes,Normal,Evening,Low,Low,Low,Medium,80
62.1,73.23,4.54,89,14,No,Confined Space,Night,Medium,Medium,Medium,Low,65
22.99,80.97,7.04,53,18,No,Hot Work,Morning,Low,High,Low,Medium,70
15.17,80.84,3.61,81,29,No,Normal,Evening,Low,High,Low,Low,70
76.38,73.47,7.39,39,3,Yes,Normal,Morning,Medium,Medium,High,Medium,55
97.74,60.25,4.15,37,4,Yes,Normal,Evening,Medium,Medium,High,Low,50
37.19,40.72,6.77,72,12,Yes,Normal,Evening,Low,Low,Low,Medium,80
42.24,72.47,3.77,85,29,No,Hot Work,Night,Low,Medium,Low,Low,70
74.5,80.27,5.03,34,14,Yes,Normal,Morning,Medium,High,Medium,Medium,45
91.99,73.76,1.24,68,29,Yes,Normal,Evening,High,Medium,High,Low,40
97.5,86.93,6.8,39,6,Yes,Hot Work,Night,High,High,High,Medium,20
21.45,69.66,4.56,54,26,No,Normal,Evening,Low,Medium,Low,Low,80
46.67,46.67,2.67,78,25,No,Confined Space,Evening,Low,Low,Low,Low,90
58.61,57.2,7.11,86,21,Yes,Hot Work,Evening,Low,Low,Medium,Medium,70
2.32,58.2,3.01,42,21,No,Normal,Evening,Low,Low,Low,Low,90
78.35,78.43,3.92,59,27,No,Confined Space,Morning,Medium,Medium,High,Low,65
30.31,20.44,2.45,78,13,Yes,Normal,Night,Low,Low,Low,Low,80
81.59,20.39,1.05,82,13,No,Confined Space,Morning,Medium,Low,High,Low,70
82.62,49.35,1.38,49,20,Yes,Normal,Evening,Medium,Low,High,Low,60
9.66,73.0,5.2,88,10,Yes,Confined Space,Night,Low,Medium,Low,Medium,60
39.03,54.43,7.98,74,20,No,Hot Work,Evening,Low,Low,Low,Medium,90
79.53,26.97,7.05,35,17,Yes,Confined Space,Morning,Medium,Low,High,Medium,65
53.1,39.28,1.92,71,4,Yes,Hot Work,Evening,Low,Low,Medium,Low,90
88.8,74.16,2.86,89,11,Yes,Hot Work,Night,High,Medium,High,Low,40
14.41,72.35,8.86,22,28,Yes,Normal,Morning,Low,Medium,Low,High,50
80.12,90.33,8.07,40,10,No,Normal,Night,High,High,High,High,20
83.21,93.75,3.64,48,28,Yes,Confined Space,Morning,High,High,High,Low,30
45.5,93.46,5.1,43,30,No,Confined Space,Evening,Low,High,Low,Medium,60
89.4,38.81,6.6,48,17,Yes,Confined Space,Evening,Medium,Low,High,Medium,50
95.4,43.22,6.86,86,17,Yes,Hot Work,Evening,Medium,Low,High,Medium,50
78.98,68.86,9.37,90,18,Yes,Confined Space,Evening,Medium,Medium,High,High,45
46.8,33.11,1.47,23,3,No,Confined Space,Evening,Low,Low,Low,Low,100
12.42,54.21,3.01,34,29,Yes,Normal,Evening,Low,Low,Low,Low,80
54.09,41.64,9.78,81,13,Yes,Hot Work,Night,Low,Low,Medium,High,60
88.49,73.55,2.82,80,13,No,Hot Work,Morning,High,Medium,High,Low,60
85.49,81.66,6.77,65,21,No,Normal,Evening,High,High,High,Medium,30
69.76,56.0,4.7,25,10,Yes,Normal,Night,Medium,Low,Medium,Low,65
73.08,61.92,8.06,84,5,Yes,Hot Work,Morning,Medium,Medium,Medium,High,45
91.71,56.57,4.0,46,16,Yes,Normal,Morning,Medium,Low,High,Low,60
31.33,42.4,7.94,62,13,Yes,Normal,Night,Low,Low,Low,Medium,70
51.33,32.67,5.02,30,20,Yes,Confined Space,Night,Low,Low,Medium,Medium,70
75.37,66.96,8.81,49,24,No,Hot Work,Morning,Medium,Medium,High,High,45
28.08,59.29,2.01,36,21,Yes,Hot Work,Morning,Low,Low,Low,Low,80
78.23,92.0,4.26,63,19,Yes,Hot Work,Evening,Medium,High,High,Low,55
68.85,61.14,1.19,41,28,No,Normal,Evening,Medium,Medium,Medium,Low,65
90.35,63.72,2.93,32,19,No,Confined Space,Morning,Medium,Medium,High,Low,60
72.29,28.23,9.42,84,22,Yes,Hot Work,Morning,Medium,Low,Medium,High,45
72.24,29.7,9.42,83,26,No,Confined Space,Evening,Medium,Low,Medium,High,55
80.03,39.45,2.63,27,12,No,Hot Work,Evening,Medium,Low,High,Low,70
87.03,72.29,4.41,35,21,Yes,Hot Work,Morning,High,Medium,High,Low,40
87.72,78.54,6.51,49,30,No,Confined Space,Morning,High,Medium,High,Medium,40
85.55,42.16,2.42,58,19,Yes,Normal,Night,Medium,Low,High,Low,50
26.25,36.7,8.9,23,28,No,Hot Work,Morning,Low,Low,Low,High,70
10.3,88.74,5.74,63,2,No,Hot Work,Evening,Low,High,Low,Medium,70
28.22,21.16,4.09,52,17,Yes,Hot Work,Morning,Low,Low,Low,Low,90
86.36,59.23,7.32,52,16,No,Confined Space,Evening,Medium,Low,High,Medium,60
5.81,22.55,6.38,45,29,Yes,Hot Work,Evening,Low,Low,Low,Medium,70
47.68,29.19,9.47,74,30,Yes,Hot Work,Morning,Low,Low,Low,High,60
71.34,26.81,7.15,25,18,No,Hot Work,Morning,Medium,Low,Medium,Medium,75
75.8,57.46,6.47,30,18,Yes,Hot Work,Evening,Medium,Low,High,Medium,65
34.94,57.11,1.31,48,3,No,Normal,Evening,Low,Low,Low,Low,100
94.1,27.97,4.19,33,9,No,Hot Work,Evening,Medium,Low,High,Low,70
40.41,27.28,1.7,82,25,Yes,Confined Space,Night,Low,Low,Low,Low,70
5.48,53.92,1.37,86,29,Yes,Confined Space,Evening,Low,Low,Low,Low,80
36.42,21.4,2.75,30,5,No,Normal,Evening,Low,Low,Low,Low,100
63.31,73.97,9.54,72,25,No,Normal,Morning,Medium,Medium,Medium,High,45
73.9,79.16,7.33,22,1,No,Hot Work,Night,Medium,Medium,Medium,Medium,55
47.24,41.75,4.86,45,28,No,Normal,Night,Low,Low,Low,Low,80
66.03,30.53,7.7,44,26,No,Hot Work,Evening,Medium,Low,Medium,Medium,65
39.35,73.49,9.67,35,7,Yes,Confined Space,Morning,Low,Medium,Low,High,60
74.28,97.45,8.52,85,24,No,Hot Work,Morning,Medium,High,Medium,High,35
0.44,73.86,5.91,45,9,No,Normal,Night,Low,Medium,Low,Medium,70
67.57,74.93,5.66,79,11,Yes,Confined Space,Morning,Medium,Medium,Medium,Medium,55
79.86,67.52,5.95,87,27,No,Hot Work,Morning,Medium,Medium,High,Medium,55
32.95,23.95,2.34,29,18,Yes,Normal,Night,Low,Low,Low,Low,80
29.48,75.2,9.96,35,29,No,Confined Space,Morning,Low,Medium,Low,High,60
99.22,60.62,5.26,33,3,Yes,Confined Space,Evening,Medium,Medium,High,Medium,40
13.76,41.3,7.92,79,4,Yes,Hot Work,Morning,Low,Low,Low,Medium,80
68.22,87.02,2.68,70,11,Yes,Confined Space,Morning,Medium,High,Medium,Low,55
85.93,45.67,5.4,34,12,No,Hot Work,Evening,Medium,Low,High,Medium,60
71.74,46.03,8.8,59,23,Yes,Confined Space,Night,Medium,Low,Medium,High,35
80.3,86.38,8.0,79,14,Yes,Hot Work,Evening,High,High,High,Medium,30
69.66,25.72,1.88,30,4,Yes,Confined Space,Morning,Medium,Low,Medium,Low,75
32.81,29.41,3.82,38,13,Yes,Normal,Evening,Low,Low,Low,Low,90
80.36,37.5,3.14,50,17,Yes,Hot Work,Night,Medium,Low,High,Low,50
73.79,69.68,2.02,28,7,No,Confined Space,Morning,Medium,Medium,Medium,Low,75
17.07,56.87,2.75,41,16,Yes,Hot Work,Night,Low,Low,Low,Low,80
8.24,60.4,5.83,58,15,No,Hot Work,Evening,Low,Medium,Low,Medium,80
52.87,54.64,6.72,72,13,No,Normal,Evening,Low,Low,Medium,Medium,90
66.77,35.18,6.16,85,13,No,Normal,Morning,Medium,Low,Medium,Medium,75
33.31,37.93,1.4,22,2,Yes,Normal,Evening,Low,Low,Low,Low,90
51.27,34.73,6.46,61,18,Yes,Confined Space,Evening,Low,Low,Medium,Medium,80
81.99,98.75,8.99,88,20,No,Confined Space,Evening,High,High,High,High,30
59.53,49.54,7.88,77,15,No,Hot Work,Evening,Low,Low,Medium,Medium,90
50.46,40.76,3.67,42,23,Yes,Normal,Evening,Low,Low,Medium,Low,80
93.95,98.96,6.17,37,18,Yes,Normal,Morning,High,High,High,Medium,30
68.98,89.42,6.62,28,19,No,Normal,Morning,Medium,High,Medium,Medium,55
80.16,93.05,3.58,26,15,No,Normal,Night,High,High,High,Low,40
21.86,50.85,7.04,81,23,No,Confined Space,Night,Low,Low,Low,Medium,70
52.89,42.42,4.9,82,23,Yes,Hot Work,Morning,Low,Low,Medium,Low,80
39.22,50.11,7.67,75,16,Yes,Normal,Morning,Low,Low,Low,Medium,80
79.04,83.56,7.43,26,9,No,Normal,Night,Medium,High,High,Medium,45
61.27,58.82,2.44,31,13,Yes,Hot Work,Night,Medium,Low,Medium,Low,65
53.75,58.01,5.08,33,4,No,Normal,Morning,Low,Low,Medium,Medium,90
20.79,30.91,4.22,64,18,No,Confined Space,Evening,Low,Low,Low,Low,100
40.19,84.6,8.63,44,14,Yes,Normal,Evening,Low,High,Low,High,50
62.08,76.65,9.1,78,18,No,Confined Space,Evening,Medium,Medium,Medium,High,55
60.11,49.55,8.12,34,12,Yes,Confined Space,Morning,Medium,Low,Medium,High,55
40.04,48.23,5.29,65,17,No,Hot Work,Evening,Low,Low,Low,Medium,90
14.29,58.28,1.18,76,23,No,Confined Space,Morning,Low,Low,Low,Low,90
84.9,68.8,5.97,54,22,No,Normal,Evening,Medium,Medium,High,Medium,40
56.55,73.07,2.16,35,11,Yes,Hot Work,Night,Low,Medium,Medium,Low,70
74.54,60.63,7.71,55,13,No,Confined Space,Morning,Medium,Medium,Medium,Medium,65
88.61,56.53,2.89,45,4,No,Normal,Night,Medium,Low,High,Low,60
10.58,74.87,6.65,34,24,No,Normal,Evening,Low,Medium,Low,Medium,70
21.23,33.12,4.94,65,1,No,Hot Work,Night,Low,Low,Low,Low,90
62.3,36.61,7.97,26,29,Yes,Confined Space,Morning,Medium,Low,Medium,Medium,55
27.11,84.18,6.6,82,7,Yes,Confined Space,Evening,Low,High,Low,Medium,60
49.52,38.44,5.2,25,9,No,Hot Work,Morning,Low,Low,Low,Medium,90
30.2,48.38,8.73,76,17,No,Confined Space,Morning,Low,Low,Low,High,80
73.92,92.73,1.83,85,30,Yes,Confined Space,Morning,Medium,High,Medium,Low,45
17.74,21.35,9.72,42,29,No,Hot Work,Night,Low,Low,Low,High,60
3.31,31.71,5.82,54,20,Yes,Hot Work,Evening,Low,Low,Low,Medium,80
81.4,33.48,5.33,31,30,Yes,Confined Space,Night,Medium,Low,High,Medium,30
17.87,57.45,1.22,33,8,Yes,Hot Work,Night,Low,Low,Low,Low,80
76.15,61.31,3.19,60,13,No,Hot Work,Morning,Medium,Medium,High,Low,75
33.26,89.18,3.08,35,29,Yes,Confined Space,Evening,Low,High,Low,Low,60
86.86,92.0,5.58,43,18,Yes,Confined Space,Night,High,High,High,Medium,20
24.68,61.14,9.73,37,5,No,Hot Work,Morning,Low,Medium,Low,High,70
88.68,45.51,2.4,27,27,Yes,Hot Work,Morning,Medium,Low,High,Low,50
83.89,40.36,7.78,87,10,Yes,Confined Space,Night,Medium,Low,High,Medium,40
56.17,63.64,7.94,62,11,Yes,Confined Space,Night,Low,Medium,Medium,Medium,60
68.66,56.98,9.41,89,6,Yes,Hot Work,Morning,Medium,Low,Medium,High,55
15.11,52.85,2.93,65,9,Yes,Hot Work,Morning,Low,Low,Low,Low,90
4.55,29.63,4.01,40,21,No,Confined Space,Morning,Low,Low,Low,Low,90
25.7,29.33,2.87,73,6,No,Hot Work,Morning,Low,Low,Low,Low,100
90.77,97.15,4.93,24,29,No,Confined Space,Morning,High,High,High,Low,40
75.9,42.51,1.3,55,18,Yes,Hot Work,Night,Medium,Low,High,Low,65
42.29,95.75,5.45,39,28,No,Normal,Morning,Low,High,Low,Medium,60
48.85,21.38,7.03,46,11,No,Hot Work,Night,Low,Low,Low,Medium,80
15.8,39.01,7.38,31,17,No,Normal,Night,Low,Low,Low,Medium,80
30.55,98.56,4.38,74,21,Yes,Hot Work,Night,Low,High,Low,Low,50
73.55,23.41,2.96,41,7,No,Confined Space,Morning,Medium,Low,Medium,Low,85
56.58,70.36,8.71,90,30,No,Confined Space,Night,Low,Medium,Medium,High,50
66.86,22.43,2.81,59,19,Yes,Normal,Morning,Medium,Low,Medium,Low,75
81.47,53.47,1.29,44,28,No,Hot Work,Morning,Medium,Low,High,Low,60
67.68,25.36,4.22,49,27,Yes,Hot Work,Night,Medium,Low,Medium,Low,55
42.18,28.67,8.42,86,13,Yes,Confined Space,Evening,Low,Low,Low,High,70
87.43,80.02,8.98,72,1,Yes,Confined Space,Night,High,High,High,High,10
43.8,26.07,7.58,83,3,No,Hot Work,Morning,Low,Low,Low,Medium,90
10.81,43.29,8.87,20,24,No,Hot Work,Night,Low,Low,Low,High,60
26.52,24.74,1.08,23,16,Yes,Hot Work,Night,Low,Low,Low,Low,80
7.43,57.7,3.07,73,28,Yes,Normal,Evening,Low,Low,Low,Low,80
22.37,41.64,9.09,71,5,No,Confined Space,Morning,Low,Low,Low,High,80
99.15,77.85,6.58,56,17,No,Hot Work,Night,High,Medium,High,Medium,40
16.91,55.16,6.49,72,9,No,Normal,Night,Low,Low,Low,Medium,80
48.4,83.57,7.99,60,3,No,Hot Work,Morning,Low,High,Low,Medium,70
71.93,94.7,4.81,53,15,Yes,Hot Work,Morning,Medium,High,Medium,Low,55
74.51,21.73,5.49,48,3,Yes,Confined Space,Evening,Medium,Low,Medium,Medium,65
77.94,39.36,3.33,42,1,No,Normal,Evening,Medium,Low,High,Low,85
13.17,65.68,5.46,55,16,Yes,Hot Work,Morning,Low,Medium,Low,Medium,70
60.89,56.82,9.67,71,15,No,Hot Work,Night,Medium,Low,Medium,High,55
78.16,88.38,4.16,84,5,Yes,Normal,Night,Medium,High,High,Low,45
35.59,47.31,5.31,80,13,No,Hot Work,Morning,Low,Low,Low,Medium,90
74.3,31.72,5.52,85,19,Yes,Hot Work,Morning,Medium,Low,Medium,Medium,65
24.05,20.98,8.82,25,17,No,Hot Work,Evening,Low,Low,Low,High,80
88.01,72.67,4.85,45,9,Yes,Normal,Morning,High,Medium,High,Low,50
66.79,51.52,9.57,56,23,Yes,Normal,Evening,Medium,Low,Medium,High,45
61.7,21.35,2.35,27,18,Yes,Normal,Night,Medium,Low,Medium,Low,65
9.69,59.93,3.45,26,25,No,Confined Space,Morning,Low,Low,Low,Low,90
90.05,34.18,7.06,23,17,Yes,Confined Space,Morning,Medium,Low,High,Medium,50
86.68,91.16,7.98,64,9,No,Confined Space,Evening,High,High,High,Medium,40
3.79,34.33,1.55,68,10,Yes,Normal,Morning,Low,Low,Low,Low,90
36.44,67.94,8.84,38,5,Yes,Hot Work,Morning,Low,Medium,Low,High,60
67.11,32.48,4.57,87,3,Yes,Confined Space,Evening,Medium,Low,Medium,Low,75
52.93,32.33,1.26,88,30,Yes,Hot Work,Evening,Low,Low,Medium,Low,80
53.47,85.07,1.49,73,14,No,Normal,Night,Low,High,Medium,Low,70
88.78,97.08,4.64,84,27,No,Hot Work,Evening,High,High,High,Low,40
99.22,47.18,3.49,38,9,Yes,Hot Work,Evening,Medium,Low,High,Low,60
33.86,74.15,1.62,35,5,Yes,Hot Work,Morning,Low,Medium,Low,Low,80
24.3,35.9,5.79,67,17,Yes,Normal,Night,Low,Low,Low,Medium,70
98.63,94.36,3.69,32,20,Yes,Hot Work,Night,High,High,High,Low,30
33.74,52.92,8.06,31,12,Yes,Confined Space,Night,Low,Low,Low,High,60
97.7,20.54,5.73,75,18,Yes,Hot Work,Night,Medium,Low,High,Medium,40
5.16,22.53,1.84,41,10,Yes,Normal,Evening,Low,Low,Low,Low,90
63.67,65.75,6.07,36,2,No,Normal,Morning,Medium,Medium,Medium,Medium,65
83.51,78.3,5.15,47,23,No,Normal,Night,High,Medium,High,Medium,30
86.51,56.44,2.51,38,23,Yes,Confined Space,Morning,Medium,Low,High,Low,50
15.33,29.05,6.19,58,30,No,Confined Space,Night,Low,Low,Low,Medium,70
88.59,32.5,5.4,88,8,No,Hot Work,Night,Medium,Low,High,Medium,50
64.85,43.22,8.34,47,22,No,Confined Space,Night,Medium,Low,Medium,High,45
3.59,73.37,1.68,27,8,No,Confined Space,Morning,Low,Medium,Low,Low,90
50.27,40.48,4.3,28,6,Yes,Normal,Night,Low,Low,Medium,Low,80
60.42,77.24,1.28,34,13,No,Confined Space,Evening,Medium,Medium,Medium,Low,75
7.43,44.05,5.64,71,27,No,Hot Work,Evening,Low,Low,Low,Medium,80
19.45,75.59,5.4,73,5,Yes,Normal,Evening,Low,Medium,Low,Medium,70
66.56,38.44,5.15,28,18,Yes,Hot Work,Night,Medium,Low,Medium,Medium,55
56.64,98.05,2.32,28,6,No,Normal,Evening,Low,High,Medium,Low,80
94.52,64.96,4.33,65,15,Yes,Confined Space,Night,Medium,Medium,High,Low,40
41.62,79.15,3.18,27,2,Yes,Confined Space,Evening,Low,Medium,Low,Low,80
33.97,40.94,3.0,30,27,No,Normal,Evening,Low,Low,Low,Low,90
3.88,30.58,1.96,52,14,Yes,Normal,Morning,Low,Low,Low,Low,90
45.38,78.82,7.87,50,26,Yes,Normal,Evening,Low,Medium,Low,Medium,60
3.23,21.03,8.62,62,2,No,Hot Work,Evening,Low,Low,Low,High,80
57.44,88.27,8.88,88,9,No,Hot Work,Night,Low,High,Medium,High,50
5.51,28.69,8.83,55,20,No,Confined Space,Evening,Low,Low,Low,High,80
51.28,23.95,5.27,85,2,Yes,Normal,Evening,Low,Low,Medium,Medium,80
35.29,42.71,2.93,51,15,Yes,Confined Space,Morning,Low,Low,Low,Low,90
92.2,90.55,8.31,36,23,No,Hot Work,Night,High,High,High,High,10
44.45,41.27,7.82,27,7,Yes,Confined Space,Morning,Low,Low,Low,Medium,80
16.09,28.13,9.24,89,27,No,Hot Work,Morning,Low,Low,Low,High,70
99.05,26.87,9.0,69,18,No,Hot Work,Morning,Medium,Low,High,High,50
55.76,29.67,6.71,82,21,No,Hot Work,Morning,Low,Low,Medium,Medium,80
67.88,89.2,4.54,82,30,No,Normal,Evening,Medium,High,Medium,Low,55
21.67,65.2,9.88,89,8,Yes,Hot Work,Night,Low,Medium,Low,High,50
71.21,95.06,6.02,61,14,Yes,Confined Space,Morning,Medium,High,Medium,Medium,45
98.51,51.57,9.68,34,29,Yes,Normal,Morning,Medium,Low,High,High,30
62.47,40.29,3.36,48,14,Yes,Hot Work,Morning,Medium,Low,Medium,Low,75
51.59,79.54,8.0,55,25,No,Confined Space,Night,Low,Medium,Medium,Medium,60
16.15,91.13,6.41,22,9,No,Confined Space,Morning,Low,High,Low,Medium,70
54.0,64.34,4.21,34,1,Yes,Normal,Evening,Low,Medium,Medium,Low,80
37.6,61.41,7.47,26,2,Yes,Confined Space,Night,Low,Medium,Low,Medium,60
98.79,98.24,7.93,85,12,No,Confined Space,Evening,High,High,High,Medium,40
16.75,82.97,9.39,45,22,No,Normal,Morning,Low,High,Low,High,50
93.51,90.28,3.34,67,5,Yes,Normal,Evening,High,High,High,Low,40
88.15,72.92,6.5,51,2,Yes,Hot Work,Morning,High,Medium,High,Medium,40
43.42,81.87,4.15,76,25,Yes,Hot Work,Evening,Low,High,Low,Low,60
23.85,94.12,8.72,51,21,No,Normal,Night,Low,High,Low,High,40
94.12,55.07,7.65,46,5,No,Hot Work,Evening,Medium,Low,High,Medium,60
39.74,42.56,6.59,53,22,Yes,Hot Work,Morning,Low,Low,Low,Medium,70
51.43,45.53,7.64,88,14,No,Confined Space,Night,Low,Low,Medium,Medium,80
7.47,52.06,6.33,50,27,No,Normal,Morning,Low,Low,Low,Medium,80
6.07,66.49,3.36,23,17,No,Confined Space,Morning,Low,Medium,Low,Low,90
54.9,88.46,10.0,41,25,Yes,Confined Space,Evening,Low,High,Medium,High,40
64.21,68.41,4.1,77,28,No,Normal,Night,Medium,Medium,Medium,Low,55
20.9,33.09,1.45,26,8,No,Hot Work,Morning,Low,Low,Low,Low,100
89.42,35.83,1.92,27,14,Yes,Confined Space,Evening,Medium,Low,High,Low,60
90.15,85.69,6.41,24,30,Yes,Normal,Morning,High,High,High,Medium,20
42.95,36.41,5.79,27,29,Yes,Hot Work,Morning,Low,Low,Low,Medium,70
39.73,31.18,1.19,30,4,No,Normal,Evening,Low,Low,Low,Low,100
25.13,92.35,7.08,74,4,No,Normal,Evening,Low,High,Low,Medium,70
83.66,22.25,2.8,46,1,No,Confined Space,Night,Medium,Low,High,Low,60
75.25,20.62,2.89,20,25,Yes,Hot Work,Evening,Medium,Low,High,Low,65
42.81,51.49,5.7,55,1,No,Confined Space,Morning,Low,Low,Low,Medium,90
57.35,21.85,1.86,68,17,Yes,Normal,Morning,Low,Low,Medium,Low,90
63.66,61.23,2.2,71,3,No,Normal,Night,Medium,Medium,Medium,Low,65
11.1,42.2,8.73,41,26,No,Hot Work,Night,Low,Low,Low,High,60
10.89,47.38,9.85,58,10,Yes,Confined Space,Evening,Low,Low,Low,High,70
12.7,80.98,7.82,72,12,No,Normal,Night,Low,High,Low,Medium,60
75.22,63.73,8.43,33,21,No,Normal,Night,Medium,Medium,High,High,35
32.63,68.15,8.38,52,27,No,Confined Space,Morning,Low,Medium,Low,High,60
27.18,28.07,1.87,80,15,Yes,Normal,Night,Low,Low,Low,Low,80
73.95,33.27,5.04,69,5,Yes,Normal,Morning,Medium,Low,Medium,Medium,65
26.08,52.19,6.29,80,28,No,Confined Space,Night,Low,Low,Low,Medium,70
6.24,36.64,9.95,88,3,No,Hot Work,Night,Low,Low,Low,High,70
15.73,55.71,2.36,35,21,No,Confined Space,Night,Low,Low,Low,Low,80
59.36,85.28,6.56,45,30,No,Confined Space,Evening,Low,High,Medium,Medium,60
33.99,77.64,1.78,30,1,No,Normal,Evening,Low,Medium,Low,Low,90
44.34,66.69,8.8,79,15,No,Confined Space,Morning,Low,Medium,Low,High,70
13.73,88.69,1.24,24,6,Yes,Hot Work,Morning,Low,High,Low,Low,70
12.67,53.06,3.72,84,22,No,Confined Space,Evening,Low,Low,Low,Low,90
17.66,32.63,8.91,43,21,Yes,Hot Work,Night,Low,Low,Low,High,50
52.84,34.84,4.69,79,20,No,Normal,Morning,Low,Low,Medium,Low,100
16.8,34.07,5.59,57,25,No,Hot Work,Evening,Low,Low,Low,Medium,80
38.64,55.46,7.72,39,10,Yes,Normal,Morning,Low,Low,Low,Medium,80
70.99,81.82,5.45,84,14,Yes,Normal,Night,Medium,High,Medium,Medium,35
47.06,56.99,2.01,69,16,No,Hot Work,Night,Low,Low,Low,Low,90
26.5,94.65,1.91,67,22,Yes,Normal,Night,Low,High,Low,Low,50
21.07,21.89,4.2,45,30,No,Hot Work,Evening,Low,Low,Low,Low,90
2.95,25.16,5.8,36,20,No,Confined Space,Night,Low,Low,Low,Medium,80
87.2,36.4,6.54,25,1,Yes,Normal,Morning,Medium,Low,High,Medium,50
14.53,29.99,5.01,29,1,No,Confined Space,Evening,Low,Low,Low,Medium,90
53.94,76.58,1.53,27,3,No,Hot Work,Night,Low,Medium,Medium,Low,80
80.96,56.61,3.47,46,4,Yes,Normal,Evening,Medium,Low,High,Low,60
38.46,91.01,8.81,69,25,No,Hot Work,Evening,Low,High,Low,High,50
90.65,27.09,6.53,75,6,No,Normal,Night,Medium,Low,High,Medium,50
62.81,97.07,1.62,50,26,No,Confined Space,Evening,Medium,High,Medium,Low,55
99.11,65.72,9.74,47,19,No,Hot Work,Morning,Medium,Medium,High,High,40
92.94,80.26,1.32,86,17,Yes,Confined Space,Morning,High,High,High,Low,40
88.56,29.58,5.98,32,6,No,Confined Space,Evening,Medium,Low,High,Medium,60
41.22,38.2,2.49,49,6,Yes,Hot Work,Evening,Low,Low,Low,Low,90
75.79,74.44,5.38,82,25,No,Normal,Evening,Medium,Medium,High,Medium,55
70.9,90.73,4.43,42,24,Yes,Normal,Evening,Medium,High,Medium,Low,45
49.07,58.83,5.05,54,25,No,Confined Space,Morning,Low,Low,Low,Medium,80
9.72,98.41,6.72,75,18,Yes,Confined Space,Night,Low,High,Low,Medium,50
94.61,48.56,2.49,34,1,Yes,Confined Space,Evening,Medium,Low,High,Low,60
13.12,41.31,7.16,27,16,Yes,Hot Work,Evening,Low,Low,Low,Medium,80
22.63,75.49,7.01,31,30,No,Hot Work,Morning,Low,Medium,Low,Medium,70
32.76,97.35,2.99,37,16,Yes,Normal,Night,Low,High,Low,Low,60
84.55,51.29,5.31,69,15,Yes,Normal,Morning,Medium,Low,High,Medium,50
96.34,66.82,8.73,30,25,No,Normal,Night,Medium,Medium,High,High,20
84.3,47.09,1.17,39,4,Yes,Normal,Night,Medium,Low,High,Low,50
18.58,47.14,2.91,40,6,No,Normal,Night,Low,Low,Low,Low,90
93.05,21.12,5.66,36,4,No,Hot Work,Evening,Medium,Low,High,Medium,60
35.74,69.24,1.98,45,5,Yes,Confined Space,Night,Low,Medium,Low,Low,70
67.27,60.2,9.49,70,10,No,Hot Work,Morning,Medium,Medium,Medium,High,55
13.09,58.46,6.87,28,4,No,Normal,Evening,Low,Low,Low,Medium,90
85.94,78.56,7.39,20,21,Yes,Normal,Morning,High,Medium,High,Medium,30
58.7,80.46,4.93,52,29,Yes,Normal,Evening,Low,High,Medium,Low,60
78.22,39.91,4.34,38,10,Yes,Confined Space,Evening,Medium,Low,High,Low,75
42.05,84.95,3.48,48,2,No,Confined Space,Evening,Low,High,Low,Low,80
7.34,62.73,8.93,74,5,Yes,Hot Work,Morning,Low,Medium,Low,High,60
40.57,65.06,1.53,70,18,No,Hot Work,Evening,Low,Medium,Low,Low,90
43.76,91.62,9.45,53,3,Yes,Hot Work,Morning,Low,High,Low,High,50
69.82,41.74,7.28,24,30,No,Normal,Morning,Medium,Low,Medium,Medium,65
29.21,55.24,5.28,75,28,Yes,Confined Space,Evening,Low,Low,Low,Medium,70
34.9,76.48,3.51,64,25,Yes,Confined Space,Morning,Low,Medium,Low,Low,70
4.54,38.87,4.79,55,23,Yes,Confined Space,Morning,Low,Low,Low,Low,80
77.94,56.95,9.42,36,17,Yes,Hot Work,Morning,Medium,Low,High,High,55
82.58,67.65,2.99,66,13,Yes,Normal,Morning,Medium,Medium,High,Low,50
21.0,78.26,5.96,77,30,Yes,Normal,Morning,Low,Medium,Low,Medium,60
98.62,60.52,6.63,85,1,Yes,Confined Space,Morning,Medium,Medium,High,Medium,40
61.18,63.61,8.67,86,4,No,Confined Space,Morning,Medium,Medium,Medium,High,55
56.77,81.65,4.84,78,26,Yes,Hot Work,Night,Low,High,Medium,Low,50
61.38,49.01,9.54,62,7,Yes,Confined Space,Morning,Medium,Low,Medium,High,55
7.25,78.18,9.56,70,14,Yes,Hot Work,Morning,Low,Medium,Low,High,60
46.84,78.32,4.91,37,10,Yes,Confined Space,Evening,Low,Medium,Low,Low,80
82.18,33.49,1.57,89,15,Yes,Normal,Evening,Medium,Low,High,Low,60
32.38,68.41,8.96,56,8,Yes,Hot Work,Evening,Low,Medium,Low,High,60
42.77,50.4,5.39,42,1,Yes,Hot Work,Night,Low,Low,Low,Medium,70
19.17,68.47,3.1,37,7,Yes,Normal,Morning,Low,Medium,Low,Low,80
26.68,85.76,9.92,88,30,No,Normal,Evening,Low,High,Low,High,50
6.38,41.5,8.91,28,24,Yes,Confined Space,Evening,Low,Low,Low,High,60
11.73,60.0,5.17,25,9,Yes,Confined Space,Evening,Low,Low,Low,Medium,80
90.72,54.03,8.8,54,4,Yes,Normal,Evening,Medium,Low,High,High,40
14.71,76.67,4.4,72,10,No,Confined Space,Night,Low,Medium,Low,Low,80
49.32,40.19,2.18,89,11,Yes,Normal,Morning,Low,Low,Low,Low,90
93.75,82.5,3.4,31,18,Yes,Normal,Morning,High,High,High,Low,40
46.83,36.98,5.93,65,10,Yes,Hot Work,Morning,Low,Low,Low,Medium,80
0.89,78.92,2.69,20,27,Yes,Hot Work,Morning,Low,Medium,Low,Low,70
32.05,66.08,7.41,51,12,No,Hot Work,Night,Low,Medium,Low,Medium,70
82.88,85.97,8.86,22,23,No,Hot Work,Evening,High,High,High,High,20
74.19,22.87,4.94,84,2,No,Confined Space,Morning,Medium,Low,Medium,Low,85
23.97,30.93,5.87,43,26,No,Confined Space,Evening,Low,Low,Low,Medium,80
31.19,36.91,8.1,48,20,No,Confined Space,Evening,Low,Low,Low,High,80
12.26,46.19,5.88,47,17,Yes,Confined Space,Night,Low,Low,Low,Medium,70
49.86,25.66,7.3,51,24,No,Hot Work,Evening,Low,Low,Low,Medium,80
36.54,80.73,4.07,34,15,No,Normal,Evening,Low,High,Low,Low,80
16.87,90.04,2.42,35,14,Yes,Confined Space,Evening,Low,High,Low,Low,70
37.12,89.98,2.74,89,30,No,Hot Work,Morning,Low,High,Low,Low,70
93.33,50.04,6.97,54,4,No,Hot Work,Night,Medium,Low,High,Medium,50
58.54,90.59,4.84,84,3,Yes,Confined Space,Evening,Low,High,Medium,Low,70
28.48,67.08,4.88,82,27,Yes,Confined Space,Evening,Low,Medium,Low,Low,70
2.77,73.53,7.86,52,23,No,Confined Space,Evening,Low,Medium,Low,Medium,70
59.98,45.11,7.27,85,22,Yes,Hot Work,Evening,Low,Low,Medium,Medium,70
60.49,93.35,1.86,58,11,Yes,Hot Work,Night,Medium,High,Medium,Low,45
17.39,72.73,7.31,71,27,No,Normal,Evening,Low,Medium,Low,Medium,70
41.94,52.21,9.45,24,28,No,Normal,Morning,Low,Low,Low,High,70
27.23,85.76,1.63,73,23,No,Hot Work,Night,Low,High,Low,Low,60
8.16,32.82,9.48,85,23,No,Hot Work,Morning,Low,Low,Low,High,70
21.26,28.14,8.65,39,5,Yes,Confined Space,Evening,Low,Low,Low,High,70
28.69,70.09,2.32,20,30,No,Confined Space,Morning,Low,Medium,Low,Low,80
35.46,70.86,1.96,56,20,Yes,Normal,Night,Low,Medium,Low,Low,70
23.03,25.07,3.35,58,29,No,Hot Work,Morning,Low,Low,Low,Low,90
97.94,59.42,8.97,82,27,No,Confined Space,Night,Medium,Low,High,High,30
98.92,76.12,5.47,40,25,Yes,Normal,Night,High,Medium,High,Medium,20
90.25,78.97,8.35,50,3,No,Normal,Night,High,Medium,High,High,30
76.06,48.02,6.36,54,21,Yes,Normal,Evening,Medium,Low,High,Medium,55
41.49,60.8,7.91,69,25,No,Normal,Morning,Low,Medium,Low,Medium,70
45.49,32.13,2.45,24,8,No,Confined Space,Morning,Low,Low,Low,Low,100
35.11,39.9,3.57,51,23,No,Hot Work,Evening,Low,Low,Low,Low,90
99.14,47.12,2.89,33,12,Yes,Normal,Evening,Medium,Low,High,Low,60
53.32,63.51,8.74,79,17,Yes,Confined Space,Night,Low,Medium,Medium,High,50
99.57,88.81,8.97,76,21,No,Hot Work,Morning,High,High,High,High,20
85.09,74.75,1.26,80,28,Yes,Normal,Night,High,Medium,High,Low,30
94.11,77.24,2.85,41,4,Yes,Hot Work,Night,High,Medium,High,Low,40
73.21,57.38,5.47,47,15,Yes,Hot Work,Evening,Medium,Low,Medium,Medium,65
87.45,66.31,8.76,59,3,No,Confined Space,Night,Medium,Medium,High,High,30
42.52,55.05,6.73,34,27,No,Hot Work,Evening,Low,Low,Low,Medium,80
45.14,68.16,8.94,41,8,No,Confined Space,Morning,Low,Medium,Low,High,70
0.91,62.01,2.8,29,20,No,Confined Space,Morning,Low,Medium,Low,Low,90
41.78,72.8,4.09,84,20,Yes,Confined Space,Evening,Low,Medium,Low,Low,80
68.15,77.32,6.99,81,11,No,Normal,Evening,Medium,Medium,Medium,Medium,65
8.59,33.55,3.27,81,25,Yes,Hot Work,Night,Low,Low,Low,Low,70
11.78,55.82,5.65,32,5,No,Confined Space,Evening,Low,Low,Low,Medium,90
90.46,38.07,6.39,39,21,No,Normal,Morning,Medium,Low,High,Medium,50
52.14,67.86,1.14,48,17,No,Confined Space,Night,Low,Medium,Medium,Low,80
98.88,66.08,5.31,84,13,No,Hot Work,Night,Medium,Medium,High,Medium,40
56.08,78.76,8.66,36,1,Yes,Hot Work,Evening,Low,Medium,Medium,High,60
52.42,99.36,2.24,38,19,No,Normal,Night,Low,High,Medium,Low,70
0.51,65.86,9.21,46,9,No,Hot Work,Night,Low,Medium,Low,High,60
23.98,25.78,3.29,33,29,No,Hot Work,Evening,Low,Low,Low,Low,90
1.85,66.13,8.82,23,20,No,Normal,Morning,Low,Medium,Low,High,70
34.01,87.86,7.29,74,11,No,Confined Space,Evening,Low,High,Low,Medium,70
54.65,92.54,5.03,78,12,No,Hot Work,Morning,Low,High,Medium,Medium,70
64.89,50.71,1.53,51,2,No,Hot Work,Morning,Medium,Low,Medium,Low,85
70.53,78.11,7.23,58,3,Yes,Confined Space,Night,Medium,Medium,Medium,Medium,45
21.5,74.04,6.13,26,8,Yes,Hot Work,Night,Low,Medium,Low,Medium,60
55.68,23.93,7.49,86,28,No,Confined Space,Night,Low,Low,Medium,Medium,70
94.01,96.89,3.84,59,29,No,Confined Space,Evening,High,High,High,Low,40
14.82,42.04,4.47,47,23,Yes,Hot Work,Morning,Low,Low,Low,Low,80
20.31,53.6,3.85,42,4,No,Normal,Morning,Low,Low,Low,Low,100
93.66,89.0,1.63,51,22,Yes,Confined Space,Evening,High,High,High,Low,30
7.75,84.72,6.17,35,1,Yes,Confined Space,Morning,Low,High,Low,Medium,60
42.0,66.58,3.94,23,24,Yes,Normal,Morning,Low,Medium,Low,Low,70
57.81,91.69,1.39,42,4,No,Hot Work,Night,Low,High,Medium,Low,70
77.45,59.74,8.13,83,2,Yes,Normal,Morning,Medium,Low,High,High,55
1.36,70.76,3.01,49,29,Yes,Hot Work,Night,Low,Medium,Low,Low,60
66.12,54.01,1.85,35,19,Yes,Hot Work,Evening,Medium,Low,Medium,Low,75
9.66,20.22,9.1,52,28,Yes,Confined Space,Evening,Low,Low,Low,High,60
39.89,74.17,4.61,71,22,Yes,Confined Space,Evening,Low,Medium,Low,Low,70
60.01,72.2,6.27,35,16,No,Confined Space,Evening,Medium,Medium,Medium,Medium,65
84.31,33.76,5.43,84,16,No,Confined Space,Morning,Medium,Low,High,Medium,60
9.93,77.98,8.49,62,26,Yes,Normal,Morning,Low,Medium,Low,High,50
80.72,20.98,7.29,51,7,Yes,Hot Work,Evening,Medium,Low,High,Medium,50
96.44,69.82,1.63,52,10,No,Hot Work,Evening,Medium,Medium,High,Low,60
86.13,83.99,9.41,45,23,Yes,Confined Space,Morning,High,High,High,High,10
58.33,28.8,2.52,22,9,Yes,Normal,Evening,Low,Low,Medium,Low,90
65.93,20.59,7.11,85,29,No,Hot Work,Morning,Medium,Low,Medium,Medium,65
88.53,77.73,7.74,57,26,Yes,Hot Work,Night,High,Medium,High,Medium,20
7.46,35.88,7.41,31,17,Yes,Normal,Night,Low,Low,Low,Medium,70
29.91,55.45,9.73,43,11,No,Normal,Evening,Low,Low,Low,High,80
76.7,71.9,4.26,50,15,No,Confined Space,Evening,Medium,Medium,High,Low,75
16.7,52.19,2.62,55,18,Yes,Confined Space,Evening,Low,Low,Low,Low,90
80.66,47.08,9.98,86,27,No,Normal,Evening,Medium,Low,High,High,40
79.33,33.47,1.23,71,24,No,Hot Work,Evening,Medium,Low,High,Low,75
17.11,73.32,5.8,57,18,No,Hot Work,Morning,Low,Medium,Low,Medium,80
71.09,46.06,7.09,34,19,No,Confined Space,Evening,Medium,Low,Medium,Medium,75
27.73,86.62,9.47,69,26,No,Normal,Evening,Low,High,Low,High,50
81.96,93.66,5.77,42,17,Yes,Confined Space,Morning,High,High,High,Medium,30
73.17,54.76,4.85,61,28,No,Hot Work,Evening,Medium,Low,Medium,Low,75
73.74,27.14,1.84,44,26,Yes,Normal,Evening,Medium,Low,Medium,Low,65
34.81,51.23,3.69,46,25,Yes,Hot Work,Night,Low,Low,Low,Low,70
73.19,54.09,1.42,83,19,No,Confined Space,Evening,Medium,Low,Medium,Low,85
7.66,31.97,2.42,26,7,Yes,Confined Space,Evening,Low,Low,Low,Low,90
0.11,42.53,3.04,68,21,Yes,Confined Space,Night,Low,Low,Low,Low,70
59.44,73.85,8.3,83,6,No,Normal,Night,Low,Medium,Medium,High,60
24.61,72.25,3.32,58,13,No,Confined Space,Morning,Low,Medium,Low,Low,90
59.51,82.06,8.89,58,12,Yes,Hot Work,Morning,Low,High,Medium,High,50
30.72,49.74,8.54,49,11,Yes,Hot Work,Morning,Low,Low,Low,High,70
17.51,94.87,8.37,82,19,Yes,Confined Space,Evening,Low,High,Low,High,50
54.04,36.28,8.96,22,12,No,Hot Work,Morning,Low,Low,Medium,High,80
2.08,90.83,8.23,30,27,No,Confined Space,Night,Low,High,Low,High,40
53.21,99.44,2.28,47,2,No,Normal,Night,Low,High,Medium,Low,70
44.85,57.48,7.58,65,10,No,Hot Work,Morning,Low,Low,Low,Medium,90
86.06,72.03,9.88,71,5,No,Normal,Evening,High,Medium,High,High,40
39.3,60.97,5.95,44,15,Yes,Hot Work,Morning,Low,Medium,Low,Medium,70
30.39,72.85,4.46,56,27,No,Hot Work,Night,Low,Medium,Low,Low,70
1.13,73.27,1.22,59,13,Yes,Confined Space,Evening,Low,Medium,Low,Low,80
44.78,59.01,9.6,42,1,No,Hot Work,Morning,Low,Low,Low,High,80
2.98,59.19,3.93,32,30,Yes,Hot Work,Evening,Low,Low,Low,Low,80
60.82,88.23,5.7,79,19,Yes,Confined Space,Morning,Medium,High,Medium,Medium,45
97.53,42.11,3.6,34,16,No,Confined Space,Evening,Medium,Low,High,Low,70
83.44,92.2,4.29,62,3,Yes,Confined Space,Evening,High,High,High,Low,40
70.37,33.85,3.76,30,25,Yes,Normal,Morning,Medium,Low,Medium,Low,65
93.01,84.46,3.94,72,28,No,Confined Space,Morning,High,High,High,Low,40
32.64,49.37,3.17,62,10,No,Normal,Morning,Low,Low,Low,Low,100
55.04,26.61,2.44,52,26,No,Confined Space,Night,Low,Low,Medium,Low,80
49.59,50.74,6.67,21,8,No,Hot Work,Morning,Low,Low,Low,Medium,90
77.98,39.12,9.72,36,14,Yes,Confined Space,Night,Medium,Low,High,High,45
99.54,51.1,4.33,33,8,No,Normal,Morning,Medium,Low,High,Low,70
44.22,75.18,8.39,34,6,No,Normal,Night,Low,Medium,Low,High,60
85.88,73.56,2.8,60,1,Yes,Hot Work,Morning,High,Medium,High,Low,50
96.95,27.48,9.44,90,29,No,Hot Work,Morning,Medium,Low,High,High,40
66.81,78.54,6.88,61,30,No,Hot Work,Evening,Medium,Medium,Medium,Medium,55
62.9,80.36,6.84,63,16,Yes,Hot Work,Evening,Medium,High,Medium,Medium,45
88.48,82.15,7.05,60,5,Yes,Hot Work,Morning,High,High,High,Medium,30
50.71,66.06,1.07,37,13,Yes,Confined Space,Morning,Low,Medium,Medium,Low,80
62.84,67.39,1.03,81,28,Yes,Confined Space,Evening,Medium,Medium,Medium,Low,55
28.66,41.3,9.75,29,3,No,Normal,Evening,Low,Low,Low,High,80
17.26,87.89,1.02,85,16,No,Normal,Night,Low,High,Low,Low,70
11.56,92.6,1.99,71,12,No,Normal,Evening,Low,High,Low,Low,80
86.36,25.48,3.97,70,13,Yes,Hot Work,Morning,Medium,Low,High,Low,60
49.64,35.67,2.2,33,7,No,Hot Work,Evening,Low,Low,Low,Low,100
46.7,66.52,6.54,23,15,No,Confined Space,Night,Low,Medium,Low,Medium,70
51.58,51.92,4.96,29,3,No,Hot Work,Evening,Low,Low,Medium,Low,100
86.51,27.15,4.06,85,2,Yes,Hot Work,Morning,Medium,Low,High,Low,60
59.61,32.32,7.62,27,9,No,Hot Work,Night,Low,Low,Medium,Medium,80
20.22,73.31,1.95,38,24,No,Confined Space,Night,Low,Medium,Low,Low,70
98.94,64.8,6.72,81,17,No,Confined Space,Night,Medium,Medium,High,Medium,40
77.41,81.01,6.97,60,9,No,Confined Space,Night,Medium,High,High,Medium,45
78.24,62.78,5.54,86,4,Yes,Hot Work,Night,Medium,Medium,High,Medium,45
79.16,40.81,2.08,27,14,Yes,Confined Space,Evening,Medium,Low,High,Low,75
62.54,42.76,5.43,33,5,No,Confined Space,Night,Medium,Low,Medium,Medium,65
29.92,61.15,8.77,22,11,No,Hot Work,Night,Low,Medium,Low,High,60
52.48,65.29,4.55,79,12,Yes,Normal,Morning,Low,Medium,Medium,Low,80
8.55,46.08,8.35,45,15,No,Hot Work,Night,Low,Low,Low,High,70
96.69,38.1,3.14,78,2,Yes,Normal,Morning,Medium,Low,High,Low,60
85.05,50.14,1.93,37,13,No,Normal,Evening,Medium,Low,High,Low,70
88.12,72.36,2.08,83,24,Yes,Confined Space,Evening,High,Medium,High,Low,40
32.14,73.57,6.4,70,3,Yes,Normal,Night,Low,Medium,Low,Medium,60
51.3,56.67,5.72,75,6,Yes,Normal,Night,Low,Low,Medium,Medium,70
17.59,96.25,5.19,29,2,Yes,Normal,Morning,Low,High,Low,Medium,60
16.69,45.07,3.84,65,21,Yes,Confined Space,Evening,Low,Low,Low,Low,80
64.98,60.79,3.08,29,18,No,Confined Space,Evening,Medium,Medium,Medium,Low,75
2.05,87.45,9.97,84,26,Yes,Confined Space,Morning,Low,High,Low,High,40
85.65,49.52,2.95,81,6,Yes,Normal,Evening,Medium,Low,High,Low,60
52.37,98.38,1.35,24,27,Yes,Hot Work,Evening,Low,High,Medium,Low,60
66.48,60.66,1.82,84,18,No,Normal,Night,Medium,Medium,Medium,Low,65
45.79,27.32,1.53,78,5,No,Confined Space,Night,Low,Low,Low,Low,90
19.02,37.82,3.71,80,27,No,Hot Work,Evening,Low,Low,Low,Low,90
41.01,84.6,9.63,21,4,Yes,Normal,Morning,Low,High,Low,High,50
40.12,52.32,5.38,41,27,No,Confined Space,Evening,Low,Low,Low,Medium,80
76.87,79.22,7.19,71,30,No,Hot Work,Evening,Medium,Medium,High,Medium,55
37.42,98.9,7.9,74,27,Yes,Normal,Morning,Low,High,Low,Medium,50
80.3,64.7,1.54,68,8,Yes,Hot Work,Evening,Medium,Medium,High,Low,50
78.96,51.29,5.38,89,14,No,Normal,Evening,Medium,Low,High,Medium,75
46.42,53.24,5.05,30,13,Yes,Normal,Evening,Low,Low,Low,Medium,80
99.93,75.53,1.44,28,17,No,Confined Space,Evening,High,Medium,High,Low,60
38.22,97.2,3.84,68,4,Yes,Hot Work,Night,Low,High,Low,Low,60
25.77,27.57,5.4,59,3,Yes,Hot Work,Evening,Low,Low,Low,Medium,80
60.18,48.78,6.04,78,19,No,Confined Space,Evening,Medium,Low,Medium,Medium,75
56.25,35.74,8.87,26,23,No,Normal,Morning,Low,Low,Medium,High,70
97.79,41.74,5.68,87,24,No,Confined Space,Morning,Medium,Low,High,Medium,50
98.79,68.16,1.42,36,20,Yes,Hot Work,Night,Medium,Medium,High,Low,40
64.82,42.76,8.99,38,21,Yes,Confined Space,Morning,Medium,Low,Medium,High,45
8.5,97.36,2.44,36,24,No,Hot Work,Evening,Low,High,Low,Low,70
44.92,70.04,4.03,70,5,Yes,Hot Work,Evening,Low,Medium,Low,Low,80
17.71,20.42,8.81,32,5,Yes,Hot Work,Morning,Low,Low,Low,High,70
41.62,78.73,8.09,61,9,No,Hot Work,Morning,Low,Medium,Low,High,70
25.29,48.65,4.69,86,4,No,Hot Work,Evening,Low,Low,Low,Low,100
1.65,43.22,6.71,50,14,No,Hot Work,Night,Low,Low,Low,Medium,80
6.62,98.2,6.45,71,30,No,Hot Work,Morning,Low,High,Low,Medium,60
29.04,57.17,8.82,71,18,No,Confined Space,Night,Low,Low,Low,High,70
31.67,57.22,3.15,62,24,Yes,Hot Work,Morning,Low,Low,Low,Low,80
3.17,82.48,3.04,76,18,No,Hot Work,Morning,Low,High,Low,Low,80
93.54,22.16,6.43,82,12,No,Confined Space,Night,Medium,Low,High,Medium,50
69.38,74.76,9.83,69,21,No,Confined Space,Evening,Medium,Medium,Medium,High,45
27.65,38.72,4.73,81,26,No,Confined Space,Morning,Low,Low,Low,Low,90
0.04,38.42,3.6,47,16,Yes,Confined Space,Evening,Low,Low,Low,Low,90
79.9,25.22,4.94,83,11,Yes,Normal,Night,Medium,Low,High,Low,65
23.2,90.14,7.23,29,12,No,Confined Space,Morning,Low,High,Low,Medium,70
35.83,20.06,2.88,65,8,Yes,Confined Space,Morning,Low,Low,Low,Low,90
46.37,96.42,6.81,88,10,No,Normal,Night,Low,High,Low,Medium,60
44.03,22.91,4.55,90,13,No,Normal,Evening,Low,Low,Low,Low,100
68.65,90.34,5.56,80,22,Yes,Normal,Night,Medium,High,Medium,Medium,25
3.08,59.42,7.09,38,17,No,Confined Space,Evening,Low,Low,Low,Medium,90
23.28,21.09,3.04,28,15,No,Normal,Morning,Low,Low,Low,Low,100
40.28,28.36,7.02,82,9,No,Hot Work,Evening,Low,Low,Low,Medium,90
38.26,21.11,4.92,78,28,No,Hot Work,Evening,Low,Low,Low,Low,90
15.81,99.85,2.17,85,19,Yes,Normal,Evening,Low,High,Low,Low,70
6.97,78.46,3.31,26,10,No,Hot Work,Evening,Low,Medium,Low,Low,90
69.24,96.04,3.5,24,6,Yes,Confined Space,Night,Medium,High,Medium,Low,45
90.09,34.38,6.82,43,13,No,Hot Work,Evening,Medium,Low,High,Medium,60
43.82,60.2,1.42,61,15,Yes,Normal,Night,Low,Medium,Low,Low,70
45.34,21.24,6.19,84,14,Yes,Normal,Night,Low,Low,Low,Medium,70
89.3,86.58,1.66,28,19,Yes,Confined Space,Night,High,High,High,Low,30
68.61,95.08,7.15,58,12,Yes,Hot Work,Evening,Medium,High,Medium,Medium,45
83.89,68.79,1.72,71,19,Yes,Hot Work,Evening,Medium,Medium,High,Low,50
53.87,42.09,7.33,26,28,No,Confined Space,Night,Low,Low,Medium,Medium,70
54.14,86.95,6.1,66,26,No,Confined Space,Morning,Low,High,Medium,Medium,60
51.81,96.97,8.26,87,11,Yes,Normal,Evening,Low,High,Medium,High,50
56.76,76.48,7.73,52,12,Yes,Normal,Morning,Low,Medium,Medium,Medium,70
21.41,54.31,2.14,55,25,Yes,Confined Space,Night,Low,Low,Low,Low,70
44.67,66.26,5.38,69,27,No,Confined Space,Evening,Low,Medium,Low,Medium,70
59.27,50.26,3.87,67,3,Yes,Confined Space,Night,Low,Low,Medium,Low,80
78.36,78.69,4.25,67,26,No,Normal,Night,Medium,Medium,High,Low,55
91.16,73.1,6.6,58,16,No,Hot Work,Morning,High,Medium,High,Medium,50
1.49,46.97,7.1,39,18,No,Normal,Morning,Low,Low,Low,Medium,90
82.68,88.14,4.4,55,13,Yes,Normal,Evening,High,High,High,Low,40
20.9,43.52,7.2,70,2,Yes,Normal,Morning,Low,Low,Low,Medium,80
38.36,38.94,6.13,56,11,Yes,Confined Space,Night,Low,Low,Low,Medium,70
52.03,96.95,8.24,72,16,No,Confined Space,Morning,Low,High,Medium,High,60
77.28,72.1,1.66,29,26,No,Confined Space,Morning,Medium,Medium,High,Low,65
4.13,80.08,1.83,27,30,Yes,Hot Work,Morning,Low,High,Low,Low,60
34.98,74.21,7.51,25,29,Yes,Hot Work,Evening,Low,Medium,Low,Medium,60
59.89,33.24,2.99,80,19,No,Hot Work,Night,Low,Low,Medium,Low,90
23.65,79.22,7.7,39,30,Yes,Hot Work,Morning,Low,Medium,Low,Medium,60
77.08,27.04,4.07,60,23,No,Hot Work,Evening,Medium,Low,High,Low,75
19.44,38.8,9.99,26,5,Yes,Normal,Morning,Low,Low,Low,High,70
74.52,30.57,2.1,48,5,No,Confined Space,Morning,Medium,Low,Medium,Low,85
59.12,26.68,9.03,40,8,No,Hot Work,Morning,Low,Low,Medium,High,80
63.77,39.19,3.63,59,29,Yes,Normal,Night,Medium,Low,Medium,Low,55
73.05,62.82,4.79,34,2,No,Normal,Evening,Medium,Medium,Medium,Low,75
76.67,58.89,5.67,56,21,Yes,Confined Space,Morning,Medium,Low,High,Medium,55
13.85,64.72,2.29,34,16,No,Hot Work,Evening,Low,Medium,Low,Low,90
81.1,83.54,9.54,81,19,Yes,Confined Space,Morning,High,High,High,High,20
22.52,44.04,7.95,58,16,Yes,Hot Work,Morning,Low,Low,Low,Medium,80
29.91,31.56,3.64,54,28,Yes,Hot Work,Evening,Low,Low,Low,Low,80
70.52,30.74,5.74,34,15,Yes,Normal,Night,Medium,Low,Medium,Medium,55
38.69,88.1,6.0,79,11,Yes,Normal,Evening,Low,High,Low,Medium,60
46.06,82.43,9.75,87,6,Yes,Normal,Evening,Low,High,Low,High,50
19.91,90.16,6.36,59,6,Yes,Hot Work,Evening,Low,High,Low,Medium,60
54.68,70.12,5.22,90,27,Yes,Confined Space,Night,Low,Medium,Medium,Medium,50
56.56,21.12,7.87,48,15,No,Hot Work,Night,Low,Low,Medium,Medium,80
16.8,91.32,6.11,40,16,Yes,Hot Work,Evening,Low,High,Low,Medium,60
39.76,58.55,7.25,77,21,No,Hot Work,Evening,Low,Low,Low,Medium,80
99.69,57.88,7.72,27,30,No,Hot Work,Morning,Medium,Low,High,Medium,50
23.82,34.54,1.35,23,25,Yes,Confined Space,Evening,Low,Low,Low,Low,80
31.96,82.37,6.84,68,10,No,Hot Work,Evening,Low,High,Low,Medium,70
21.26,42.93,1.06,47,13,Yes,Normal,Evening,Low,Low,Low,Low,90
15.13,69.68,9.9,85,26,No,Normal,Night,Low,Medium,Low,High,50
50.66,37.83,3.92,84,20,Yes,Normal,Night,Low,Low,Medium,Low,80
90.76,36.73,1.09,58,10,No,Hot Work,Night,Medium,Low,High,Low,60
44.28,54.67,3.16,76,10,No,Confined Space,Night,Low,Low,Low,Low,90
77.54,67.83,6.04,56,7,Yes,Normal,Morning,Medium,Medium,High,Medium,55
20.89,49.2,1.98,81,15,Yes,Normal,Morning,Low,Low,Low,Low,90
98.51,71.81,8.38,23,9,No,Hot Work,Evening,High,Medium,High,High,40
50.1,56.64,7.65,35,4,No,Hot Work,Night,Low,Low,Medium,Medium,80
4.18,55.81,5.76,27,19,Yes,Normal,Morning,Low,Low,Low,Medium,80
8.4,47.51,6.16,62,6,Yes,Normal,Evening,Low,Low,Low,Medium,80
74.35,93.71,5.68,36,14,No,Confined Space,Morning,Medium,High,Medium,Medium,55
1.74,97.03,6.07,89,7,Yes,Confined Space,Night,Low,High,Low,Medium,50
85.18,59.76,6.6,90,23,No,Hot Work,Evening,Medium,Low,High,Medium,50
49.57,25.01,4.97,34,22,No,Normal,Evening,Low,Low,Low,Low,90
24.26,50.74,5.97,36,18,No,Hot Work,Night,Low,Low,Low,Medium,80
9.1,85.74,1.75,35,13,No,Hot Work,Night,Low,High,Low,Low,70
11.29,50.46,1.42,58,19,No,Hot Work,Evening,Low,Low,Low,Low,100
16.87,98.59,2.02,60,26,No,Confined Space,Night,Low,High,Low,Low,60
30.8,20.12,6.21,81,16,Yes,Hot Work,Morning,Low,Low,Low,Medium,80
50.42,59.03,1.89,24,1,No,Normal,Morning,Low,Low,Medium,Low,100
14.16,47.88,2.21,53,20,Yes,Hot Work,Night,Low,Low,Low,Low,80
88.71,54.96,1.3,30,5,Yes,Hot Work,Night,Medium,Low,High,Low,50
75.37,29.55,9.05,84,24,Yes,Confined Space,Night,Medium,Low,High,High,35
46.49,87.38,5.28,74,15,Yes,Confined Space,Evening,Low,High,Low,Medium,60
45.48,72.38,8.2,88,9,No,Normal,Evening,Low,Medium,Low,High,70
27.22,60.95,1.35,26,29,Yes,Hot Work,Evening,Low,Medium,Low,Low,70
30.43,53.34,9.8,86,5,Yes,Hot Work,Evening,Low,Low,Low,High,70
69.38,89.25,2.43,66,24,No,Hot Work,Morning,Medium,High,Medium,Low,55
43.29,42.37,2.03,69,3,Yes,Normal,Evening,Low,Low,Low,Low,90
1.42,21.56,2.78,45,15,No,Normal,Night,Low,Low,Low,Low,90
99.85,55.06,4.81,83,11,Yes,Confined Space,Evening,Medium,Low,High,Low,60
63.6,30.52,4.05,82,18,Yes,Normal,Night,Medium,Low,Medium,Low,65
69.03,27.09,1.15,90,17,No,Confined Space,Night,Medium,Low,Medium,Low,75
9.23,27.44,8.62,71,21,Yes,Confined Space,Evening,Low,Low,Low,High,60
0.55,78.66,3.98,85,7,No,Normal,Night,Low,Medium,Low,Low,80
84.4,37.76,8.59,43,29,No,Normal,Morning,Medium,Low,High,High,40
83.62,47.92,8.33,62,30,Yes,Hot Work,Night,Medium,Low,High,High,20
26.96,74.49,8.04,63,28,Yes,Hot Work,Morning,Low,Medium,Low,High,50
36.71,20.6,6.14,67,11,Yes,Hot Work,Evening,Low,Low,Low,Medium,80
49.98,35.67,2.0,37,12,No,Confined Space,Night,Low,Low,Low,Low,90
95.69,28.02,8.8,38,21,No,Normal,Night,Medium,Low,High,High,30
52.93,40.63,6.24,61,20,Yes,Hot Work,Morning,Low,Low,Medium,Medium,80
14.17,32.73,9.11,21,30,Yes,Confined Space,Morning,Low,Low,Low,High,60
5.56,79.94,3.07,72,13,No,Hot Work,Night,Low,Medium,Low,Low,80
48.0,92.38,9.48,85,11,Yes,Hot Work,Morning,Low,High,Low,High,50
43.89,85.44,6.63,71,7,Yes,Normal,Night,Low,High,Low,Medium,50
17.81,65.69,6.85,30,27,No,Confined Space,Night,Low,Medium,Low,Medium,60
97.81,74.76,4.46,51,18,No,Hot Work,Evening,High,Medium,High,Low,60
3.6,57.1,8.01,90,14,Yes,Hot Work,Morning,Low,Low,Low,High,70
86.45,66.55,1.63,80,6,No,Confined Space,Evening,Medium,Medium,High,Low,60
19.43,59.57,1.91,53,10,Yes,Normal,Night,Low,Low,Low,Low,80
32.0,20.83,1.12,68,17,No,Hot Work,Night,Low,Low,Low,Low,90
21.43,25.01,6.53,48,13,No,Hot Work,Evening,Low,Low,Low,Medium,90
57.22,63.9,7.72,75,2,Yes,Normal,Evening,Low,Medium,Medium,Medium,70
75.92,57.81,9.67,34,28,No,Hot Work,Evening,Medium,Low,High,High,55
46.17,28.61,4.48,60,25,Yes,Hot Work,Evening,Low,Low,Low,Low,80
19.12,51.37,9.79,37,27,No,Confined Space,Morning,Low,Low,Low,High,70
92.92,20.01,3.44,38,13,No,Normal,Morning,Medium,Low,High,Low,70
23.48,26.41,1.09,82,23,Yes,Normal,Night,Low,Low,Low,Low,70
68.85,79.13,5.15,61,14,No,Normal,Evening,Medium,Medium,Medium,Medium,65
67.01,96.14,6.56,46,2,No,Hot Work,Night,Medium,High,Medium,Medium,45
61.29,90.84,5.55,42,19,Yes,Normal,Night,Medium,High,Medium,Medium,35
26.09,77.25,3.94,84,12,Yes,Confined Space,Morning,Low,Medium,Low,Low,80
8.46,65.4,3.77,22,6,Yes,Confined Space,Morning,Low,Medium,Low,Low,80
55.86,76.22,2.12,59,21,No,Hot Work,Night,Low,Medium,Medium,Low,70
24.92,73.52,4.62,51,28,Yes,Hot Work,Night,Low,Medium,Low,Low,60
85.82,22.03,5.45,36,7,Yes,Hot Work,Night,Medium,Low,High,Medium,40
46.0,98.55,9.62,28,29,Yes,Normal,Evening,Low,High,Low,High,40
6.87,60.21,9.97,57,11,No,Normal,Morning,Low,Medium,Low,High,70
59.67,20.5,4.47,71,17,Yes,Hot Work,Night,Low,Low,Medium,Low,80
22.89,84.9,5.29,74,18,No,Hot Work,Night,Low,High,Low,Medium,60
86.67,66.46,4.65,68,17,Yes,Normal,Evening,Medium,Medium,High,Low,50
14.13,51.24,4.11,37,13,Yes,Hot Work,Evening,Low,Low,Low,Low,90
55.74,31.16,2.38,39,30,Yes,Normal,Morning,Low,Low,Medium,Low,80
81.47,59.65,7.15,29,10,No,Confined Space,Evening,Medium,Low,High,Medium,60
85.75,76.32,3.25,72,9,No,Confined Space,Evening,High,Medium,High,Low,60
13.28,59.59,6.37,56,18,Yes,Normal,Night,Low,Low,Low,Medium,70
51.25,58.76,3.39,71,22,No,Confined Space,Morning,Low,Low,Medium,Low,90
42.59,54.23,7.2,42,10,Yes,Confined Space,Evening,Low,Low,Low,Medium,80
56.49,51.53,8.03,65,20,No,Hot Work,Night,Low,Low,Medium,High,70
87.07,95.29,8.48,66,10,Yes,Confined Space,Evening,High,High,High,High,20
99.73,32.43,3.34,36,3,Yes,Hot Work,Morning,Medium,Low,High,Low,60
72.11,20.2,3.7,37,10,No,Normal,Morning,Medium,Low,Medium,Low,85
1.49,63.13,2.25,89,2,No,Confined Space,Morning,Low,Medium,Low,Low,90
35.64,34.44,4.66,70,17,No,Confined Space,Evening,Low,Low,Low,Low,100
53.45,81.59,9.56,48,1,Yes,Confined Space,Night,Low,High,Medium,High,40
80.13,27.61,8.4,30,7,No,Hot Work,Evening,Medium,Low,High,High,50
57.47,64.44,9.81,54,5,No,Normal,Evening,Low,Medium,Medium,High,70
42.53,87.47,1.99,20,19,Yes,Normal,Evening,Low,High,Low,Low,70
32.19,59.71,5.08,37,24,No,Hot Work,Morning,Low,Low,Low,Medium,80
52.95,58.66,9.82,54,15,Yes,Confined Space,Night,Low,Low,Medium,High,60
8.94,58.12,2.8,40,16,Yes,Hot Work,Evening,Low,Low,Low,Low,90
92.3,68.63,3.79,32,27,No,Hot Work,Morning,Medium,Medium,High,Low,50
85.21,80.73,1.37,69,19,Yes,Normal,Night,High,High,High,Low,30
18.59,77.43,1.83,30,4,Yes,Confined Space,Morning,Low,Medium,Low,Low,80
66.6,72.26,2.55,76,24,No,Hot Work,Morning,Medium,Medium,Medium,Low,65
86.5,71.75,4.66,65,27,No,Hot Work,Night,High,Medium,High,Low,40
57.25,56.69,9.09,86,29,No,Confined Space,Evening,Low,Low,Medium,High,70
43.15,100.0,3.76,77,27,Yes,Normal,Morning,Low,High,Low,Low,60
77.59,42.18,5.95,82,4,No,Confined Space,Morning,Medium,Low,High,Medium,75
56.71,66.11,4.98,26,1,Yes,Normal,Evening,Low,Medium,Medium,Low,80
83.04,90.71,6.06,74,27,Yes,Confined Space,Night,High,High,High,Medium,10
88.96,62.97,7.3,77,23,Yes,Hot Work,Evening,Medium,Medium,High,Medium,30
31.31,72.34,3.62,39,1,Yes,Confined Space,Evening,Low,Medium,Low,Low,80
92.02,91.45,7.31,40,17,No,Confined Space,Night,High,High,High,Medium,30
25.6,92.34,1.62,22,16,No,Confined Space,Night,Low,High,Low,Low,70
58.16,64.24,3.76,50,30,No,Hot Work,Morning,Low,Medium,Medium,Low,80
2.1,23.08,1.13,53,1,No,Hot Work,Night,Low,Low,Low,Low,90
35.85,31.02,3.28,69,26,Yes,Normal,Night,Low,Low,Low,Low,70
90.24,24.68,7.85,64,18,Yes,Normal,Morning,Medium,Low,High,Medium,50
56.35,77.56,5.13,41,27,Yes,Confined Space,Evening,Low,Medium,Medium,Medium,60
1.08,97.54,8.28,29,30,Yes,Confined Space,Night,Low,High,Low,High,30
68.61,40.21,7.24,81,25,No,Normal,Morning,Medium,Low,Medium,Medium,65
78.24,71.66,4.1,24,3,No,Normal,Morning,Medium,Medium,High,Low,75
57.02,61.99,5.71,85,14,No,Normal,Evening,Low,Medium,Medium,Medium,80
43.28,73.69,9.17,63,16,Yes,Confined Space,Morning,Low,Medium,Low,High,60
81.95,34.42,3.77,78,11,No,Confined Space,Night,Medium,Low,High,Low,60
88.18,94.23,8.36,56,28,No,Confined Space,Night,High,High,High,High,10
28.16,49.46,8.69,66,3,Yes,Hot Work,Night,Low,Low,Low,High,60
53.65,77.03,5.11,64,29,Yes,Hot Work,Night,Low,Medium,Medium,Medium,50
0.55,27.6,4.05,64,10,Yes,Normal,Morning,Low,Low,Low,Low,90
66.54,73.94,7.06,64,23,No,Hot Work,Night,Medium,Medium,Medium,Medium,45
80.93,41.4,3.32,70,1,Yes,Normal,Night,Medium,Low,High,Low,50
39.67,56.63,7.73,65,18,No,Confined Space,Morning,Low,Low,Low,Medium,90
37.62,73.85,9.05,76,6,Yes,Hot Work,Evening,Low,Medium,Low,High,60
60.03,70.47,1.2,78,6,No,Hot Work,Evening,Medium,Medium,Medium,Low,75
23.3,23.47,1.22,60,10,No,Normal,Night,Low,Low,Low,Low,90
10.2,21.08,9.18,54,24,No,Confined Space,Evening,Low,Low,Low,High,70
57.26,57.97,8.53,41,24,Yes,Normal,Evening,Low,Low,Medium,High,60
21.34,33.66,4.58,46,28,No,Confined Space,Night,Low,Low,Low,Low,80
98.52,74.51,1.01,89,22,Yes,Confined Space,Morning,High,Medium,High,Low,40
18.35,44.7,3.85,40,12,No,Normal,Evening,Low,Low,Low,Low,100
41.69,96.49,5.73,86,21,No,Normal,Evening,Low,High,Low,Medium,60
12.29,70.31,7.59,70,28,Yes,Hot Work,Morning,Low,Medium,Low,Medium,60
69.76,61.9,4.44,58,28,No,Hot Work,Night,Medium,Medium,Medium,Low,55
40.25,51.42,5.41,68,4,No,Confined Space,Evening,Low,Low,Low,Medium,90
13.69,90.53,4.73,83,25,Yes,Hot Work,Morning,Low,High,Low,Low,60
81.05,61.57,4.89,79,13,No,Hot Work,Night,Medium,Medium,High,Low,50
21.94,70.88,1.38,44,11,Yes,Hot Work,Night,Low,Medium,Low,Low,70
86.62,37.08,1.58,35,19,No,Hot Work,Night,Medium,Low,High,Low,60
17.28,85.81,5.68,21,14,No,Confined Space,Night,Low,High,Low,Medium,60
33.82,90.78,4.74,63,26,Yes,Confined Space,Night,Low,High,Low,Low,50
58.26,80.49,8.06,53,22,No,Hot Work,Night,Low,High,Medium,High,40
21.8,77.09,3.73,39,12,Yes,Normal,Morning,Low,Medium,Low,Low,80
24.31,76.66,4.14,88,6,Yes,Hot Work,Night,Low,Medium,Low,Low,70
78.88,51.39,4.91,31,26,No,Normal,Night,Medium,Low,High,Low,65
43.63,54.85,8.21,58,22,No,Confined Space,Morning,Low,Low,Low,High,70
63.52,35.47,4.25,57,24,Yes,Confined Space,Evening,Medium,Low,Medium,Low,65
48.38,83.74,6.61,60,5,No,Hot Work,Night,Low,High,Low,Medium,60
49.61,75.3,9.87,60,23,No,Hot Work,Morning,Low,Medium,Low,High,60
48.3,69.52,7.99,34,30,Yes,Confined Space,Night,Low,Medium,Low,Medium,50
62.61,61.33,2.03,74,12,No,Hot Work,Evening,Medium,Medium,Medium,Low,75
38.12,48.65,4.57,47,8,Yes,Hot Work,Night,Low,Low,Low,Low,80
85.48,49.12,2.36,31,12,No,Hot Work,Night,Medium,Low,High,Low,60
91.46,81.45,6.77,35,16,Yes,Hot Work,Night,High,High,High,Medium,20
11.87,74.96,7.71,60,10,No,Confined Space,Night,Low,Medium,Low,Medium,70
88.7,20.04,9.8,21,15,Yes,Hot Work,Morning,Medium,Low,High,High,40
23.84,40.7,8.12,63,29,No,Normal,Morning,Low,Low,Low,High,70
47.84,99.93,1.07,66,30,No,Confined Space,Evening,Low,High,Low,Low,70
47.32,93.92,2.02,89,9,No,Normal,Evening,Low,High,Low,Low,80
74.31,49.82,5.23,83,18,Yes,Hot Work,Night,Medium,Low,Medium,Medium,55
17.95,48.44,3.74,52,23,No,Confined Space,Night,Low,Low,Low,Low,80
73.37,25.82,7.58,27,6,Yes,Hot Work,Night,Medium,Low,Medium,Medium,55
13.23,40.3,2.93,82,11,Yes,Confined Space,Morning,Low,Low,Low,Low,90
61.97,27.23,2.4,69,15,No,Confined Space,Night,Medium,Low,Medium,Low,75
32.99,90.93,3.27,58,24,No,Hot Work,Night,Low,High,Low,Low,60
45.63,92.99,5.6,63,7,No,Normal,Evening,Low,High,Low,Medium,70
77.16,47.61,5.05,29,26,No,Hot Work,Evening,Medium,Low,High,Medium,65
99.8,32.42,4.71,44,30,No,Hot Work,Morning,Medium,Low,High,Low,60
43.37,69.26,5.61,39,18,No,Normal,Evening,Low,Medium,Low,Medium,80
40.53,39.91,2.25,29,28,No,Confined Space,Morning,Low,Low,Low,Low,90
59.4,90.28,5.15,72,25,Yes,Confined Space,Night,Low,High,Medium,Medium,40
26.72,42.11,8.59,27,28,Yes,Normal,Morning,Low,Low,Low,High,60
86.42,32.18,4.07,41,11,No,Normal,Morning,Medium,Low,High,Low,70
69.13,26.52,9.58,68,8,Yes,Confined Space,Morning,Medium,Low,Medium,High,55
55.2,29.41,8.78,46,13,No,Normal,Morning,Low,Low,Medium,High,80
11.95,75.9,8.07,33,12,No,Confined Space,Morning,Low,Medium,Low,High,70
50.52,92.27,2.37,77,18,No,Confined Space,Morning,Low,High,Medium,Low,80
14.95,26.78,2.36,37,26,No,Hot Work,Night,Low,Low,Low,Low,80
1.73,59.58,4.07,33,19,No,Hot Work,Morning,Low,Low,Low,Low,100
60.34,88.79,5.03,74,30,Yes,Confined Space,Evening,Medium,High,Medium,Medium,35
83.77,75.2,9.58,24,17,No,Normal,Morning,High,Medium,High,High,40
93.3,61.32,1.92,51,20,Yes,Normal,Evening,Medium,Medium,High,Low,50
82.25,50.67,8.54,34,17,Yes,Hot Work,Evening,Medium,Low,High,High,40
56.19,50.77,7.95,78,5,No,Confined Space,Evening,Low,Low,Medium,Medium,90
61.8,22.17,3.82,83,15,No,Normal,Evening,Medium,Low,Medium,Low,85
52.33,86.47,1.85,61,20,No,Confined Space,Morning,Low,High,Medium,Low,80
88.56,45.48,4.22,56,30,No,Normal,Morning,Medium,Low,High,Low,60
45.8,56.17,4.37,87,2,Yes,Confined Space,Night,Low,Low,Low,Low,80
85.6,92.33,4.55,60,22,Yes,Confined Space,Morning,High,High,High,Low,30
67.48,52.0,2.24,33,8,Yes,Confined Space,Evening,Medium,Low,Medium,Low,75
96.84,81.87,1.63,89,21,No,Normal,Morning,High,High,High,Low,40
60.36,66.31,6.91,65,27,Yes,Confined Space,Evening,Medium,Medium,Medium,Medium,45
83.0,67.83,9.73,40,6,Yes,Normal,Night,Medium,Medium,High,High,20
65.7,81.29,5.29,57,10,No,Hot Work,Morning,Medium,High,Medium,Medium,55
55.04,74.84,7.06,53,20,No,Confined Space,Night,Low,Medium,Medium,Medium,70
98.23,96.55,5.3,57,10,Yes,Normal,Night,High,High,High,Medium,20
82.91,34.72,1.6,83,23,Yes,Normal,Night,Medium,Low,High,Low,40
13.93,50.38,7.61,45,11,Yes,Hot Work,Evening,Low,Low,Low,Medium,80
10.48,65.57,5.16,36,13,Yes,Confined Space,Night,Low,Medium,Low,Medium,60
84.42,38.17,2.6,58,4,Yes,Normal,Night,Medium,Low,High,Low,50
45.93,66.29,3.81,25,23,No,Confined Space,Morning,Low,Medium,Low,Low,80
47.57,52.93,6.44,73,8,Yes,Confined Space,Night,Low,Low,Low,Medium,70
61.12,38.46,1.12,77,18,No,Confined Space,Evening,Medium,Low,Medium,Low,85
65.56,52.21,3.11,72,10,No,Confined Space,Evening,Medium,Low,Medium,Low,85
71.64,37.03,2.8,77,15,Yes,Normal,Morning,Medium,Low,Medium,Low,75
45.05,87.34,1.04,57,22,Yes,Normal,Evening,Low,High,Low,Low,60
20.08,77.29,8.71,23,25,No,Confined Space,Morning,Low,Medium,Low,High,60
37.26,88.44,4.94,49,9,No,Normal,Morning,Low,High,Low,Low,80
91.04,60.69,5.96,50,27,Yes,Normal,Night,Medium,Medium,High,Medium,20
24.2,79.79,1.76,20,3,No,Normal,Night,Low,Medium,Low,Low,80
3.88,86.18,3.82,49,20,Yes,Normal,Morning,Low,High,Low,Low,70
50.91,49.54,5.39,57,21,Yes,Confined Space,Morning,Low,Low,Medium,Medium,70
91.14,79.06,7.41,36,3,Yes,Confined Space,Evening,High,Medium,High,Medium,40
79.98,77.21,6.91,40,22,No,Normal,Evening,Medium,Medium,High,Medium,55
52.01,68.53,1.55,58,12,No,Normal,Evening,Low,Medium,Medium,Low,90
10.28,93.31,1.52,48,12,Yes,Normal,Morning,Low,High,Low,Low,70
73.68,50.1,6.09,40,8,Yes,Hot Work,Morning,Medium,Low,Medium,Medium,65
25.19,65.86,2.9,66,4,Yes,Normal,Morning,Low,Medium,Low,Low,80
15.26,36.9,4.1,87,23,No,Hot Work,Night,Low,Low,Low,Low,80
36.33,67.21,6.43,79,28,Yes,Normal,Morning,Low,Medium,Low,Medium,60
11.09,28.72,9.06,55,17,No,Confined Space,Evening,Low,Low,Low,High,80
26.8,53.32,3.01,90,26,Yes,Confined Space,Night,Low,Low,Low,Low,70
66.12,56.37,7.82,88,25,No,Hot Work,Morning,Medium,Low,Medium,Medium,65
31.88,39.69,4.53,65,24,Yes,Normal,Night,Low,Low,Low,Low,70
9.16,99.13,3.12,33,16,Yes,Normal,Morning,Low,High,Low,Low,70
72.65,48.86,8.26,45,13,No,Normal,Morning,Medium,Low,Medium,High,65
26.43,89.4,9.97,20,21,No,Normal,Night,Low,High,Low,High,40
18.81,93.9,7.32,83,24,Yes,Normal,Evening,Low,High,Low,Medium,50
22.28,93.63,4.16,38,2,Yes,Normal,Night,Low,High,Low,Low,60
93.88,73.91,1.04,38,20,No,Normal,Morning,High,Medium,High,Low,60
84.44,81.28,5.34,31,12,Yes,Confined Space,Evening,High,High,High,Medium,30
19.13,35.34,4.63,83,16,No,Hot Work,Night,Low,Low,Low,Low,90
40.61,23.0,1.95,35,23,No,Hot Work,Evening,Low,Low,Low,Low,90
79.26,44.08,4.91,33,2,Yes,Confined Space,Morning,Medium,Low,High,Low,75
91.45,45.73,6.15,61,3,Yes,Confined Space,Morning,Medium,Low,High,Medium,50
75.96,25.82,6.84,49,26,Yes,Confined Space,Evening,Medium,Low,High,Medium,55
87.9,64.3,8.01,89,12,No,Hot Work,Evening,Medium,Medium,High,High,40
75.23,88.79,6.62,26,20,No,Confined Space,Morning,Medium,High,High,Medium,55
45.21,78.0,7.59,83,7,Yes,Hot Work,Evening,Low,Medium,Low,Medium,70
75.37,62.96,1.71,37,25,Yes,Confined Space,Evening,Medium,Medium,High,Low,55
27.09,98.48,7.91,89,18,Yes,Normal,Night,Low,High,Low,Medium,50
35.95,81.51,8.3,56,11,Yes,Confined Space,Evening,Low,High,Low,High,50
7.83,80.7,1.02,40,8,No,Hot Work,Morning,Low,High,Low,Low,80
90.42,53.61,4.26,31,17,Yes,Confined Space,Night,Medium,Low,High,Low,50
62.57,75.91,1.32,75,29,No,Confined Space,Evening,Medium,Medium,Medium,Low,65
47.81,83.28,6.74,83,30,Yes,Normal,Evening,Low,High,Low,Medium,50
78.92,44.28,3.77,55,15,No,Confined Space,Evening,Medium,Low,High,Low,85
11.91,60.62,8.52,78,7,No,Confined Space,Evening,Low,Medium,Low,High,70
60.09,57.86,4.69,31,4,No,Hot Work,Night,Medium,Low,Medium,Low,75
43.17,38.95,8.68,50,28,No,Confined Space,Morning,Low,Low,Low,High,70
45.9,49.88,8.73,53,4,Yes,Hot Work,Night,Low,Low,Low,High,60
49.9,85.78,4.72,68,15,Yes,Hot Work,Night,Low,High,Low,Low,60
42.94,37.47,8.51,43,19,Yes,Confined Space,Evening,Low,Low,Low,High,70
50.65,72.1,1.72,82,3,Yes,Hot Work,Morning,Low,Medium,Medium,Low,80
43.22,35.88,9.23,45,13,Yes,Confined Space,Morning,Low,Low,Low,High,70
90.57,65.01,5.33,53,23,No,Hot Work,Night,Medium,Medium,High,Medium,30
4.07,72.14,3.34,75,3,No,Confined Space,Night,Low,Medium,Low,Low,80
68.95,93.04,4.77,46,15,No,Normal,Evening,Medium,High,Medium,Low,65
19.2,69.61,2.04,66,11,Yes,Normal,Morning,Low,Medium,Low,Low,80
62.48,47.45,3.56,67,19,No,Hot Work,Night,Medium,Low,Medium,Low,75
35.87,69.71,7.95,49,7,No,Normal,Evening,Low,Medium,Low,Medium,80
98.11,80.67,8.3,62,20,Yes,Hot Work,Morning,High,High,High,High,20
98.35,93.33,4.9,84,4,No,Normal,Evening,High,High,High,Low,50
82.08,71.84,9.06,65,13,Yes,Normal,Evening,High,Medium,High,High,30
20.15,26.74,8.72,44,26,No,Confined Space,Evening,Low,Low,Low,High,70
69.65,26.86,7.77,72,24,Yes,Normal,Evening,Medium,Low,Medium,Medium,55
6.51,52.57,1.21,38,7,No,Confined Space,Evening,Low,Low,Low,Low,100
53.02,50.0,5.57,63,26,Yes,Hot Work,Evening,Low,Low,Medium,Medium,70
60.01,20.94,3.98,80,8,Yes,Confined Space,Morning,Medium,Low,Medium,Low,75
17.98,87.06,9.54,27,13,Yes,Hot Work,Night,Low,High,Low,High,40
36.22,64.66,2.92,21,14,Yes,Normal,Evening,Low,Medium,Low,Low,80
73.41,88.36,4.91,28,28,Yes,Confined Space,Night,Medium,High,Medium,Low,35
84.34,56.45,2.77,51,25,No,Normal,Night,Medium,Low,High,Low,50
80.81,39.31,9.4,66,19,Yes,Confined Space,Morning,Medium,Low,High,High,40
22.58,76.16,6.24,22,2,No,Normal,Night,Low,Medium,Low,Medium,70
86.86,99.7,7.06,41,12,Yes,Confined Space,Night,High,High,High,Medium,20
73.24,46.72,5.1,55,26,Yes,Normal,Evening,Medium,Low,Medium,Medium,55
78.84,78.99,7.92,72,10,Yes,Confined Space,Morning,Medium,Medium,High,Medium,55
1.16,26.65,2.42,63,11,No,Normal,Morning,Low,Low,Low,Low,100
20.54,37.36,7.91,52,10,Yes,Hot Work,Morning,Low,Low,Low,Medium,80
61.31,44.15,7.07,70,20,No,Normal,Night,Medium,Low,Medium,Medium,65
68.54,85.35,5.56,83,16,No,Normal,Morning,Medium,High,Medium,Medium,55
16.86,27.05,3.94,89,9,No,Hot Work,Morning,Low,Low,Low,Low,100
15.85,84.21,9.7,45,16,No,Hot Work,Morning,Low,High,Low,High,60
88.57,36.17,5.31,33,19,Yes,Confined Space,Night,Medium,Low,High,Medium,40
16.61,59.34,2.26,45,29,No,Confined Space,Evening,Low,Low,Low,Low,90
39.66,26.14,4.46,70,2,No,Hot Work,Evening,Low,Low,Low,Low,100
62.86,90.2,8.91,60,14,No,Normal,Morning,Medium,High,Medium,High,45
31.63,54.54,7.42,64,3,Yes,Normal,Evening,Low,Low,Low,Medium,80
67.99,45.2,9.76,45,18,No,Hot Work,Night,Medium,Low,Medium,High,55
97.66,29.64,7.8,41,14,Yes,Normal,Night,Medium,Low,High,Medium,40
85.37,57.51,9.59,30,13,Yes,Normal,Evening,Medium,Low,High,High,40
23.13,23.81,8.28,61,20,No,Normal,Night,Low,Low,Low,High,70
99.18,72.48,7.57,90,21,No,Confined Space,Morning,High,Medium,High,Medium,40
59.14,28.37,2.65,34,3,No,Confined Space,Morning,Low,Low,Medium,Low,100
35.73,22.48,6.94,27,27,No,Normal,Morning,Low,Low,Low,Medium,80
67.75,20.71,4.93,51,5,Yes,Normal,Night,Medium,Low,Medium,Low,65
67.2,51.53,4.29,38,29,Yes,Normal,Morning,Medium,Low,Medium,Low,65
41.79,45.42,2.8,67,17,Yes,Normal,Evening,Low,Low,Low,Low,90
68.87,91.86,5.9,25,27,No,Hot Work,Evening,Medium,High,Medium,Medium,45
54.86,75.9,1.26,31,14,No,Confined Space,Evening,Low,Medium,Medium,Low,90
62.26,91.25,8.97,75,17,No,Normal,Night,Medium,High,Medium,High,35
52.22,28.48,3.98,89,14,Yes,Hot Work,Morning,Low,Low,Medium,Low,90
24.25,92.38,8.32,54,6,Yes,Normal,Morning,Low,High,Low,High,50
58.16,34.43,4.26,59,27,No,Confined Space,Evening,Low,Low,Medium,Low,90
50.26,85.44,6.18,63,11,Yes,Normal,Night,Low,High,Medium,Medium,50
35.1,53.58,6.57,83,20,No,Hot Work,Morning,Low,Low,Low,Medium,90
64.71,43.35,8.41,52,27,Yes,Normal,Morning,Medium,Low,Medium,High,45
45.75,47.79,7.58,38,12,No,Confined Space,Night,Low,Low,Low,Medium,80
16.09,91.22,7.37,74,14,Yes,Normal,Night,Low,High,Low,Medium,50
1.23,90.62,1.09,44,19,No,Hot Work,Night,Low,High,Low,Low,70
11.51,64.18,3.23,21,3,No,Normal,Night,Low,Medium,Low,Low,80
26.21,39.0,2.37,70,11,Yes,Normal,Evening,Low,Low,Low,Low,90
77.13,87.34,4.78,56,12,Yes,Confined Space,Evening,Medium,High,High,Low,55
85.9,94.97,4.98,20,27,Yes,Hot Work,Morning,High,High,High,Low,30
28.38,75.05,8.72,47,18,No,Normal,Morning,Low,Medium,Low,High,70
39.81,34.64,8.55,31,5,No,Confined Space,Morning,Low,Low,Low,High,80
51.76,88.62,3.34,59,13,No,Confined Space,Night,Low,High,Medium,Low,70
20.1,57.93,2.4,52,17,No,Normal,Morning,Low,Low,Low,Low,100
18.62,36.36,6.36,69,16,No,Normal,Night,Low,Low,Low,Medium,80
41.89,29.39,4.23,49,30,Yes,Confined Space,Morning,Low,Low,Low,Low,80
19.66,21.16,5.45,71,10,No,Hot Work,Morning,Low,Low,Low,Medium,90
95.83,40.44,4.69,47,17,Yes,Normal,Evening,Medium,Low,High,Low,60
48.33,46.62,8.49,43,28,No,Hot Work,Evening,Low,Low,Low,High,70
42.42,56.65,5.29,88,29,Yes,Normal,Night,Low,Low,Low,Medium,60
16.7,78.7,5.78,40,23,Yes,Hot Work,Morning,Low,Medium,Low,Medium,60
30.68,93.35,3.93,34,14,Yes,Confined Space,Night,Low,High,Low,Low,60
78.67,20.13,3.87,66,16,No,Hot Work,Evening,Medium,Low,High,Low,85
26.94,38.1,6.5,31,1,Yes,Hot Work,Morning,Low,Low,Low,Medium,80
55.37,70.07,5.89,61,16,No,Normal,Night,Low,Medium,Medium,Medium,70
75.76,78.15,9.7,34,16,No,Normal,Night,Medium,Medium,High,High,45
98.48,92.79,5.11,41,10,Yes,Hot Work,Evening,High,High,High,Medium,30
53.77,79.28,9.41,29,18,Yes,Hot Work,Morning,Low,Medium,Medium,High,60
4.8,99.95,7.88,73,25,Yes,Hot Work,Evening,Low,High,Low,Medium,50
42.82,90.36,3.67,30,3,Yes,Hot Work,Night,Low,High,Low,Low,60
67.06,85.87,5.91,59,13,No,Hot Work,Morning,Medium,High,Medium,Medium,55
69.15,93.87,7.4,64,13,Yes,Normal,Night,Medium,High,Medium,Medium,35
71.91,56.8,1.22,76,16,No,Hot Work,Night,Medium,Low,Medium,Low,75
12.42,49.5,7.47,26,15,No,Hot Work,Evening,Low,Low,Low,Medium,90
31.54,46.45,9.47,59,23,No,Normal,Night,Low,Low,Low,High,60
76.51,83.51,5.04,49,17,Yes,Confined Space,Evening,Medium,High,High,Medium,45
98.69,38.15,1.45,63,29,No,Normal,Morning,Medium,Low,High,Low,60
57.2,90.13,2.27,87,5,No,Normal,Night,Low,High,Medium,Low,70
62.7,93.65,5.76,79,5,Yes,Hot Work,Evening,Medium,High,Medium,Medium,45
87.31,81.25,9.02,52,3,Yes,Normal,Evening,High,High,High,High,20
72.34,35.35,6.87,33,1,No,Confined Space,Morning,Medium,Low,Medium,Medium,75
44.48,80.24,9.47,86,3,Yes,Confined Space,Morning,Low,High,Low,High,50
92.61,24.36,3.49,59,24,Yes,Confined Space,Morning,Medium,Low,High,Low,50
67.33,41.69,3.1,47,30,Yes,Normal,Morning,Medium,Low,Medium,Low,65
48.98,88.28,7.76,30,23,No,Hot Work,Night,Low,High,Low,Medium,50
88.4,71.62,4.2,56,22,No,Normal,Morning,High,Medium,High,Low,50
63.61,21.6,7.02,40,30,Yes,Normal,Night,Medium,Low,Medium,Medium,45
35.72,49.12,9.44,89,25,Yes,Confined Space,Night,Low,Low,Low,High,50
53.73,71.3,9.62,67,13,No,Hot Work,Night,Low,Medium,Medium,High,60
69.69,93.21,8.06,28,25,No,Hot Work,Morning,Medium,High,Medium,High,35
73.75,60.54,1.45,43,19,No,Normal,Morning,Medium,Medium,Medium,Low,75
79.02,26.65,9.74,83,10,No,Normal,Night,Medium,Low,High,High,55
52.96,58.95,5.19,21,29,Yes,Normal,Morning,Low,Low,Medium,Medium,70
76.65,49.21,6.75,22,27,Yes,Normal,Night,Medium,Low,High,Medium,45
63.13,99.06,3.27,20,23,No,Confined Space,Evening,Medium,High,Medium,Low,55
33.89,29.69,1.39,85,12,No,Normal,Morning,Low,Low,Low,Low,100
39.68,30.82,1.91,76,7,Yes,Normal,Morning,Low,Low,Low,Low,90
0.65,72.26,5.81,77,17,No,Confined Space,Evening,Low,Medium,Low,Medium,80
32.85,54.64,7.95,45,11,Yes,Hot Work,Night,Low,Low,Low,Medium,70
29.77,21.42,7.02,90,5,No,Normal,Evening,Low,Low,Low,Medium,90
32.82,49.87,3.12,75,3,No,Hot Work,Night,Low,Low,Low,Low,90
31.25,28.7,4.7,65,10,Yes,Confined Space,Night,Low,Low,Low,Low,80
83.31,69.66,5.13,55,26,No,Confined Space,Evening,Medium,Medium,High,Medium,40
12.87,91.49,9.72,34,2,Yes,Confined Space,Night,Low,High,Low,High,40
9.83,30.53,6.29,30,10,Yes,Confined Space,Evening,Low,Low,Low,Medium,80
33.87,44.02,4.99,35,14,Yes,Normal,Evening,Low,Low,Low,Low,90
17.43,75.14,8.37,32,10,No,Hot Work,Morning,Low,Medium,Low,High,70
4.88,52.57,4.44,90,11,No,Hot Work,Morning,Low,Low,Low,Low,100
43.67,63.59,7.79,86,26,No,Confined Space,Evening,Low,Medium,Low,Medium,70
24.61,60.44,8.23,67,13,No,Normal,Morning,Low,Medium,Low,High,70
6.29,66.25,2.0,86,29,No,Normal,Night,Low,Medium,Low,Low,70
5.21,80.41,3.38,89,2,Yes,Hot Work,Morning,Low,High,Low,Low,70
5.15,91.03,2.35,42,17,Yes,Confined Space,Morning,Low,High,Low,Low,70
11.7,45.07,7.93,67,23,Yes,Normal,Evening,Low,Low,Low,Medium,70
1.38,52.36,2.67,28,3,Yes,Normal,Morning,Low,Low,Low,Low,90
31.42,31.68,3.29,23,2,Yes,Confined Space,Evening,Low,Low,Low,Low,90
94.87,83.36,9.67,68,13,Yes,Confined Space,Evening,High,High,High,High,20
16.9,97.67,9.66,46,4,No,Confined Space,Evening,Low,High,Low,High,60
65.52,56.33,9.3,83,30,No,Hot Work,Night,Medium,Low,Medium,High,45
61.86,41.06,9.9,90,21,No,Normal,Evening,Medium,Low,Medium,High,55
66.46,95.7,5.24,61,7,No,Normal,Night,Medium,High,Medium,Medium,45
29.49,33.07,2.03,52,21,Yes,Hot Work,Morning,Low,Low,Low,Low,80
71.18,69.73,6.44,27,27,No,Normal,Night,Medium,Medium,Medium,Medium,45
6.31,41.73,8.9,31,16,Yes,Confined Space,Evening,Low,Low,Low,High,70
13.33,93.82,2.68,24,21,No,Confined Space,Night,Low,High,Low,Low,60
19.6,27.11,9.47,38,5,No,Normal,Night,Low,Low,Low,High,70
10.43,78.35,4.5,51,28,No,Hot Work,Morning,Low,Medium,Low,Low,80
78.04,46.23,5.47,81,19,Yes,Hot Work,Morning,Medium,Low,High,Medium,65
50.37,23.65,1.91,31,21,No,Confined Space,Morning,Low,Low,Medium,Low,90
69.46,66.29,2.88,22,29,No,Confined Space,Night,Medium,Medium,Medium,Low,55
44.24,78.07,3.21,33,14,Yes,Hot Work,Night,Low,Medium,Low,Low,70
43.42,46.97,5.58,71,11,Yes,Normal,Night,Low,Low,Low,Medium,70
45.25,50.06,4.22,82,18,Yes,Normal,Morning,Low,Low,Low,Low,90
21.06,69.08,7.38,33,25,No,Normal,Morning,Low,Medium,Low,Medium,70
56.22,79.43,2.05,62,10,No,Hot Work,Night,Low,Medium,Medium,Low,80
34.73,68.37,1.4,51,25,Yes,Confined Space,Morning,Low,Medium,Low,Low,70
39.0,26.35,5.01,61,27,No,Hot Work,Evening,Low,Low,Low,Medium,80
94.48,73.42,2.08,73,20,No,Normal,Night,High,Medium,High,Low,50
84.57,55.4,4.04,82,18,Yes,Hot Work,Night,Medium,Low,High,Low,50
20.89,56.72,4.24,47,26,Yes,Hot Work,Night,Low,Low,Low,Low,70
8.7,79.11,1.35,64,13,Yes,Confined Space,Morning,Low,Medium,Low,Low,80
63.62,52.29,6.14,88,2,No,Confined Space,Night,Medium,Low,Medium,Medium,65
91.48,32.02,9.95,26,19,Yes,Hot Work,Evening,Medium,Low,High,High,40
39.38,95.0,2.61,47,19,No,Normal,Night,Low,High,Low,Low,70
50.31,55.98,9.83,56,23,No,Hot Work,Morning,Low,Low,Medium,High,70
31.62,53.85,9.68,88,29,No,Hot Work,Night,Low,Low,Low,High,60
77.88,39.62,3.43,51,14,Yes,Confined Space,Night,Medium,Low,High,Low,65
16.79,43.29,4.9,84,4,No,Hot Work,Night,Low,Low,Low,Low,90
91.2,58.54,1.2,54,22,No,Hot Work,Night,Medium,Low,High,Low,50
54.44,76.52,7.26,75,29,No,Confined Space,Night,Low,Medium,Medium,Medium,60
61.11,50.78,4.03,88,18,No,Confined Space,Morning,Medium,Low,Medium,Low,85
48.07,84.18,9.83,48,10,No,Normal,Morning,Low,High,Low,High,60
63.8,67.25,7.09,53,29,No,Normal,Evening,Medium,Medium,Medium,Medium,55
83.69,78.81,7.56,33,18,No,Confined Space,Evening,High,Medium,High,Medium,50
83.37,96.32,6.57,35,18,Yes,Confined Space,Evening,High,High,High,Medium,30
99.25,84.91,4.2,54,28,No,Hot Work,Night,High,High,High,Low,30
63.49,98.39,4.61,38,6,No,Confined Space,Morning,Medium,High,Medium,Low,65
83.01,21.09,8.81,52,4,No,Hot Work,Evening,Medium,Low,High,High,50
11.15,76.52,6.49,27,26,Yes,Normal,Morning,Low,Medium,Low,Medium,60
80.63,65.57,6.91,74,1,No,Normal,Morning,Medium,Medium,High,Medium,50
44.9,68.2,7.35,38,17,Yes,Hot Work,Evening,Low,Medium,Low,Medium,70
45.99,51.35,7.77,78,18,No,Confined Space,Night,Low,Low,Low,Medium,80
72.19,94.72,9.96,45,1,No,Normal,Night,Medium,High,Medium,High,35
64.67,23.51,7.1,55,18,No,Confined Space,Night,Medium,Low,Medium,Medium,65
75.9,60.22,5.38,68,24,Yes,Confined Space,Morning,Medium,Medium,High,Medium,45
43.63,25.65,3.43,53,7,No,Confined Space,Evening,Low,Low,Low,Low,100
96.26,45.75,2.17,84,21,Yes,Hot Work,Night,Medium,Low,High,Low,40
72.59,77.09,7.42,31,20,No,Hot Work,Evening,Medium,Medium,Medium,Medium,65
25.83,52.35,5.31,89,18,Yes,Confined Space,Night,Low,Low,Low,Medium,70
11.06,50.75,6.25,31,4,No,Normal,Morning,Low,Low,Low,Medium,90
6.04,91.42,6.19,68,13,No,Hot Work,Morning,Low,High,Low,Medium,70
68.55,82.83,7.37,68,14,No,Normal,Night,Medium,High,Medium,Medium,45
99.58,29.13,2.71,82,25,Yes,Hot Work,Evening,Medium,Low,High,Low,50
66.69,54.99,4.72,26,9,Yes,Hot Work,Night,Medium,Low,Medium,Low,65
28.77,50.01,8.15,30,26,Yes,Normal,Evening,Low,Low,Low,High,60
11.2,61.58,5.54,78,28,Yes,Normal,Evening,Low,Medium,Low,Medium,60
75.0,27.44,4.35,61,9,Yes,Hot Work,Night,Medium,Low,Medium,Low,65
91.39,88.55,6.02,28,6,No,Hot Work,Night,High,High,High,Medium,30
71.18,23.88,7.79,65,15,No,Normal,Night,Medium,Low,Medium,Medium,65
60.8,42.19,8.04,89,4,No,Confined Space,Evening,Medium,Low,Medium,High,65
30.14,38.5,9.23,88,4,Yes,Normal,Night,Low,Low,Low,High,60
28.17,24.21,8.09,56,19,Yes,Confined Space,Evening,Low,Low,Low,High,70
71.97,72.59,8.92,70,26,Yes,Hot Work,Night,Medium,Medium,Medium,High,25
78.72,95.19,8.15,44,6,No,Normal,Night,Medium,High,High,High,35
28.31,95.08,9.47,26,13,Yes,Hot Work,Morning,Low,High,Low,High,50
9.77,82.9,3.2,47,23,Yes,Hot Work,Night,Low,High,Low,Low,50
82.05,88.31,5.14,54,21,Yes,Confined Space,Evening,High,High,High,Medium,20
53.94,96.96,1.21,55,22,No,Confined Space,Evening,Low,High,Medium,Low,70
24.79,88.39,8.88,85,19,No,Normal,Evening,Low,High,Low,High,60
34.48,57.82,4.29,71,2,Yes,Hot Work,Night,Low,Low,Low,Low,80
7.43,21.73,9.33,83,17,Yes,Confined Space,Night,Low,Low,Low,High,60
24.96,53.45,5.1,86,21,Yes,Hot Work,Evening,Low,Low,Low,Medium,70
70.43,58.88,7.81,86,7,No,Normal,Night,Medium,Low,Medium,Medium,65
78.13,25.34,8.28,89,3,Yes,Confined Space,Evening,Medium,Low,High,High,55
14.87,34.05,9.71,71,18,Yes,Normal,Evening,Low,Low,Low,High,70
72.57,72.85,6.67,88,3,Yes,Normal,Night,Medium,Medium,Medium,Medium,45
19.49,67.21,9.9,30,26,No,Hot Work,Evening,Low,Medium,Low,High,60
30.47,51.63,8.54,58,30,No,Confined Space,Night,Low,Low,Low,High,60
43.04,71.26,3.41,30,1,No,Hot Work,Morning,Low,Medium,Low,Low,90
80.7,78.86,9.68,70,3,No,Confined Space,Night,High,Medium,High,High,30
75.45,80.26,9.05,65,1,Yes,Normal,Night,Medium,High,High,High,25
94.45,89.82,3.46,70,26,No,Hot Work,Night,High,High,High,Low,30
86.35,37.68,4.88,42,4,No,Normal,Evening,Medium,Low,High,Low,70
32.41,64.84,6.85,86,23,No,Normal,Evening,Low,Medium,Low,Medium,70
1.4,31.96,8.37,85,16,No,Confined Space,Morning,Low,Low,Low,High,80
52.66,75.16,1.05,45,20,No,Normal,Night,Low,Medium,Medium,Low,80
47.74,23.77,6.66,49,7,Yes,Hot Work,Night,Low,Low,Low,Medium,70
13.97,37.44,8.41,54,6,Yes,Hot Work,Night,Low,Low,Low,High,60
52.44,83.29,5.15,53,5,Yes,Normal,Morning,Low,High,Medium,Medium,60
46.69,97.38,1.5,80,5,No,Hot Work,Night,Low,High,Low,Low,70
32.3,80.68,8.27,69,28,Yes,Hot Work,Evening,Low,High,Low,High,40
6.39,68.41,8.33,77,20,Yes,Hot Work,Night,Low,Medium,Low,High,50
22.38,50.64,7.82,21,4,No,Normal,Morning,Low,Low,Low,Medium,90
44.74,44.75,1.96,83,24,No,Confined Space,Evening,Low,Low,Low,Low,90
55.95,98.67,7.38,42,30,No,Confined Space,Night,Low,High,Medium,Medium,50
71.77,69.6,2.44,50,2,Yes,Normal,Morning,Medium,Medium,Medium,Low,65
13.8,20.12,9.62,20,29,Yes,Normal,Night,Low,Low,Low,High,50
76.81,88.98,1.66,32,12,Yes,Hot Work,Morning,Medium,High,High,Low,55
55.76,40.79,7.39,76,13,No,Hot Work,Evening,Low,Low,Medium,Medium,90
0.83,42.98,4.61,50,26,No,Normal,Night,Low,Low,Low,Low,80
47.54,55.94,5.42,82,12,No,Confined Space,Morning,Low,Low,Low,Medium,90
37.13,71.13,7.94,33,25,No,Hot Work,Morning,Low,Medium,Low,Medium,70
82.37,58.5,1.37,81,25,No,Hot Work,Morning,Medium,Low,High,Low,60
85.09,23.0,2.42,66,14,No,Hot Work,Evening,Medium,Low,High,Low,70
47.74,34.07,4.15,26,3,Yes,Normal,Evening,Low,Low,Low,Low,90
66.82,37.63,2.54,29,23,No,Normal,Evening,Medium,Low,Medium,Low,75
36.81,70.56,5.06,21,7,Yes,Confined Space,Night,Low,Medium,Low,Medium,60
34.91,22.53,5.15,73,11,Yes,Confined Space,Morning,Low,Low,Low,Medium,80
59.36,23.74,6.54,84,17,Yes,Hot Work,Morning,Low,Low,Medium,Medium,80
80.16,79.74,3.92,85,23,No,Normal,Night,High,Medium,High,Low,40
7.14,34.6,6.81,55,29,No,Normal,Morning,Low,Low,Low,Medium,80
32.07,92.15,6.86,73,14,No,Confined Space,Night,Low,High,Low,Medium,60
56.36,30.07,7.37,25,6,No,Confined Space,Night,Low,Low,Medium,Medium,80
53.79,45.11,9.46,79,12,No,Normal,Evening,Low,Low,Medium,High,80
55.25,96.1,6.79,73,16,No,Hot Work,Night,Low,High,Medium,Medium,60
65.23,74.14,8.86,26,23,No,Normal,Night,Medium,Medium,Medium,High,35
47.29,86.4,8.09,68,27,No,Normal,Morning,Low,High,Low,High,50
41.96,79.0,3.75,67,18,No,Confined Space,Morning,Low,Medium,Low,Low,90
99.74,41.13,1.78,78,4,No,Hot Work,Night,Medium,Low,High,Low,60
76.99,95.65,3.47,85,3,No,Normal,Morning,Medium,High,High,Low,65
35.14,68.31,5.97,81,20,No,Confined Space,Morning,Low,Medium,Low,Medium,80
92.74,76.96,7.24,78,4,No,Normal,Night,High,Medium,High,Medium,40
98.46,41.68,1.14,54,1,Yes,Hot Work,Night,Medium,Low,High,Low,50
91.93,48.83,1.6,81,13,Yes,Normal,Evening,Medium,Low,High,Low,60
83.01,64.13,4.28,42,13,No,Confined Space,Morning,Medium,Medium,High,Low,60
49.1,46.15,6.43,65,5,No,Hot Work,Morning,Low,Low,Low,Medium,90
88.23,23.62,6.23,24,9,Yes,Hot Work,Evening,Medium,Low,High,Medium,50
60.39,62.63,8.22,56,29,No,Confined Space,Night,Medium,Medium,Medium,High,35
25.94,82.99,2.27,57,10,Yes,Hot Work,Night,Low,High,Low,Low,60
97.44,21.4,6.35,70,18,Yes,Normal,Morning,Medium,Low,High,Medium,50
95.17,75.9,3.85,63,22,No,Hot Work,Morning,High,Medium,High,Low,50
33.47,82.13,5.06,54,3,Yes,Normal,Morning,Low,High,Low,Medium,60
39.39,33.01,6.82,33,9,No,Hot Work,Evening,Low,Low,Low,Medium,90
59.56,93.37,2.46,24,15,No,Confined Space,Morning,Low,High,Medium,Low,80
11.7,21.85,2.91,20,26,No,Normal,Evening,Low,Low,Low,Low,90
66.29,21.04,7.31,75,20,Yes,Confined Space,Evening,Medium,Low,Medium,Medium,65
88.33,97.86,8.83,33,18,Yes,Hot Work,Morning,High,High,High,High,20
60.06,45.55,9.33,77,13,No,Confined Space,Night,Medium,Low,Medium,High,55
67.99,74.72,1.66,61,28,No,Hot Work,Morning,Medium,Medium,Medium,Low,65
27.12,67.12,9.5,78,26,Yes,Confined Space,Night,Low,Medium,Low,High,40
37.44,93.02,7.57,22,10,No,Confined Space,Evening,Low,High,Low,Medium,70
70.98,51.22,7.57,26,7,No,Hot Work,Evening,Medium,Low,Medium,Medium,75
99.25,85.64,2.48,75,27,No,Normal,Evening,High,High,High,Low,40
47.47,72.4,9.06,76,16,No,Confined Space,Night,Low,Medium,Low,High,60
84.57,34.79,2.36,42,13,Yes,Normal,Night,Medium,Low,High,Low,50
2.27,40.0,4.23,44,10,No,Normal,Evening,Low,Low,Low,Low,100
74.65,74.1,1.55,41,21,Yes,Normal,Evening,Medium,Medium,Medium,Low,55
91.8,84.93,7.08,75,19,Yes,Confined Space,Night,High,High,High,Medium,20
88.43,60.13,7.72,59,4,No,Confined Space,Night,Medium,Medium,High,Medium,40
20.08,36.18,9.96,27,11,No,Hot Work,Evening,Low,Low,Low,High,80
19.32,38.6,8.48,22,23,No,Confined Space,Evening,Low,Low,Low,High,70
38.74,98.68,2.91,42,1,No,Confined Space,Night,Low,High,Low,Low,70
81.79,82.02,2.08,58,8,No,Normal,Night,High,High,High,Low,40
91.61,59.38,9.91,74,13,No,Normal,Evening,Medium,Low,High,High,50
45.94,38.71,5.47,79,15,No,Hot Work,Night,Low,Low,Low,Medium,80
57.96,98.15,8.09,55,25,Yes,Hot Work,Evening,Low,High,Medium,High,40
8.73,24.26,2.97,72,9,Yes,Confined Space,Night,Low,Low,Low,Low,80
76.4,30.51,3.95,34,7,Yes,Hot Work,Morning,Medium,Low,High,Low,75
35.82,60.89,8.11,60,4,Yes,Confined Space,Morning,Low,Medium,Low,High,60
28.02,74.13,5.09,75,6,No,Normal,Morning,Low,Medium,Low,Medium,80
94.45,45.79,1.89,23,24,Yes,Normal,Night,Medium,Low,High,Low,40
63.3,28.35,4.59,51,13,Yes,Hot Work,Evening,Medium,Low,Medium,Low,75
57.98,33.16,6.91,43,26,Yes,Hot Work,Night,Low,Low,Medium,Medium,60
19.66,60.94,9.13,25,4,Yes,Confined Space,Evening,Low,Medium,Low,High,60
80.31,48.89,7.93,45,25,No,Hot Work,Night,Medium,Low,High,Medium,40
96.14,55.69,3.8,49,23,No,Hot Work,Night,Medium,Low,High,Low,50
38.86,56.49,7.36,25,26,No,Normal,Evening,Low,Low,Low,Medium,80
41.25,78.81,9.26,34,4,No,Hot Work,Night,Low,Medium,Low,High,60
26.01,62.44,6.64,88,16,Yes,Hot Work,Night,Low,Medium,Low,Medium,60
70.85,64.03,8.7,75,20,Yes,Normal,Evening,Medium,Medium,Medium,High,45
55.17,62.39,1.19,40,18,Yes,Hot Work,Morning,Low,Medium,Medium,Low,80
44.56,57.03,2.93,23,17,No,Normal,Night,Low,Low,Low,Low,90
17.38,45.12,1.13,77,24,No,Hot Work,Evening,Low,Low,Low,Low,90
37.54,93.19,8.67,49,7,No,Confined Space,Morning,Low,High,Low,High,60
90.89,41.6,9.2,66,15,Yes,Hot Work,Morning,Medium,Low,High,High,40
63.2,45.13,5.94,87,10,Yes,Hot Work,Evening,Medium,Low,Medium,Medium,65
33.82,60.08,7.34,73,14,Yes,Hot Work,Morning,Low,Medium,Low,Medium,70
37.15,23.86,9.83,42,18,Yes,Confined Space,Evening,Low,Low,Low,High,70
75.35,50.7,1.58,54,18,Yes,Confined Space,Morning,Medium,Low,High,Low,75
61.75,35.93,1.46,53,16,Yes,Normal,Night,Medium,Low,Medium,Low,65
9.74,40.81,2.4,73,10,Yes,Confined Space,Evening,Low,Low,Low,Low,90
67.2,67.15,4.3,77,16,No,Hot Work,Night,Medium,Medium,Medium,Low,65
23.13,26.77,7.61,61,6,Yes,Normal,Night,Low,Low,Low,Medium,70
0.97,86.56,4.95,23,5,Yes,Confined Space,Evening,Low,High,Low,Low,70
50.44,82.94,9.64,52,26,Yes,Normal,Evening,Low,High,Medium,High,40
15.05,32.17,6.73,55,22,No,Confined Space,Night,Low,Low,Low,Medium,70
24.66,85.71,4.59,39,14,No,Hot Work,Morning,Low,High,Low,Low,80
28.44,84.06,8.49,22,21,No,Hot Work,Night,Low,High,Low,High,40
33.94,23.3,1.91,75,3,No,Confined Space,Evening,Low,Low,Low,Low,100
8.22,34.11,8.49,24,25,Yes,Hot Work,Night,Low,Low,Low,High,50
80.26,89.23,5.33,57,7,No,Confined Space,Morning,High,High,High,Medium,40
19.47,43.08,7.63,27,28,Yes,Confined Space,Morning,Low,Low,Low,Medium,70
97.39,47.16,7.6,61,26,Yes,Confined Space,Night,Medium,Low,High,Medium,30
92.08,79.85,2.29,88,2,Yes,Confined Space,Morning,High,Medium,High,Low,50
79.93,56.56,4.86,54,12,Yes,Normal,Night,Medium,Low,High,Low,65
23.82,33.83,3.3,85,27,No,Confined Space,Evening,Low,Low,Low,Low,90
42.39,54.97,6.01,80,26,Yes,Normal,Evening,Low,Low,Low,Medium,70
21.22,23.31,7.35,84,23,No,Normal,Morning,Low,Low,Low,Medium,80
18.08,76.21,4.26,37,30,No,Confined Space,Night,Low,Medium,Low,Low,70
83.2,21.28,2.71,34,15,Yes,Hot Work,Evening,Medium,Low,High,Low,60
1.06,60.6,2.59,62,18,Yes,Confined Space,Morning,Low,Medium,Low,Low,80
44.28,84.16,9.45,46,25,Yes,Hot Work,Night,Low,High,Low,High,30
64.83,53.34,7.94,71,29,Yes,Confined Space,Night,Medium,Low,Medium,Medium,45
73.02,90.67,3.55,64,13,Yes,Normal,Night,Medium,High,Medium,Low,45
73.82,84.51,7.74,75,20,No,Confined Space,Evening,Medium,High,Medium,Medium,55
98.35,66.37,8.2,25,16,No,Confined Space,Evening,Medium,Medium,High,High,40
56.7,77.61,8.77,52,11,No,Normal,Evening,Low,Medium,Medium,High,70
81.76,54.11,3.79,38,19,No,Hot Work,Morning,Medium,Low,High,Low,70
80.36,25.55,8.94,38,12,No,Confined Space,Night,Medium,Low,High,High,40
96.64,66.3,2.29,32,16,No,Normal,Morning,Medium,Medium,High,Low,60
81.57,30.77,3.02,36,9,No,Hot Work,Evening,Medium,Low,High,Low,70
6.21,29.29,9.34,62,23,No,Confined Space,Evening,Low,Low,Low,High,70
32.6,99.37,8.07,33,5,No,Normal,Night,Low,High,Low,High,50
32.18,50.35,8.62,48,20,No,Hot Work,Night,Low,Low,Low,High,70
76.19,60.12,5.39,29,22,No,Normal,Morning,Medium,Medium,High,Medium,55
75.47,50.74,9.06,74,28,No,Normal,Evening,Medium,Low,High,High,55
58.42,58.02,1.3,29,27,No,Hot Work,Evening,Low,Low,Medium,Low,90
38.67,43.84,1.89,34,27,No,Hot Work,Evening,Low,Low,Low,Low,90
91.89,22.79,1.17,80,13,Yes,Normal,Evening,Medium,Low,High,Low,60
81.75,47.62,4.15,63,5,Yes,Hot Work,Morning,Medium,Low,High,Low,60
34.51,36.4,6.43,59,1,Yes,Confined Space,Evening,Low,Low,Low,Medium,80
47.95,23.75,1.27,90,17,No,Normal,Morning,Low,Low,Low,Low,100
68.08,88.26,2.59,23,22,No,Confined Space,Evening,Medium,High,Medium,Low,55
46.55,58.84,9.48,78,12,No,Normal,Morning,Low,Low,Low,High,80
2.0,81.81,3.77,49,25,No,Confined Space,Morning,Low,High,Low,Low,70
14.52,20.78,6.27,48,26,No,Hot Work,Night,Low,Low,Low,Medium,70
19.61,61.87,8.23,40,2,Yes,Hot Work,Night,Low,Medium,Low,High,50
65.03,67.2,2.59,22,29,Yes,Hot Work,Evening,Medium,Medium,Medium,Low,55
87.43,30.45,2.68,39,10,No,Normal,Night,Medium,Low,High,Low,60
95.02,88.62,8.61,21,19,No,Confined Space,Night,High,High,High,High,20
17.89,60.84,1.39,21,21,No,Normal,Night,Low,Medium,Low,Low,70
80.47,65.84,6.26,63,20,Yes,Normal,Evening,Medium,Medium,High,Medium,40
48.25,22.45,1.52,48,25,No,Confined Space,Morning,Low,Low,Low,Low,90
91.58,64.44,7.76,32,16,Yes,Hot Work,Evening,Medium,Medium,High,Medium,40
53.43,25.12,6.54,83,30,Yes,Confined Space,Evening,Low,Low,Medium,Medium,70
28.68,78.2,7.05,46,27,No,Normal,Night,Low,Medium,Low,Medium,60
61.16,43.8,1.96,53,5,No,Normal,Morning,Medium,Low,Medium,Low,85
59.71,38.65,2.41,82,17,No,Hot Work,Evening,Low,Low,Medium,Low,100
45.19,70.0,9.63,51,6,Yes,Confined Space,Morning,Low,Medium,Low,High,60
90.74,58.26,8.98,78,8,No,Normal,Evening,Medium,Low,High,High,50
14.66,26.43,5.2,28,27,Yes,Normal,Evening,Low,Low,Low,Medium,70
6.82,74.13,2.6,45,20,No,Hot Work,Morning,Low,Medium,Low,Low,90
81.54,21.08,3.5,65,1,Yes,Confined Space,Night,Medium,Low,High,Low,50
75.91,73.38,4.35,33,20,Yes,Confined Space,Morning,Medium,Medium,High,Low,65
60.35,73.47,3.48,66,18,No,Hot Work,Night,Medium,Medium,Medium,Low,65
30.75,72.13,2.24,42,18,No,Hot Work,Morning,Low,Medium,Low,Low,90
27.82,34.85,8.28,23,25,Yes,Hot Work,Morning,Low,Low,Low,High,60
74.85,80.09,7.27,56,27,No,Normal,Morning,Medium,High,Medium,Medium,45
55.4,26.29,8.77,50,10,Yes,Confined Space,Evening,Low,Low,Medium,High,70
97.96,25.88,9.86,65,9,Yes,Confined Space,Morning,Medium,Low,High,High,40
58.13,96.83,1.72,76,29,Yes,Hot Work,Evening,Low,High,Medium,Low,60
26.2,55.89,5.81,59,10,Yes,Confined Space,Night,Low,Low,Low,Medium,70
74.0,64.56,8.25,86,2,Yes,Normal,Morning,Medium,Medium,Medium,High,45
3.01,24.64,8.94,38,19,No,Normal,Night,Low,Low,Low,High,70
37.99,62.87,2.85,81,15,No,Normal,Night,Low,Medium,Low,Low,80
41.41,45.71,8.66,90,5,No,Normal,Morning,Low,Low,Low,High,80
19.42,42.01,6.46,72,30,Yes,Normal,Morning,Low,Low,Low,Medium,70
18.77,56.86,6.11,60,7,No,Hot Work,Evening,Low,Low,Low,Medium,90
99.8,48.52,8.92,41,27,No,Hot Work,Morning,Medium,Low,High,High,40
69.94,72.51,9.54,40,6,Yes,Normal,Morning,Medium,Medium,Medium,High,45
27.5,44.35,1.51,84,23,No,Normal,Night,Low,Low,Low,Low,80
33.81,88.1,9.57,20,4,No,Hot Work,Morning,Low,High,Low,High,60
82.83,26.72,7.31,42,9,Yes,Normal,Morning,Medium,Low,High,Medium,50
23.86,38.9,7.47,70,27,No,Normal,Night,Low,Low,Low,Medium,70
84.26,28.41,3.8,85,30,Yes,Normal,Morning,Medium,Low,High,Low,50
95.26,38.41,4.27,52,26,No,Normal,Morning,Medium,Low,High,Low,60
2.99,39.66,9.47,23,27,No,Hot Work,Night,Low,Low,Low,High,60
77.35,33.95,5.74,48,3,No,Normal,Evening,Medium,Low,High,Medium,75
24.31,32.02,4.31,73,23,No,Normal,Night,Low,Low,Low,Low,80
81.91,79.48,5.73,24,25,Yes,Confined Space,Evening,High,Medium,High,Medium,30
71.68,48.77,7.23,72,4,No,Hot Work,Morning,Medium,Low,Medium,Medium,75
33.46,44.12,8.48,71,3,No,Normal,Evening,Low,Low,Low,High,80
92.12,62.36,4.39,73,21,Yes,Normal,Night,Medium,Medium,High,Low,30
89.56,80.01,3.52,63,6,Yes,Confined Space,Morning,High,High,High,Low,40
92.84,93.36,3.52,85,5,No,Confined Space,Morning,High,High,High,Low,50
10.65,62.12,7.43,84,30,Yes,Normal,Morning,Low,Medium,Low,Medium,60
68.31,89.58,3.37,87,9,Yes,Normal,Night,Medium,High,Medium,Low,45
86.17,43.94,7.24,63,26,Yes,Hot Work,Night,Medium,Low,High,Medium,30
64.96,20.97,6.54,46,9,Yes,Hot Work,Evening,Medium,Low,Medium,Medium,65
7.38,49.96,1.05,67,17,Yes,Hot Work,Morning,Low,Low,Low,Low,90
20.48,94.7,2.54,72,11,Yes,Confined Space,Night,Low,High,Low,Low,60
15.89,44.49,3.83,57,17,Yes,Hot Work,Night,Low,Low,Low,Low,80
61.42,68.5,8.35,47,14,Yes,Hot Work,Night,Medium,Medium,Medium,High,35
55.83,38.29,4.57,66,15,Yes,Hot Work,Evening,Low,Low,Medium,Low,90
76.22,21.41,1.65,79,26,Yes,Confined Space,Night,Medium,Low,High,Low,55
49.48,24.04,4.74,79,14,Yes,Normal,Evening,Low,Low,Low,Low,90
31.87,89.33,1.84,39,12,No,Hot Work,Evening,Low,High,Low,Low,80
55.18,41.24,1.23,39,21,No,Confined Space,Night,Low,Low,Medium,Low,80
40.09,74.14,8.21,44,2,Yes,Hot Work,Morning,Low,Medium,Low,High,60
70.9,64.1,9.71,33,12,Yes,Confined Space,Night,Medium,Medium,Medium,High,35
26.8,54.54,9.67,85,21,Yes,Normal,Morning,Low,Low,Low,High,60
53.03,92.77,7.93,67,18,No,Confined Space,Morning,Low,High,Medium,Medium,70
0.08,83.65,6.46,64,23,Yes,Hot Work,Morning,Low,High,Low,Medium,50
40.27,50.33,3.45,55,30,No,Normal,Evening,Low,Low,Low,Low,90
98.49,31.44,4.71,35,27,No,Confined Space,Morning,Medium,Low,High,Low,60
92.18,99.32,9.65,25,3,No,Hot Work,Night,High,High,High,High,20
96.68,66.24,7.9,82,3,No,Confined Space,Morning,Medium,Medium,High,Medium,50
5.61,40.86,3.86,76,14,No,Confined Space,Evening,Low,Low,Low,Low,100
98.14,81.69,8.4,54,5,No,Confined Space,Evening,High,High,High,High,30
90.61,39.12,5.4,39,2,No,Normal,Evening,Medium,Low,High,Medium,60
94.99,91.57,8.28,88,24,Yes,Normal,Morning,High,High,High,High,10
44.34,30.78,9.83,69,14,Yes,Confined Space,Night,Low,Low,Low,High,60
83.09,45.49,6.76,54,25,Yes,Normal,Night,Medium,Low,High,Medium,30
63.36,49.85,6.63,88,18,Yes,Confined Space,Evening,Medium,Low,Medium,Medium,65
77.45,70.68,5.14,59,5,No,Hot Work,Morning,Medium,Medium,High,Medium,65
72.17,48.71,1.39,52,25,Yes,Confined Space,Evening,Medium,Low,Medium,Low,65
96.28,49.33,6.55,86,27,No,Hot Work,Evening,Medium,Low,High,Medium,50
77.72,24.83,8.48,82,12,No,Hot Work,Night,Medium,Low,High,High,55
90.24,40.15,3.23,39,27,No,Normal,Morning,Medium,Low,High,Low,60
2.06,22.26,7.35,20,4,Yes,Hot Work,Night,Low,Low,Low,Medium,70
11.97,97.71,4.31,71,8,No,Normal,Night,Low,High,Low,Low,70
58.87,81.44,7.34,36,20,No,Normal,Night,Low,High,Medium,Medium,60
35.22,90.49,9.81,24,4,Yes,Hot Work,Night,Low,High,Low,High,40
6.03,85.09,4.81,22,21,Yes,Confined Space,Night,Low,High,Low,Low,50
78.49,57.19,6.44,34,14,Yes,Confined Space,Evening,Medium,Low,High,Medium,65
54.16,67.37,9.18,54,11,Yes,Hot Work,Evening,Low,Medium,Medium,High,60
65.12,57.25,5.77,21,14,Yes,Confined Space,Morning,Medium,Low,Medium,Medium,65
93.24,67.8,7.73,78,1,Yes,Normal,Morning,Medium,Medium,High,Medium,40
82.59,33.63,1.24,65,18,Yes,Hot Work,Night,Medium,Low,High,Low,50
70.87,37.4,7.58,74,1,No,Normal,Morning,Medium,Low,Medium,Medium,75
41.62,22.77,9.92,26,14,No,Confined Space,Night,Low,Low,Low,High,70
44.66,90.29,2.17,63,22,No,Confined Space,Morning,Low,High,Low,Low,70
74.48,98.13,3.52,67,4,No,Hot Work,Night,Medium,High,Medium,Low,55
39.72,71.28,8.15,25,20,No,Confined Space,Evening,Low,Medium,Low,High,70
82.08,26.67,9.6,26,30,Yes,Confined Space,Night,Medium,Low,High,High,20
43.68,95.73,7.37,67,3,Yes,Hot Work,Night,Low,High,Low,Medium,50
71.48,53.6,8.47,23,19,Yes,Confined Space,Morning,Medium,Low,Medium,High,55
85.84,69.68,7.76,83,19,No,Confined Space,Morning,Medium,Medium,High,Medium,50
66.21,48.35,8.77,85,13,Yes,Hot Work,Night,Medium,Low,Medium,High,45
6.45,62.47,8.24,36,29,Yes,Normal,Night,Low,Medium,Low,High,40
17.74,93.58,4.94,35,24,No,Normal,Evening,Low,High,Low,Low,70
50.33,69.37,6.93,90,26,Yes,Hot Work,Morning,Low,Medium,Medium,Medium,60
77.01,96.6,6.72,67,3,Yes,Hot Work,Night,Medium,High,High,Medium,35
0.06,53.5,5.11,69,25,Yes,Confined Space,Morning,Low,Low,Low,Medium,70
70.36,28.25,6.34,36,13,No,Hot Work,Evening,Medium,Low,Medium,Medium,75
96.82,97.3,5.53,68,8,Yes,Normal,Night,High,High,High,Medium,20
11.08,55.86,4.14,29,16,No,Normal,Night,Low,Low,Low,Low,90
96.16,74.46,5.14,87,15,Yes,Hot Work,Morning,High,Medium,High,Medium,40
58.73,80.23,1.95,28,12,Yes,Normal,Night,Low,High,Medium,Low,60
64.69,71.39,8.05,56,27,Yes,Normal,Night,Medium,Medium,Medium,High,25
17.88,61.38,8.32,50,30,Yes,Hot Work,Night,Low,Medium,Low,High,40
41.33,69.97,5.87,86,7,Yes,Normal,Morning,Low,Medium,Low,Medium,70
65.18,28.86,4.0,36,24,Yes,Confined Space,Night,Medium,Low,Medium,Low,55
78.92,23.44,8.39,36,24,Yes,Confined Space,Night,Medium,Low,High,High,35
80.98,92.62,4.12,81,1,Yes,Hot Work,Night,High,High,High,Low,30
53.98,33.65,1.98,76,10,No,Normal,Evening,Low,Low,Medium,Low,100
79.65,33.57,7.57,20,10,No,Normal,Evening,Medium,Low,High,Medium,75
20.73,39.9,4.09,39,7,Yes,Hot Work,Morning,Low,Low,Low,Low,90
2.9,91.39,9.15,45,9,No,Confined Space,Night,Low,High,Low,High,50
91.92,76.9,1.66,38,22,No,Confined Space,Night,High,Medium,High,Low,40
58.57,40.21,6.4,45,13,No,Confined Space,Evening,Low,Low,Medium,Medium,90
39.71,75.12,1.95,25,19,No,Hot Work,Morning,Low,Medium,Low,Low,90
54.51,38.62,6.5,46,10,No,Normal,Evening,Low,Low,Medium,Medium,90
41.23,53.21,1.41,61,1,No,Confined Space,Evening,Low,Low,Low,Low,100
37.14,71.47,4.42,81,16,Yes,Confined Space,Morning,Low,Medium,Low,Low,80
68.36,70.55,9.29,60,27,No,Hot Work,Evening,Medium,Medium,Medium,High,45
47.49,39.69,9.69,90,18,Yes,Normal,Morning,Low,Low,Low,High,70
94.78,71.39,9.0,83,22,Yes,Normal,Morning,High,Medium,High,High,20
56.11,51.5,8.18,60,25,No,Confined Space,Evening,Low,Low,Medium,High,70
55.83,62.58,5.08,29,15,No,Confined Space,Evening,Low,Medium,Medium,Medium,80
64.08,67.58,6.75,51,6,Yes,Confined Space,Evening,Medium,Medium,Medium,Medium,55
65.31,67.38,8.96,49,3,Yes,Normal,Morning,Medium,Medium,Medium,High,45
60.3,49.19,6.58,20,24,Yes,Confined Space,Evening,Medium,Low,Medium,Medium,55
72.47,66.56,9.86,31,19,No,Normal,Evening,Medium,Medium,Medium,High,55
19.63,73.74,4.64,53,22,No,Confined Space,Morning,Low,Medium,Low,Low,80
49.43,26.55,7.4,76,21,No,Confined Space,Night,Low,Low,Low,Medium,70
1.8,43.02,6.5,83,19,Yes,Normal,Night,Low,Low,Low,Medium,70
47.69,37.94,5.72,69,13,Yes,Hot Work,Morning,Low,Low,Low,Medium,80
47.31,26.07,6.49,83,6,No,Normal,Morning,Low,Low,Low,Medium,90
34.97,77.21,7.0,62,25,Yes,Confined Space,Evening,Low,Medium,Low,Medium,60
59.94,76.38,1.39,25,7,No,Hot Work,Night,Low,Medium,Medium,Low,80
42.1,38.09,5.24,46,5,No,Hot Work,Morning,Low,Low,Low,Medium,90
28.46,70.11,8.98,68,8,Yes,Normal,Morning,Low,Medium,Low,High,60
51.61,31.68,6.05,32,29,Yes,Confined Space,Morning,Low,Low,Medium,Medium,70
26.73,48.6,5.04,51,6,Yes,Confined Space,Night,Low,Low,Low,Medium,70
16.1,39.54,6.01,31,22,Yes,Confined Space,Morning,Low,Low,Low,Medium,70
26.49,48.06,4.62,81,28,No,Confined Space,Evening,Low,Low,Low,Low,90
81.15,83.01,8.16,35,1,Yes,Hot Work,Evening,High,High,High,High,20
4.77,68.04,3.75,79,27,Yes,Hot Work,Night,Low,Medium,Low,Low,60
2.77,41.06,9.82,33,19,Yes,Hot Work,Night,Low,Low,Low,High,60
68.33,83.05,8.26,90,8,Yes,Normal,Night,Medium,High,Medium,High,25
23.48,31.64,9.17,42,14,No,Normal,Morning,Low,Low,Low,High,80
38.47,20.81,3.44,55,6,Yes,Normal,Night,Low,Low,Low,Low,80
38.49,44.31,7.84,89,4,Yes,Normal,Night,Low,Low,Low,Medium,70
63.73,22.09,5.4,63,2,No,Normal,Morning,Medium,Low,Medium,Medium,75
85.66,97.33,2.05,25,30,Yes,Normal,Night,High,High,High,Low,20
78.83,51.45,5.83,22,3,Yes,Confined Space,Morning,Medium,Low,High,Medium,65
43.81,40.72,7.57,41,2,No,Hot Work,Evening,Low,Low,Low,Medium,90
43.31,44.84,5.96,61,4,Yes,Normal,Morning,Low,Low,Low,Medium,80
51.59,66.05,2.23,52,23,No,Hot Work,Night,Low,Medium,Medium,Low,70
81.37,42.35,7.45,27,8,Yes,Normal,Morning,Medium,Low,High,Medium,50
76.83,87.34,8.71,56,2,Yes,Confined Space,Evening,Medium,High,High,High,35
76.54,32.52,3.57,76,25,No,Normal,Night,Medium,Low,High,Low,65
17.69,53.04,9.72,27,18,No,Normal,Night,Low,Low,Low,High,70
81.01,36.24,8.69,82,15,Yes,Confined Space,Evening,Medium,Low,High,High,40
1.05,73.8,4.01,59,14,No,Confined Space,Night,Low,Medium,Low,Low,80
0.77,89.83,8.07,25,17,Yes,Normal,Evening,Low,High,Low,High,50
33.24,90.68,1.58,29,16,Yes,Confined Space,Morning,Low,High,Low,Low,70
31.08,42.81,1.43,30,22,No,Normal,Night,Low,Low,Low,Low,80
51.92,86.08,5.66,80,12,No,Confined Space,Evening,Low,High,Medium,Medium,70
94.55,70.03,7.64,72,12,Yes,Confined Space,Night,High,Medium,High,Medium,30
7.08,27.07,7.84,59,21,Yes,Normal,Evening,Low,Low,Low,Medium,70
96.71,30.98,6.15,31,9,Yes,Normal,Evening,Medium,Low,High,Medium,50
73.77,74.45,8.09,46,5,No,Normal,Morning,Medium,Medium,Medium,High,55
79.63,37.86,1.66,44,8,No,Normal,Night,Medium,Low,High,Low,75
93.85,96.63,6.48,81,6,Yes,Confined Space,Morning,High,High,High,Medium,30
21.11,83.52,5.98,38,11,No,Confined Space,Night,Low,High,Low,Medium,60
15.05,72.54,8.72,44,12,No,Confined Space,Evening,Low,Medium,Low,High,70
9.4,77.02,4.72,21,5,No,Hot Work,Morning,Low,Medium,Low,Low,90
68.51,45.21,7.17,83,17,No,Confined Space,Night,Medium,Low,Medium,Medium,65
51.88,57.28,7.5,63,3,Yes,Normal,Night,Low,Low,Medium,Medium,70
74.26,65.06,9.1,77,9,No,Hot Work,Night,Medium,Medium,Medium,High,45
96.53,50.29,1.24,54,14,No,Hot Work,Evening,Medium,Low,High,Low,70
11.92,38.07,8.72,54,21,Yes,Confined Space,Morning,Low,Low,Low,High,60
96.45,44.57,4.62,21,16,Yes,Normal,Night,Medium,Low,High,Low,50
31.45,51.63,6.63,68,3,Yes,Confined Space,Evening,Low,Low,Low,Medium,80
14.77,49.47,5.33,73,2,No,Hot Work,Evening,Low,Low,Low,Medium,90
55.26,89.31,1.38,47,2,No,Normal,Evening,Low,High,Medium,Low,80
76.43,88.45,5.08,76,24,Yes,Confined Space,Night,Medium,High,High,Medium,25
38.87,24.8,1.77,57,22,No,Confined Space,Evening,Low,Low,Low,Low,90
64.87,52.21,6.74,32,8,Yes,Hot Work,Morning,Medium,Low,Medium,Medium,65
76.25,21.93,9.26,82,4,Yes,Normal,Morning,Medium,Low,High,High,55
25.75,47.89,7.36,21,20,No,Hot Work,Evening,Low,Low,Low,Medium,90
3.0,57.97,1.84,50,9,Yes,Normal,Morning,Low,Low,Low,Low,90
10.06,90.38,2.01,89,25,No,Confined Space,Night,Low,High,Low,Low,60
82.68,33.68,6.4,24,2,No,Confined Space,Morning,Medium,Low,High,Medium,60
70.57,61.09,5.3,75,19,No,Hot Work,Evening,Medium,Medium,Medium,Medium,65
34.17,33.41,6.96,35,5,No,Confined Space,Evening,Low,Low,Low,Medium,90
89.77,37.41,9.08,77,19,No,Hot Work,Morning,Medium,Low,High,High,50
98.24,47.6,1.31,47,16,No,Normal,Morning,Medium,Low,High,Low,70
10.69,67.83,9.34,43,14,Yes,Confined Space,Night,Low,Medium,Low,High,50
73.92,53.39,9.55,83,18,No,Normal,Morning,Medium,Low,Medium,High,65
3.66,24.23,6.38,41,19,Yes,Normal,Morning,Low,Low,Low,Medium,80
97.48,47.51,5.85,66,4,No,Normal,Night,Medium,Low,High,Medium,50
45.01,43.29,3.3,37,29,Yes,Normal,Evening,Low,Low,Low,Low,80
88.76,50.72,6.89,60,24,Yes,Hot Work,Evening,Medium,Low,High,Medium,40
5.89,26.5,3.83,40,9,Yes,Hot Work,Night,Low,Low,Low,Low,80
61.28,90.07,4.39,61,3,Yes,Confined Space,Night,Medium,High,Medium,Low,45
95.39,61.38,6.11,42,12,Yes,Hot Work,Night,Medium,Medium,High,Medium,30
75.14,73.18,8.92,53,29,Yes,Confined Space,Night,Medium,Medium,High,High,25
87.33,81.39,8.01,81,13,No,Normal,Evening,High,High,High,High,30
56.88,23.2,3.47,49,3,No,Hot Work,Night,Low,Low,Medium,Low,90
1.98,41.84,6.28,34,14,No,Normal,Morning,Low,Low,Low,Medium,90
90.94,23.04,2.14,68,7,Yes,Normal,Morning,Medium,Low,High,Low,60
47.17,20.62,9.88,87,30,No,Hot Work,Evening,Low,Low,Low,High,70
46.43,49.77,9.39,72,23,No,Confined Space,Night,Low,Low,Low,High,60
34.29,57.53,9.91,59,14,No,Confined Space,Night,Low,Low,Low,High,70
57.79,20.83,1.43,37,22,Yes,Normal,Night,Low,Low,Medium,Low,70
89.13,32.75,9.1,51,9,Yes,Hot Work,Night,Medium,Low,High,High,30
64.67,23.91,6.76,30,28,No,Hot Work,Night,Medium,Low,Medium,Medium,55
90.81,75.93,6.92,73,10,Yes,Confined Space,Night,High,Medium,High,Medium,30
69.62,98.18,7.91,59,28,Yes,Normal,Morning,Medium,High,Medium,Medium,35
47.94,54.77,2.1,82,15,Yes,Hot Work,Night,Low,Low,Low,Low,80
23.13,59.98,6.67,22,25,No,Confined Space,Morning,Low,Low,Low,Medium,80
80.4,60.05,1.67,54,19,No,Normal,Evening,Medium,Medium,High,Low,60
73.33,52.52,4.54,74,17,Yes,Normal,Morning,Medium,Low,Medium,Low,75
4.72,41.09,7.46,41,17,Yes,Confined Space,Night,Low,Low,Low,Medium,70
18.77,75.06,1.99,62,13,Yes,Hot Work,Evening,Low,Medium,Low,Low,80
99.74,22.43,4.47,54,16,Yes,Hot Work,Night,Medium,Low,High,Low,50
88.95,26.51,9.53,68,13,No,Hot Work,Morning,Medium,Low,High,High,50
99.29,90.69,3.37,42,1,No,Confined Space,Evening,High,High,High,Low,50
21.68,49.75,9.28,75,11,Yes,Hot Work,Evening,Low,Low,Low,High,70
91.55,74.33,2.14,45,19,No,Hot Work,Evening,High,Medium,High,Low,60
57.3,43.66,3.63,69,11,Yes,Confined Space,Morning,Low,Low,Medium,Low,90
93.51,62.46,9.83,21,24,No,Normal,Evening,Medium,Medium,High,High,30
18.87,58.29,1.44,32,7,Yes,Normal,Morning,Low,Low,Low,Low,90
7.28,85.54,5.82,75,18,No,Hot Work,Evening,Low,High,Low,Medium,70
99.4,71.43,6.26,26,25,No,Normal,Morning,High,Medium,High,Medium,40
82.97,39.48,8.08,78,11,No,Normal,Morning,Medium,Low,High,High,50
75.73,24.5,1.63,41,2,No,Confined Space,Morning,Medium,Low,High,Low,85
43.98,82.8,1.67,77,21,Yes,Hot Work,Morning,Low,High,Low,Low,60
63.31,70.98,7.71,64,17,Yes,Normal,Evening,Medium,Medium,Medium,Medium,55
79.61,93.42,8.83,57,24,Yes,Confined Space,Morning,Medium,High,High,High,25
44.22,82.07,3.11,30,27,No,Normal,Morning,Low,High,Low,Low,70
81.4,75.37,1.16,29,8,Yes,Normal,Night,High,Medium,High,Low,40
31.88,58.25,2.15,73,20,No,Hot Work,Evening,Low,Low,Low,Low,100
74.36,41.87,4.45,64,20,No,Confined Space,Evening,Medium,Low,Medium,Low,85
2.34,73.71,2.1,57,29,Yes,Confined Space,Night,Low,Medium,Low,Low,60
16.13,67.54,9.39,59,23,Yes,Normal,Morning,Low,Medium,Low,High,50
87.79,59.38,2.57,32,11,Yes,Hot Work,Night,Medium,Low,High,Low,50
26.97,97.83,5.85,72,4,Yes,Confined Space,Evening,Low,High,Low,Medium,60
63.29,69.66,3.4,29,11,No,Normal,Evening,Medium,Medium,Medium,Low,75
39.58,67.86,8.25,49,19,Yes,Normal,Night,Low,Medium,Low,High,50
79.72,83.3,6.54,35,17,Yes,Confined Space,Evening,Medium,High,High,Medium,45
80.7,74.13,9.42,25,18,Yes,Normal,Morning,High,Medium,High,High,30
82.11,58.54,8.35,90,20,No,Hot Work,Morning,Medium,Low,High,High,50
23.6,73.01,5.53,46,5,Yes,Hot Work,Night,Low,Medium,Low,Medium,60
28.03,81.69,3.41,83,8,No,Confined Space,Morning,Low,High,Low,Low,80
0.86,63.23,1.06,59,20,Yes,Confined Space,Morning,Low,Medium,Low,Low,80
3.65,50.65,5.87,30,2,No,Hot Work,Night,Low,Low,Low,Medium,80
32.44,95.54,9.41,83,11,No,Confined Space,Evening,Low,High,Low,High,60
21.97,80.16,6.61,87,16,Yes,Confined Space,Night,Low,High,Low,Medium,50
41.45,92.96,7.37,41,22,Yes,Hot Work,Evening,Low,High,Low,Medium,50
66.22,41.83,8.1,32,16,Yes,Confined Space,Night,Medium,Low,Medium,High,45
42.07,56.1,3.32,64,12,No,Hot Work,Night,Low,Low,Low,Low,90
2.91,74.91,2.39,75,8,Yes,Normal,Evening,Low,Medium,Low,Low,80
88.44,21.32,8.57,86,23,Yes,Confined Space,Morning,Medium,Low,High,High,30
25.49,92.92,1.19,25,3,No,Normal,Evening,Low,High,Low,Low,80
51.78,44.32,9.91,25,12,Yes,Hot Work,Morning,Low,Low,Medium,High,70
77.06,83.75,8.18,27,25,Yes,Confined Space,Morning,Medium,High,High,High,25
46.81,90.47,4.42,79,3,No,Hot Work,Night,Low,High,Low,Low,70
77.44,84.18,7.6,32,14,No,Confined Space,Night,Medium,High,High,Medium,45
53.98,56.39,7.01,32,7,No,Confined Space,Evening,Low,Low,Medium,Medium,90
70.74,22.5,6.06,87,26,No,Confined Space,Morning,Medium,Low,Medium,Medium,65
53.35,66.48,5.09,43,2,No,Normal,Evening,Low,Medium,Medium,Medium,80
18.52,38.17,6.44,87,28,No,Normal,Morning,Low,Low,Low,Medium,80
73.99,56.39,7.35,44,10,Yes,Confined Space,Evening,Medium,Low,Medium,Medium,65
65.07,54.54,7.52,36,22,Yes,Hot Work,Night,Medium,Low,Medium,Medium,45
29.94,40.54,4.72,59,6,No,Confined Space,Night,Low,Low,Low,Low,90
84.92,24.29,3.62,67,24,Yes,Confined Space,Night,Medium,Low,High,Low,40
90.52,59.89,4.86,90,4,Yes,Normal,Night,Medium,Low,High,Low,50
21.97,92.44,1.58,26,11,Yes,Hot Work,Night,Low,High,Low,Low,60
60.41,88.77,4.92,61,29,Yes,Hot Work,Night,Medium,High,Medium,Low,35
25.91,83.01,2.23,75,4,No,Normal,Night,Low,High,Low,Low,70
43.57,31.76,7.94,34,5,Yes,Confined Space,Evening,Low,Low,Low,Medium,80
49.81,41.29,5.65,80,7,Yes,Hot Work,Morning,Low,Low,Low,Medium,80
51.65,61.01,8.22,39,9,No,Normal,Evening,Low,Medium,Medium,High,70
80.4,53.28,3.75,57,7,No,Normal,Morning,Medium,Low,High,Low,70
61.76,56.31,8.76,88,25,No,Confined Space,Evening,Medium,Low,Medium,High,55
46.03,53.27,7.79,87,13,Yes,Hot Work,Morning,Low,Low,Low,Medium,80
37.34,60.78,7.23,23,12,No,Hot Work,Night,Low,Medium,Low,Medium,70
33.4,28.73,4.51,38,7,No,Hot Work,Night,Low,Low,Low,Low,90
13.02,65.21,1.19,84,20,Yes,Hot Work,Morning,Low,Medium,Low,Low,80
78.26,56.54,2.14,84,4,Yes,Normal,Evening,Medium,Low,High,Low,75
36.41,20.24,2.61,78,4,Yes,Normal,Morning,Low,Low,Low,Low,90
7.53,48.52,6.0,89,28,No,Hot Work,Evening,Low,Low,Low,Medium,80
22.18,38.72,4.85,21,28,No,Hot Work,Evening,Low,Low,Low,Low,90
25.02,89.07,6.73,36,29,Yes,Hot Work,Morning,Low,High,Low,Medium,50
24.13,49.74,7.41,73,23,Yes,Hot Work,Evening,Low,Low,Low,Medium,70
27.42,34.05,2.45,70,30,No,Normal,Evening,Low,Low,Low,Low,90
91.82,98.41,1.89,80,27,No,Hot Work,Night,High,High,High,Low,30
20.35,21.28,5.77,38,20,Yes,Hot Work,Night,Low,Low,Low,Medium,70
30.81,71.4,8.65,40,8,No,Confined Space,Night,Low,Medium,Low,High,60
73.92,82.51,4.95,87,12,Yes,Confined Space,Evening,Medium,High,Medium,Low,55
80.21,24.61,4.75,59,3,No,Normal,Morning,Medium,Low,High,Low,70
83.11,60.03,8.59,29,1,No,Normal,Evening,Medium,Medium,High,High,40
7.59,36.95,5.83,79,20,No,Hot Work,Evening,Low,Low,Low,Medium,90
0.01,94.78,3.79,56,30,Yes,Hot Work,Evening,Low,High,Low,Low,60
12.56,83.5,6.24,62,16,Yes,Hot Work,Night,Low,High,Low,Medium,50
28.29,43.52,1.2,63,19,Yes,Normal,Morning,Low,Low,Low,Low,90
54.76,24.21,8.49,59,15,Yes,Normal,Morning,Low,Low,Medium,High,70
56.36,58.52,9.31,20,25,Yes,Confined Space,Evening,Low,Low,Medium,High,60
37.08,33.29,9.95,54,24,Yes,Confined Space,Night,Low,Low,Low,High,50
15.38,21.43,9.07,82,10,No,Normal,Night,Low,Low,Low,High,70
43.67,73.93,3.41,82,7,Yes,Confined Space,Night,Low,Medium,Low,Low,70
30.15,51.96,2.11,23,30,Yes,Hot Work,Evening,Low,Low,Low,Low,80
74.7,39.16,2.3,38,22,Yes,Normal,Night,Medium,Low,Medium,Low,55
35.17,59.0,2.9,46,30,No,Confined Space,Evening,Low,Low,Low,Low,90
14.75,88.3,8.88,20,9,Yes,Normal,Night,Low,High,Low,High,40
95.59,87.05,7.58,28,4,Yes,Normal,Night,High,High,High,Medium,20
24.75,31.37,9.49,73,12,No,Confined Space,Night,Low,Low,Low,High,70
41.99,95.52,3.37,31,21,No,Hot Work,Morning,Low,High,Low,Low,70
15.46,46.98,6.56,27,29,Yes,Confined Space,Morning,Low,Low,Low,Medium,70
22.28,66.76,7.75,76,6,Yes,Normal,Morning,Low,Medium,Low,Medium,70
12.16,45.33,1.49,74,28,No,Hot Work,Morning,Low,Low,Low,Low,90
78.48,41.54,4.42,78,20,Yes,Normal,Evening,Medium,Low,High,Low,75
26.62,29.26,4.85,59,18,No,Confined Space,Evening,Low,Low,Low,Low,100
54.09,78.04,2.57,69,22,No,Confined Space,Evening,Low,Medium,Medium,Low,80
10.85,49.91,9.07,74,7,Yes,Confined Space,Evening,Low,Low,Low,High,70
49.31,70.1,4.34,70,20,No,Confined Space,Morning,Low,Medium,Low,Low,90
84.48,38.78,8.35,87,20,Yes,Normal,Night,Medium,Low,High,High,30
57.52,42.07,5.92,86,15,Yes,Hot Work,Evening,Low,Low,Medium,Medium,80
69.69,82.76,9.87,26,26,No,Hot Work,Morning,Medium,High,Medium,High,35
45.82,63.26,3.8,85,26,No,Hot Work,Night,Low,Medium,Low,Low,70
11.79,38.46,1.02,66,30,No,Hot Work,Morning,Low,Low,Low,Low,90
3.15,83.22,1.68,78,23,Yes,Confined Space,Evening,Low,High,Low,Low,60
37.12,55.92,7.44,84,13,No,Normal,Morning,Low,Low,Low,Medium,90
91.36,25.21,7.1,38,5,No,Confined Space,Night,Medium,Low,High,Medium,50
33.27,92.29,8.95,86,28,Yes,Normal,Morning,Low,High,Low,High,40
24.88,24.02,6.28,80,25,No,Hot Work,Night,Low,Low,Low,Medium,70
6.91,23.94,9.76,47,1,No,Confined Space,Morning,Low,Low,Low,High,80
69.07,96.67,1.31,28,9,Yes,Normal,Morning,Medium,High,Medium,Low,55
50.02,41.19,3.31,49,6,No,Hot Work,Evening,Low,Low,Medium,Low,100
32.73,29.98,3.41,75,1,Yes,Hot Work,Night,Low,Low,Low,Low,80
93.97,65.97,1.25,33,26,Yes,Normal,Evening,Medium,Medium,High,Low,40
10.04,55.77,6.77,56,22,Yes,Confined Space,Evening,Low,Low,Low,Medium,70
2.55,55.03,8.08,25,27,Yes,Hot Work,Morning,Low,Low,Low,High,60
13.37,50.99,2.61,80,8,Yes,Normal,Evening,Low,Low,Low,Low,90
62.6,36.94,1.92,26,18,Yes,Normal,Morning,Medium,Low,Medium,Low,75
41.87,68.32,7.99,27,18,Yes,Confined Space,Morning,Low,Medium,Low,Medium,70
7.22,43.67,9.46,56,28,Yes,Hot Work,Morning,Low,Low,Low,High,60
12.07,34.97,7.12,87,12,No,Confined Space,Evening,Low,Low,Low,Medium,90
92.44,91.78,7.81,87,27,No,Hot Work,Morning,High,High,High,Medium,30
19.42,95.68,2.73,52,14,Yes,Hot Work,Morning,Low,High,Low,Low,70
31.23,20.71,6.96,33,24,No,Confined Space,Morning,Low,Low,Low,Medium,80
10.99,51.23,3.96,83,7,Yes,Hot Work,Morning,Low,Low,Low,Low,90
59.42,59.83,7.73,76,29,Yes,Hot Work,Evening,Low,Low,Medium,Medium,70
92.4,99.63,5.42,43,18,Yes,Normal,Evening,High,High,High,Medium,30
34.23,46.55,5.35,64,26,No,Hot Work,Evening,Low,Low,Low,Medium,80
12.02,50.1,7.88,29,29,Yes,Hot Work,Night,Low,Low,Low,Medium,60
36.36,90.29,6.14,88,22,No,Normal,Night,Low,High,Low,Medium,50
93.83,42.37,6.7,59,9,No,Confined Space,Night,Medium,Low,High,Medium,50
88.31,42.65,9.91,26,19,Yes,Hot Work,Evening,Medium,Low,High,High,40
83.62,20.61,6.66,56,2,Yes,Confined Space,Evening,Medium,Low,High,Medium,50
44.73,45.47,2.96,35,27,No,Confined Space,Evening,Low,Low,Low,Low,90
46.22,61.22,3.55,46,5,No,Confined Space,Morning,Low,Medium,Low,Low,90
1.43,28.63,6.83,60,7,No,Normal,Morning,Low,Low,Low,Medium,90
23.07,67.93,5.38,46,25,No,Normal,Morning,Low,Medium,Low,Medium,70
31.49,33.24,5.3,77,26,No,Normal,Morning,Low,Low,Low,Medium,80
11.41,46.16,2.6,28,10,No,Normal,Evening,Low,Low,Low,Low,100
45.27,25.16,4.09,90,6,No,Hot Work,Morning,Low,Low,Low,Low,100
20.61,56.53,9.16,22,25,Yes,Confined Space,Night,Low,Low,Low,High,50
78.6,54.54,8.13,28,4,No,Confined Space,Morning,Medium,Low,High,High,65
47.72,37.69,2.86,80,18,Yes,Normal,Morning,Low,Low,Low,Low,90
65.56,83.12,8.29,51,15,Yes,Hot Work,Morning,Medium,High,Medium,High,35
92.3,22.46,9.28,84,14,Yes,Hot Work,Morning,Medium,Low,High,High,40
95.17,74.63,8.98,64,4,No,Confined Space,Morning,High,Medium,High,High,40
29.7,45.92,2.48,76,24,No,Hot Work,Evening,Low,Low,Low,Low,90
51.32,48.21,8.64,72,25,No,Hot Work,Evening,Low,Low,Medium,High,70
3.56,56.02,9.25,70,12,Yes,Hot Work,Night,Low,Low,Low,High,60
1.72,96.0,8.53,89,16,No,Hot Work,Night,Low,High,Low,High,50
83.74,79.34,5.65,75,30,Yes,Confined Space,Morning,High,Medium,High,Medium,30
20.22,32.57,7.11,62,14,No,Hot Work,Morning,Low,Low,Low,Medium,90
98.5,81.34,7.2,45,13,No,Normal,Morning,High,High,High,Medium,40
55.99,28.22,9.06,76,12,No,Hot Work,Morning,Low,Low,Medium,High,80
38.09,46.99,6.78,20,3,Yes,Hot Work,Night,Low,Low,Low,Medium,70
90.27,74.62,6.79,41,29,No,Normal,Night,High,Medium,High,Medium,30
64.71,99.12,3.21,27,30,No,Hot Work,Morning,Medium,High,Medium,Low,55
47.27,27.36,5.42,56,22,Yes,Hot Work,Night,Low,Low,Low,Medium,60
92.93,22.45,4.69,83,20,No,Hot Work,Morning,Medium,Low,High,Low,70
59.29,21.14,4.4,23,5,Yes,Confined Space,Morning,Low,Low,Medium,Low,90
77.84,29.66,4.29,36,19,No,Confined Space,Morning,Medium,Low,High,Low,85
58.5,44.99,6.4,42,28,No,Confined Space,Evening,Low,Low,Medium,Medium,80
90.83,32.62,8.05,32,9,No,Confined Space,Evening,Medium,Low,High,High,50
38.97,94.86,3.87,64,24,No,Normal,Night,Low,High,Low,Low,60
29.18,66.16,2.66,38,8,No,Normal,Evening,Low,Medium,Low,Low,90
18.13,39.04,2.59,39,24,No,Confined Space,Evening,Low,Low,Low,Low,90
76.0,21.65,7.54,53,16,No,Normal,Morning,Medium,Low,High,Medium,75
78.92,76.33,6.99,85,3,No,Hot Work,Morning,Medium,Medium,High,Medium,65
0.39,85.94,5.06,52,1,Yes,Normal,Night,Low,High,Low,Medium,50
39.99,26.59,5.84,46,17,No,Normal,Morning,Low,Low,Low,Medium,90
96.11,52.42,6.37,20,20,No,Normal,Morning,Medium,Low,High,Medium,60
49.52,55.68,3.36,80,19,Yes,Hot Work,Evening,Low,Low,Low,Low,90
64.44,42.73,9.46,67,23,Yes,Confined Space,Evening,Medium,Low,Medium,High,45
31.1,54.96,1.04,58,24,No,Normal,Morning,Low,Low,Low,Low,90
85.58,28.72,6.21,51,22,Yes,Normal,Evening,Medium,Low,High,Medium,40
88.06,25.28,5.4,62,8,Yes,Hot Work,Morning,Medium,Low,High,Medium,50
99.51,99.41,5.87,56,18,No,Normal,Morning,High,High,High,Medium,40
90.62,91.8,9.61,44,12,No,Normal,Evening,High,High,High,High,30
46.67,76.7,1.08,80,3,No,Hot Work,Night,Low,Medium,Low,Low,80
49.76,99.13,9.93,21,4,No,Hot Work,Night,Low,High,Low,High,50
49.87,94.82,7.19,53,28,No,Normal,Evening,Low,High,Low,Medium,60
97.22,97.22,3.75,40,29,No,Hot Work,Evening,High,High,High,Low,40
22.03,71.89,5.7,57,3,Yes,Confined Space,Morning,Low,Medium,Low,Medium,70
68.57,73.54,1.42,27,8,Yes,Confined Space,Morning,Medium,Medium,Medium,Low,65
30.35,55.01,2.41,76,14,Yes,Hot Work,Night,Low,Low,Low,Low,80
37.23,88.74,1.67,86,6,Yes,Hot Work,Morning,Low,High,Low,Low,70
28.81,63.55,6.28,88,17,Yes,Normal,Morning,Low,Medium,Low,Medium,70
10.96,20.29,6.73,58,23,No,Confined Space,Morning,Low,Low,Low,Medium,80
89.96,50.9,4.79,34,4,No,Confined Space,Night,Medium,Low,High,Low,60
99.34,77.92,7.5,31,18,No,Confined Space,Evening,High,Medium,High,Medium,50
31.32,56.7,9.69,50,16,No,Confined Space,Morning,Low,Low,Low,High,80
55.22,45.56,7.82,57,27,No,Hot Work,Morning,Low,Low,Medium,Medium,80
4.76,31.56,5.2,35,29,No,Hot Work,Night,Low,Low,Low,Medium,70
89.87,94.02,1.04,40,7,No,Confined Space,Night,High,High,High,Low,40
55.64,70.3,3.16,66,5,Yes,Confined Space,Night,Low,Medium,Medium,Low,70
50.18,73.07,1.91,71,2,Yes,Normal,Night,Low,Medium,Medium,Low,70
50.18,47.74,2.37,46,30,Yes,Normal,Evening,Low,Low,Medium,Low,80
84.41,47.62,9.4,72,2,Yes,Normal,Evening,Medium,Low,High,High,40
87.3,41.81,4.02,37,6,No,Normal,Morning,Medium,Low,High,Low,70
5.29,74.13,8.1,64,16,No,Hot Work,Night,Low,Medium,Low,High,60
67.28,78.13,5.5,58,1,No,Normal,Evening,Medium,Medium,Medium,Medium,65
77.69,64.9,7.96,24,25,Yes,Hot Work,Night,Medium,Medium,High,Medium,35
24.35,55.21,2.53,35,6,No,Hot Work,Morning,Low,Low,Low,Low,100
76.79,50.08,4.07,29,10,No,Confined Space,Evening,Medium,Low,High,Low,85
12.28,36.85,8.19,55,17,Yes,Hot Work,Evening,Low,Low,Low,High,70
13.77,28.0,8.44,35,22,Yes,Hot Work,Night,Low,Low,Low,High,50
48.65,63.67,6.0,74,21,No,Hot Work,Night,Low,Medium,Low,Medium,60
49.49,87.07,6.23,37,3,Yes,Confined Space,Morning,Low,High,Low,Medium,60
7.14,52.96,4.19,20,21,No,Hot Work,Morning,Low,Low,Low,Low,90
38.24,20.04,8.15,57,30,Yes,Hot Work,Evening,Low,Low,Low,High,60
38.16,36.87,1.52,83,12,No,Normal,Night,Low,Low,Low,Low,90
64.36,74.34,2.99,50,28,No,Confined Space,Morning,Medium,Medium,Medium,Low,65
83.27,55.57,8.08,60,15,No,Hot Work,Evening,Medium,Low,High,High,50
91.4,92.34,3.41,65,27,Yes,Normal,Night,High,High,High,Low,20
22.9,36.88,5.54,69,13,Yes,Hot Work,Evening,Low,Low,Low,Medium,80
5.62,79.21,9.78,55,24,No,Normal,Evening,Low,Medium,Low,High,60
19.16,34.72,3.07,41,1,Yes,Hot Work,Morning,Low,Low,Low,Low,90
27.86,51.25,5.68,26,11,Yes,Confined Space,Night,Low,Low,Low,Medium,70
48.82,58.87,3.4,62,15,Yes,Hot Work,Night,Low,Low,Low,Low,80
56.58,20.91,5.75,78,16,No,Normal,Morning,Low,Low,Medium,Medium,90
83.68,93.08,3.99,90,26,No,Normal,Morning,High,High,High,Low,40
59.28,50.36,2.39,49,30,No,Hot Work,Evening,Low,Low,Medium,Low,90
28.89,33.63,1.55,56,11,Yes,Confined Space,Morning,Low,Low,Low,Low,90
56.47,65.73,8.23,48,2,No,Confined Space,Evening,Low,Medium,Medium,High,70
20.48,98.69,6.58,86,6,Yes,Normal,Morning,Low,High,Low,Medium,60
1.91,40.85,6.98,62,1,Yes,Normal,Night,Low,Low,Low,Medium,70
96.74,75.42,6.49,54,18,No,Confined Space,Night,High,Medium,High,Medium,40
15.13,90.52,5.3,32,6,No,Normal,Evening,Low,High,Low,Medium,70
55.57,53.76,1.66,55,25,No,Confined Space,Evening,Low,Low,Medium,Low,90
36.24,88.63,5.93,89,15,Yes,Hot Work,Night,Low,High,Low,Medium,50
29.86,23.59,6.8,25,7,Yes,Normal,Night,Low,Low,Low,Medium,70
35.29,51.25,3.38,67,4,No,Hot Work,Evening,Low,Low,Low,Low,100
83.63,62.54,4.92,29,12,Yes,Confined Space,Night,Medium,Medium,High,Low,40
83.02,90.35,8.78,21,3,No,Hot Work,Evening,High,High,High,High,30
77.21,49.84,6.79,34,17,Yes,Hot Work,Morning,Medium,Low,High,Medium,65
16.36,21.39,1.81,84,18,Yes,Hot Work,Night,Low,Low,Low,Low,80
19.72,95.23,2.73,74,20,No,Hot Work,Evening,Low,High,Low,Low,80
8.35,78.16,9.35,47,21,No,Confined Space,Night,Low,Medium,Low,High,50
0.92,95.9,4.15,85,10,Yes,Confined Space,Evening,Low,High,Low,Low,70
57.55,77.26,3.82,85,5,No,Confined Space,Night,Low,Medium,Medium,Low,80
12.34,70.88,8.64,26,25,Yes,Hot Work,Evening,Low,Medium,Low,High,50
33.51,22.72,9.18,25,17,Yes,Confined Space,Night,Low,Low,Low,High,60
47.18,63.97,6.91,85,9,Yes,Normal,Evening,Low,Medium,Low,Medium,70
94.02,28.7,1.37,45,16,Yes,Normal,Evening,Medium,Low,High,Low,60
97.89,77.86,8.15,30,13,Yes,Hot Work,Evening,High,Medium,High,High,30
52.0,26.38,3.65,90,18,No,Normal,Morning,Low,Low,Medium,Low,100
73.63,47.04,4.51,30,12,No,Normal,Morning,Medium,Low,Medium,Low,85
1.17,57.06,6.07,63,30,No,Hot Work,Night,Low,Low,Low,Medium,70
7.55,22.16,4.45,72,18,Yes,Confined Space,Night,Low,Low,Low,Low,80
17.14,83.09,4.27,75,26,No,Confined Space,Evening,Low,High,Low,Low,70
46.09,82.04,3.26,71,29,Yes,Hot Work,Evening,Low,High,Low,Low,60
12.84,72.56,8.96,36,29,Yes,Hot Work,Night,Low,Medium,Low,High,40
42.03,56.12,7.44,67,8,Yes,Normal,Morning,Low,Low,Low,Medium,80
69.4,86.67,9.03,57,29,No,Hot Work,Evening,Medium,High,Medium,High,35
4.11,82.29,8.83,73,30,No,Confined Space,Night,Low,High,Low,High,40
82.17,38.24,2.55,77,23,Yes,Normal,Morning,Medium,Low,High,Low,50
36.39,74.23,1.11,55,1,No,Hot Work,Morning,Low,Medium,Low,Low,90
52.09,95.7,1.58,58,26,Yes,Hot Work,Morning,Low,High,Medium,Low,60
92.42,73.1,7.92,90,25,Yes,Normal,Evening,High,Medium,High,Medium,30
30.47,36.41,1.63,83,22,No,Hot Work,Night,Low,Low,Low,Low,80
54.91,58.13,7.1,48,5,Yes,Normal,Night,Low,Low,Medium,Medium,70
52.49,34.72,5.08,63,17,No,Normal,Evening,Low,Low,Medium,Medium,90
25.77,79.96,3.17,44,26,Yes,Confined Space,Morning,Low,Medium,Low,Low,70
83.91,64.24,2.46,34,4,Yes,Confined Space,Night,Medium,Medium,High,Low,40
79.95,99.25,5.13,57,21,Yes,Hot Work,Evening,Medium,High,High,Medium,35
1.55,55.83,9.4,22,2,Yes,Confined Space,Night,Low,Low,Low,High,60
64.62,67.7,9.28,38,22,No,Normal,Morning,Medium,Medium,Medium,High,45
84.04,59.08,2.65,29,28,Yes,Normal,Evening,Medium,Low,High,Low,50
32.27,31.29,5.75,33,8,No,Hot Work,Morning,Low,Low,Low,Medium,90
49.27,99.31,8.33,76,13,Yes,Confined Space,Night,Low,High,Low,High,40
30.15,69.84,4.2,45,25,Yes,Confined Space,Morning,Low,Medium,Low,Low,70
90.64,81.94,4.94,21,16,No,Hot Work,Night,High,High,High,Low,40
91.26,70.85,3.07,72,1,No,Hot Work,Night,High,Medium,High,Low,50
0.3,52.7,8.67,56,23,No,Normal,Morning,Low,Low,Low,High,70
98.39,97.43,6.94,30,14,No,Hot Work,Morning,High,High,High,Medium,40
74.92,82.23,4.36,28,26,No,Confined Space,Night,Medium,High,Medium,Low,45
92.02,68.08,5.85,34,12,No,Normal,Night,Medium,Medium,High,Medium,40
38.09,74.0,4.76,42,27,Yes,Confined Space,Morning,Low,Medium,Low,Low,70
46.51,40.18,7.68,79,7,Yes,Confined Space,Morning,Low,Low,Low,Medium,80
59.93,51.6,4.13,26,27,Yes,Hot Work,Evening,Low,Low,Medium,Low,80
90.25,33.21,5.86,85,2,Yes,Hot Work,Morning,Medium,Low,High,Medium,50
18.87,92.19,4.89,51,25,No,Hot Work,Morning,Low,High,Low,Low,70
44.38,37.72,9.63,88,7,No,Hot Work,Evening,Low,Low,Low,High,80
12.45,45.37,5.91,85,14,Yes,Confined Space,Evening,Low,Low,Low,Medium,80
11.35,21.9,2.98,39,13,No,Confined Space,Evening,Low,Low,Low,Low,100
54.59,35.25,9.09,50,1,Yes,Hot Work,Night,Low,Low,Medium,High,60
33.69,69.14,7.17,50,16,Yes,Normal,Evening,Low,Medium,Low,Medium,70
51.75,54.48,7.6,83,1,No,Confined Space,Night,Low,Low,Medium,Medium,80
50.72,59.97,8.27,29,1,Yes,Normal,Morning,Low,Low,Medium,High,70
40.41,75.1,2.46,23,6,Yes,Confined Space,Evening,Low,Medium,Low,Low,80
93.62,66.37,5.47,75,24,No,Hot Work,Night,Medium,Medium,High,Medium,30
72.09,44.22,1.26,38,20,Yes,Normal,Morning,Medium,Low,Medium,Low,75
80.58,49.33,4.62,31,15,No,Hot Work,Morning,Medium,Low,High,Low,70
23.04,82.93,3.95,76,12,No,Hot Work,Morning,Low,High,Low,Low,80
81.8,53.76,1.01,88,13,No,Hot Work,Evening,Medium,Low,High,Low,70
40.55,23.66,5.56,77,29,Yes,Normal,Evening,Low,Low,Low,Medium,70
93.28,27.44,3.38,41,12,Yes,Hot Work,Morning,Medium,Low,High,Low,60
21.9,89.29,1.31,20,1,Yes,Normal,Morning,Low,High,Low,Low,70
14.78,52.55,7.21,50,2,Yes,Hot Work,Evening,Low,Low,Low,Medium,80
48.79,42.84,9.25,33,4,No,Confined Space,Evening,Low,Low,Low,High,80
52.43,24.95,1.28,88,4,Yes,Normal,Evening,Low,Low,Medium,Low,90
91.86,47.14,8.51,34,25,No,Hot Work,Morning,Medium,Low,High,High,40
67.75,34.74,7.58,72,24,Yes,Normal,Night,Medium,Low,Medium,Medium,45
52.67,63.47,8.86,87,22,Yes,Confined Space,Night,Low,Medium,Medium,High,40
93.37,61.29,8.16,63,21,Yes,Normal,Evening,Medium,Medium,High,High,20
51.35,87.76,4.03,88,30,Yes,Normal,Morning,Low,High,Medium,Low,60
19.48,51.17,4.99,46,30,No,Normal,Night,Low,Low,Low,Low,80
26.54,62.27,1.58,47,11,Yes,Normal,Evening,Low,Medium,Low,Low,80
86.38,44.71,3.73,90,5,No,Confined Space,Morning,Medium,Low,High,Low,70
81.4,24.01,4.43,73,18,Yes,Normal,Night,Medium,Low,High,Low,50
57.91,68.11,2.73,53,11,No,Confined Space,Evening,Low,Medium,Medium,Low,90
19.25,80.34,7.46,76,25,No,Hot Work,Evening,Low,High,Low,Medium,60
77.58,97.94,4.53,41,16,Yes,Confined Space,Evening,Medium,High,High,Low,55
87.94,59.47,5.87,72,28,Yes,Hot Work,Evening,Medium,Low,High,Medium,40
98.88,40.0,9.66,79,27,Yes,Normal,Morning,Medium,Low,High,High,30
51.87,34.45,3.51,69,22,No,Normal,Night,Low,Low,Medium,Low,80
33.02,83.0,4.79,72,11,No,Hot Work,Morning,Low,High,Low,Low,80
53.04,59.72,4.94,89,10,No,Normal,Evening,Low,Low,Medium,Low,100
60.89,95.1,4.22,89,10,Yes,Hot Work,Evening,Medium,High,Medium,Low,55
97.71,72.5,4.58,70,5,Yes,Hot Work,Morning,High,Medium,High,Low,50
51.9,44.75,1.96,64,25,No,Hot Work,Morning,Low,Low,Medium,Low,90
45.4,97.87,7.8,75,27,No,Confined Space,Evening,Low,High,Low,Medium,60
9.03,70.61,7.66,49,6,Yes,Normal,Night,Low,Medium,Low,Medium,60
45.64,79.53,6.48,21,16,Yes,Normal,Evening,Low,Medium,Low,Medium,70
95.96,30.14,5.03,41,25,Yes,Confined Space,Evening,Medium,Low,High,Medium,40
92.52,43.82,6.4,24,9,Yes,Confined Space,Morning,Medium,Low,High,Medium,50
95.83,20.41,6.92,24,30,Yes,Normal,Morning,Medium,Low,High,Medium,40
96.68,24.71,8.52,25,19,Yes,Confined Space,Morning,Medium,Low,High,High,40
98.82,34.53,6.66,37,10,Yes,Hot Work,Night,Medium,Low,High,Medium,40
14.14,54.87,7.72,87,28,Yes,Confined Space,Night,Low,Low,Low,Medium,60
79.09,43.05,7.77,47,14,No,Hot Work,Morning,Medium,Low,High,Medium,75
24.45,54.95,3.37,40,4,Yes,Confined Space,Morning,Low,Low,Low,Low,90
72.34,41.98,7.83,55,10,No,Hot Work,Night,Medium,Low,Medium,Medium,65
60.99,22.52,3.12,39,2,Yes,Confined Space,Morning,Medium,Low,Medium,Low,75
62.42,74.96,6.83,34,1,No,Hot Work,Morning,Medium,Medium,Medium,Medium,65
86.8,22.59,4.79,40,24,Yes,Confined Space,Morning,Medium,Low,High,Low,50
80.12,64.64,3.14,55,25,No,Confined Space,Morning,Medium,Medium,High,Low,50
48.91,45.91,1.12,57,27,Yes,Hot Work,Evening,Low,Low,Low,Low,80
37.21,60.58,8.82,85,2,Yes,Confined Space,Night,Low,Medium,Low,High,50
62.5,74.01,5.81,47,28,No,Hot Work,Morning,Medium,Medium,Medium,Medium,55
93.08,96.63,5.43,42,11,Yes,Normal,Evening,High,High,High,Medium,30
79.16,34.05,4.09,30,11,Yes,Normal,Night,Medium,Low,High,Low,65
25.21,43.98,4.2,44,27,No,Normal,Night,Low,Low,Low,Low,80
62.5,32.28,8.98,76,8,No,Confined Space,Evening,Medium,Low,Medium,High,65
30.21,22.59,4.52,50,22,Yes,Normal,Morning,Low,Low,Low,Low,80
62.55,69.64,4.47,33,2,Yes,Normal,Night,Medium,Medium,Medium,Low,55
51.46,37.53,1.62,57,6,No,Confined Space,Morning,Low,Low,Medium,Low,100
59.48,79.96,6.79,30,5,Yes,Normal,Morning,Low,Medium,Medium,Medium,70
7.59,72.34,4.69,70,30,No,Normal,Night,Low,Medium,Low,Low,70
56.09,95.46,3.7,88,30,Yes,Confined Space,Night,Low,High,Medium,Low,50
86.71,97.3,6.39,73,29,No,Confined Space,Night,High,High,High,Medium,20
92.54,87.43,5.42,42,5,Yes,Confined Space,Night,High,High,High,Medium,20
78.84,86.85,5.42,74,13,Yes,Hot Work,Morning,Medium,High,High,Medium,45
94.84,23.81,7.48,45,14,Yes,Confined Space,Morning,Medium,Low,High,Medium,50
36.43,98.56,7.71,76,25,No,Normal,Morning,Low,High,Low,Medium,60
3.41,29.13,1.62,85,10,No,Normal,Night,Low,Low,Low,Low,90
64.27,89.17,1.73,60,18,No,Hot Work,Night,Medium,High,Medium,Low,55
91.73,61.05,8.25,28,27,No,Hot Work,Night,Medium,Medium,High,High,20
94.73,56.34,8.8,24,20,Yes,Normal,Evening,Medium,Low,High,High,40
50.81,89.63,8.74,54,23,Yes,Normal,Morning,Low,High,Medium,High,40
58.86,70.73,7.59,29,4,Yes,Normal,Night,Low,Medium,Medium,Medium,60
72.71,78.62,2.86,26,6,No,Hot Work,Evening,Medium,Medium,Medium,Low,75
98.46,52.88,8.1,45,12,Yes,Confined Space,Evening,Medium,Low,High,High,40
75.1,52.73,7.7,68,16,Yes,Normal,Night,Medium,Low,High,Medium,55
40.97,39.15,9.73,74,17,Yes,Normal,Night,Low,Low,Low,High,60
54.44,46.12,6.13,67,28,No,Normal,Evening,Low,Low,Medium,Medium,80
23.49,45.06,3.91,60,6,Yes,Confined Space,Evening,Low,Low,Low,Low,90
43.1,53.66,8.26,55,18,Yes,Hot Work,Evening,Low,Low,Low,High,70
86.85,68.37,1.39,73,24,Yes,Hot Work,Night,Medium,Medium,High,Low,30
61.04,25.24,2.25,58,18,Yes,Hot Work,Evening,Medium,Low,Medium,Low,75
16.12,63.73,3.8,75,30,No,Normal,Night,Low,Medium,Low,Low,70
19.44,44.16,4.74,79,11,No,Hot Work,Evening,Low,Low,Low,Low,100
70.51,24.49,7.19,79,14,Yes,Normal,Morning,Medium,Low,Medium,Medium,65
43.01,72.43,4.8,56,5,No,Confined Space,Morning,Low,Medium,Low,Low,90
14.73,94.69,4.82,34,2,No,Confined Space,Morning,Low,High,Low,Low,80
0.16,31.43,5.28,76,23,Yes,Hot Work,Night,Low,Low,Low,Medium,60
51.02,68.95,9.16,24,9,No,Normal,Evening,Low,Medium,Medium,High,70
40.1,93.1,3.16,21,14,No,Normal,Night,Low,High,Low,Low,70
58.79,59.71,4.06,26,19,No,Confined Space,Evening,Low,Low,Medium,Low,100
94.39,36.26,3.61,62,27,Yes,Confined Space,Night,Medium,Low,High,Low,40
36.81,20.75,8.95,66,10,No,Confined Space,Night,Low,Low,Low,High,70
1.0,20.56,5.7,83,15,No,Hot Work,Evening,Low,Low,Low,Medium,90
22.54,22.1,2.33,64,20,No,Normal,Morning,Low,Low,Low,Low,100
68.78,40.03,3.82,83,2,No,Hot Work,Evening,Medium,Low,Medium,Low,85
88.28,23.3,9.81,45,2,No,Hot Work,Night,Medium,Low,High,High,40
46.25,77.34,1.92,71,12,Yes,Normal,Night,Low,Medium,Low,Low,70
85.97,34.45,5.09,85,3,No,Normal,Night,Medium,Low,High,Medium,50
1.78,95.9,3.33,87,26,Yes,Confined Space,Evening,Low,High,Low,Low,60
51.95,50.43,1.63,41,2,No,Hot Work,Night,Low,Low,Medium,Low,90
52.72,85.4,3.21,90,24,Yes,Normal,Morning,Low,High,Medium,Low,60
65.18,83.73,7.05,50,12,No,Confined Space,Evening,Medium,High,Medium,Medium,55
73.26,54.96,7.57,89,13,No,Confined Space,Evening,Medium,Low,Medium,Medium,75
21.3,36.41,9.78,72,7,No,Confined Space,Morning,Low,Low,Low,High,80
67.08,76.65,3.06,59,13,Yes,Normal,Evening,Medium,Medium,Medium,Low,65
5.39,44.73,9.11,68,21,Yes,Confined Space,Night,Low,Low,Low,High,50
95.58,51.67,3.11,29,21,Yes,Normal,Morning,Medium,Low,High,Low,50
33.78,76.32,9.59,60,28,Yes,Normal,Morning,Low,Medium,Low,High,50
0.23,68.02,2.42,27,26,No,Normal,Evening,Low,Medium,Low,Low,80
61.91,34.69,8.35,79,2,Yes,Hot Work,Evening,Medium,Low,Medium,High,55
83.97,58.03,4.29,78,27,No,Normal,Morning,Medium,Low,High,Low,60
17.28,48.75,5.11,71,2,Yes,Confined Space,Night,Low,Low,Low,Medium,70
29.27,25.11,2.67,69,19,No,Hot Work,Morning,Low,Low,Low,Low,100
9.49,65.58,2.46,58,24,Yes,Hot Work,Morning,Low,Medium,Low,Low,70
64.17,96.95,2.56,49,18,No,Hot Work,Morning,Medium,High,Medium,Low,65
57.88,34.12,1.67,25,21,Yes,Hot Work,Night,Low,Low,Medium,Low,70
88.3,90.93,4.23,23,8,Yes,Hot Work,Evening,High,High,High,Low,40
88.38,76.38,7.25,50,13,No,Confined Space,Morning,High,Medium,High,Medium,50
50.73,57.37,6.8,59,26,Yes,Confined Space,Night,Low,Low,Medium,Medium,60
21.41,76.62,2.14,77,27,Yes,Hot Work,Morning,Low,Medium,Low,Low,70
9.76,51.67,8.95,36,25,No,Confined Space,Morning,Low,Low,Low,High,70
86.18,46.48,4.29,26,18,Yes,Normal,Night,Medium,Low,High,Low,50
67.09,54.8,6.03,36,17,No,Normal,Morning,Medium,Low,Medium,Medium,75
28.26,71.82,6.73,31,22,Yes,Confined Space,Morning,Low,Medium,Low,Medium,60
54.49,88.76,3.5,31,14,Yes,Hot Work,Evening,Low,High,Medium,Low,70
57.3,71.37,2.01,51,22,No,Normal,Night,Low,Medium,Medium,Low,70
75.29,98.35,7.86,50,16,Yes,Hot Work,Morning,Medium,High,High,Medium,45
29.95,36.8,7.06,65,14,Yes,Confined Space,Evening,Low,Low,Low,Medium,80
89.67,31.37,4.54,51,20,No,Confined Space,Night,Medium,Low,High,Low,60
34.44,96.89,4.64,32,11,Yes,Hot Work,Evening,Low,High,Low,Low,70
89.18,43.64,4.02,69,11,Yes,Confined Space,Morning,Medium,Low,High,Low,60
18.3,47.45,7.15,70,9,No,Normal,Evening,Low,Low,Low,Medium,90
94.78,43.06,6.33,82,24,Yes,Hot Work,Evening,Medium,Low,High,Medium,40
20.6,68.4,9.69,52,9,No,Hot Work,Night,Low,Medium,Low,High,60
20.7,49.15,8.13,53,4,Yes,Normal,Morning,Low,Low,Low,High,70
66.32,82.73,2.8,48,1,Yes,Normal,Morning,Medium,High,Medium,Low,55
77.23,35.64,6.13,61,30,Yes,Hot Work,Night,Medium,Low,High,Medium,45
87.56,71.13,9.99,62,10,No,Confined Space,Morning,High,Medium,High,High,40
56.23,37.18,8.89,21,9,No,Normal,Night,Low,Low,Medium,High,70
93.41,34.21,9.44,68,23,Yes,Hot Work,Evening,Medium,Low,High,High,30
25.48,50.05,4.07,67,1,Yes,Hot Work,Morning,Low,Low,Low,Low,90
57.62,70.73,4.64,40,28,Yes,Confined Space,Night,Low,Medium,Medium,Low,60
55.55,97.93,5.56,60,18,No,Normal,Night,Low,High,Medium,Medium,60
77.66,63.93,7.36,36,13,Yes,Confined Space,Morning,Medium,Medium,High,Medium,55
75.99,99.41,2.66,74,2,Yes,Hot Work,Morning,Medium,High,High,Low,55
85.1,34.85,1.37,56,11,No,Hot Work,Morning,Medium,Low,High,Low,70
15.77,99.61,7.57,34,23,Yes,Normal,Morning,Low,High,Low,Medium,50
64.94,79.84,3.84,85,30,No,Confined Space,Evening,Medium,Medium,Medium,Low,65
69.91,69.23,3.49,77,30,Yes,Confined Space,Evening,Medium,Medium,Medium,Low,55
17.11,99.92,9.49,44,7,Yes,Confined Space,Morning,Low,High,Low,High,50
61.91,87.54,4.29,46,11,Yes,Confined Space,Evening,Medium,High,Medium,Low,55
98.83,65.44,1.2,73,15,No,Confined Space,Morning,Medium,Medium,High,Low,60
52.32,52.91,1.26,84,21,No,Hot Work,Night,Low,Low,Medium,Low,80
42.52,28.85,1.75,50,18,No,Confined Space,Morning,Low,Low,Low,Low,100
61.14,98.98,9.16,76,24,Yes,Hot Work,Morning,Medium,High,Medium,High,25
55.62,70.88,7.41,63,29,Yes,Normal,Night,Low,Medium,Medium,Medium,50
18.62,47.52,6.03,82,9,No,Confined Space,Morning,Low,Low,Low,Medium,90
34.75,83.42,6.08,86,7,Yes,Normal,Night,Low,High,Low,Medium,50
3.32,70.77,9.91,41,22,No,Confined Space,Morning,Low,Medium,Low,High,60
62.99,90.14,9.94,21,20,No,Hot Work,Morning,Medium,High,Medium,High,45
72.9,55.37,7.03,53,9,Yes,Normal,Night,Medium,Low,Medium,Medium,55
24.66,58.79,4.89,48,16,Yes,Confined Space,Night,Low,Low,Low,Low,80
53.78,70.46,9.58,52,23,Yes,Normal,Night,Low,Medium,Medium,High,40
49.16,82.56,8.01,75,10,No,Confined Space,Night,Low,High,Low,High,50
77.43,46.76,7.22,77,19,No,Confined Space,Morning,Medium,Low,High,Medium,75
74.03,85.37,3.36,22,26,Yes,Confined Space,Evening,Medium,High,Medium,Low,45
80.11,25.8,8.01,85,24,Yes,Confined Space,Morning,Medium,Low,High,High,30
80.26,83.07,2.75,53,20,Yes,Normal,Night,High,High,High,Low,30
17.95,29.09,8.03,66,1,Yes,Normal,Night,Low,Low,Low,High,60
90.66,73.45,1.67,23,3,Yes,Normal,Night,High,Medium,High,Low,40
13.39,81.44,2.0,64,25,Yes,Confined Space,Evening,Low,High,Low,Low,60
39.28,27.78,5.83,87,16,No,Hot Work,Evening,Low,Low,Low,Medium,90
85.53,87.78,5.39,20,10,No,Confined Space,Night,High,High,High,Medium,30
49.8,23.64,4.94,41,15,Yes,Confined Space,Evening,Low,Low,Low,Low,90
0.31,70.28,7.0,67,28,No,Normal,Morning,Low,Medium,Low,Medium,70
21.58,35.84,5.88,67,5,No,Normal,Night,Low,Low,Low,Medium,80
73.29,45.36,5.85,21,1,Yes,Normal,Morning,Medium,Low,Medium,Medium,65
7.15,47.6,7.9,59,8,Yes,Confined Space,Evening,Low,Low,Low,Medium,80
59.88,79.89,5.92,27,2,Yes,Normal,Evening,Low,Medium,Medium,Medium,70
23.03,54.42,9.92,35,2,Yes,Confined Space,Evening,Low,Low,Low,High,70
68.36,71.87,6.84,31,20,No,Normal,Evening,Medium,Medium,Medium,Medium,65
35.12,84.85,5.87,78,15,Yes,Hot Work,Night,Low,High,Low,Medium,50
0.23,26.27,9.6,68,30,Yes,Hot Work,Night,Low,Low,Low,High,50
16.7,55.36,5.91,66,17,No,Hot Work,Morning,Low,Low,Low,Medium,90
92.43,39.2,1.95,75,14,Yes,Normal,Evening,Medium,Low,High,Low,60
66.41,45.28,8.37,29,17,No,Normal,Evening,Medium,Low,Medium,High,65
97.3,97.31,9.33,24,12,Yes,Normal,Night,High,High,High,High,10
86.35,27.03,3.76,38,6,No,Normal,Night,Medium,Low,High,Low,60
92.48,85.71,10.0,56,20,Yes,Confined Space,Evening,High,High,High,High,20
54.58,34.78,3.19,82,10,Yes,Normal,Evening,Low,Low,Medium,Low,90
13.93,72.62,9.6,38,16,No,Hot Work,Night,Low,Medium,Low,High,60
23.16,75.96,1.25,54,7,Yes,Hot Work,Night,Low,Medium,Low,Low,70
80.25,37.72,5.08,49,28,Yes,Normal,Night,Medium,Low,High,Medium,30
14.52,51.78,3.01,78,3,Yes,Normal,Evening,Low,Low,Low,Low,90
10.33,70.89,6.1,68,22,Yes,Confined Space,Morning,Low,Medium,Low,Medium,60
9.87,31.36,4.41,73,21,Yes,Normal,Morning,Low,Low,Low,Low,80
23.76,93.36,3.19,33,26,No,Normal,Night,Low,High,Low,Low,60
95.59,49.7,5.02,40,2,Yes,Confined Space,Morning,Medium,Low,High,Medium,50
70.73,43.97,6.96,58,30,Yes,Hot Work,Morning,Medium,Low,Medium,Medium,55
72.87,38.57,9.53,48,19,No,Confined Space,Night,Medium,Low,Medium,High,55
5.7,25.03,5.37,48,19,Yes,Confined Space,Night,Low,Low,Low,Medium,70
3.75,35.89,8.67,38,13,Yes,Normal,Morning,Low,Low,Low,High,70
35.07,36.25,3.12,35,11,No,Confined Space,Evening,Low,Low,Low,Low,100
40.3,62.81,7.26,39,11,Yes,Normal,Night,Low,Medium,Low,Medium,60
95.79,31.1,8.76,66,16,Yes,Hot Work,Night,Medium,Low,High,High,30
87.36,30.33,7.84,75,21,No,Confined Space,Morning,Medium,Low,High,Medium,50
62.17,67.35,5.55,33,19,No,Hot Work,Morning,Medium,Medium,Medium,Medium,65
94.53,45.17,8.55,48,6,Yes,Confined Space,Evening,Medium,Low,High,High,40
44.12,52.55,1.41,24,14,No,Normal,Morning,Low,Low,Low,Low,100
55.64,39.79,4.56,49,24,Yes,Normal,Morning,Low,Low,Medium,Low,80
37.98,76.27,6.32,42,22,No,Confined Space,Morning,Low,Medium,Low,Medium,70
80.16,52.16,8.9,79,23,Yes,Normal,Evening,Medium,Low,High,High,30
82.81,46.33,6.36,84,1,No,Hot Work,Morning,Medium,Low,High,Medium,60
46.96,37.86,6.35,39,21,Yes,Hot Work,Night,Low,Low,Low,Medium,60
67.22,45.25,8.38,34,7,No,Normal,Evening,Medium,Low,Medium,High,65
64.39,53.04,1.3,32,1,No,Normal,Evening,Medium,Low,Medium,Low,85
12.68,22.64,7.74,65,17,Yes,Normal,Evening,Low,Low,Low,Medium,80
89.66,78.22,9.16,33,5,No,Hot Work,Morning,High,Medium,High,High,40
40.1,34.81,9.62,83,26,Yes,Normal,Evening,Low,Low,Low,High,60
59.11,44.23,4.6,41,28,Yes,Normal,Night,Low,Low,Medium,Low,70
14.2,68.93,9.74,76,26,No,Normal,Night,Low,Medium,Low,High,50
96.15,56.6,3.71,35,28,Yes,Normal,Evening,Medium,Low,High,Low,50
66.17,43.4,8.44,29,29,Yes,Normal,Night,Medium,Low,Medium,High,35
57.28,21.16,6.28,24,29,No,Normal,Evening,Low,Low,Medium,Medium,80
44.31,94.5,1.84,68,7,Yes,Normal,Evening,Low,High,Low,Low,70
24.41,34.85,8.39,87,19,No,Confined Space,Evening,Low,Low,Low,High,80
17.07,96.14,4.23,76,27,No,Hot Work,Evening,Low,High,Low,Low,70
0.49,97.45,8.48,76,12,No,Confined Space,Night,Low,High,Low,High,50
10.54,84.94,7.19,56,16,Yes,Normal,Evening,Low,High,Low,Medium,60
53.66,92.7,3.22,53,30,Yes,Normal,Evening,Low,High,Medium,Low,60
71.52,78.72,8.39,46,28,Yes,Hot Work,Evening,Medium,Medium,Medium,High,35
89.43,67.64,3.66,81,21,Yes,Normal,Night,Medium,Medium,High,Low,30
15.37,59.54,8.02,30,20,Yes,Normal,Night,Low,Low,Low,High,60
61.53,82.35,1.73,55,1,No,Hot Work,Night,Medium,High,Medium,Low,55
96.99,25.04,8.06,49,5,No,Confined Space,Morning,Medium,Low,High,High,50
37.61,60.96,8.03,31,27,No,Hot Work,Evening,Low,Medium,Low,High,60
49.13,23.36,3.92,65,25,No,Confined Space,Night,Low,Low,Low,Low,80
39.14,27.88,2.33,68,2,No,Normal,Evening,Low,Low,Low,Low,100
77.26,41.94,9.13,55,12,Yes,Normal,Morning,Medium,Low,High,High,55
21.29,46.11,6.61,74,27,No,Hot Work,Evening,Low,Low,Low,Medium,80
15.52,54.75,5.03,36,1,No,Hot Work,Evening,Low,Low,Low,Medium,90
50.95,86.6,5.1,34,6,Yes,Hot Work,Morning,Low,High,Medium,Medium,60
13.77,60.3,1.92,90,24,No,Hot Work,Night,Low,Medium,Low,Low,70
22.58,26.01,9.53,70,25,No,Hot Work,Night,Low,Low,Low,High,60
3.35,82.95,9.15,77,3,Yes,Hot Work,Evening,Low,High,Low,High,50
61.47,80.33,6.34,84,13,Yes,Normal,Morning,Medium,High,Medium,Medium,45
82.51,57.91,4.63,60,21,Yes,Normal,Night,Medium,Low,High,Low,40
53.5,66.83,1.03,38,16,Yes,Hot Work,Evening,Low,Medium,Medium,Low,80
22.19,95.95,6.2,37,14,Yes,Hot Work,Night,Low,High,Low,Medium,50
83.98,26.34,8.47,24,8,No,Normal,Morning,Medium,Low,High,High,50
23.79,52.89,1.22,55,18,Yes,Normal,Night,Low,Low,Low,Low,80
68.26,76.0,8.1,31,17,No,Confined Space,Night,Medium,Medium,Medium,High,45
66.28,90.6,8.24,39,3,Yes,Hot Work,Morning,Medium,High,Medium,High,35
42.63,60.69,8.56,54,30,Yes,Hot Work,Night,Low,Medium,Low,High,40
61.51,31.89,5.08,75,12,No,Confined Space,Evening,Medium,Low,Medium,Medium,75
88.42,77.07,8.11,65,3,Yes,Confined Space,Evening,High,Medium,High,High,30
74.15,59.24,4.29,41,25,Yes,Confined Space,Morning,Medium,Low,Medium,Low,65
98.53,48.96,7.76,55,28,No,Hot Work,Evening,Medium,Low,High,Medium,50
14.87,33.53,2.96,42,23,No,Normal,Night,Low,Low,Low,Low,80
34.1,65.38,9.5,24,22,No,Confined Space,Evening,Low,Medium,Low,High,60
46.68,76.62,7.04,82,3,No,Normal,Evening,Low,Medium,Low,Medium,80
0.03,41.65,3.47,59,6,No,Confined Space,Morning,Low,Low,Low,Low,100
75.31,48.84,4.85,51,1,Yes,Confined Space,Night,Medium,Low,High,Low,65
62.07,68.0,7.3,88,24,No,Normal,Night,Medium,Medium,Medium,Medium,45
49.5,20.56,1.39,30,15,Yes,Hot Work,Morning,Low,Low,Low,Low,90
6.08,82.46,1.32,68,10,Yes,Normal,Evening,Low,High,Low,Low,70
5.92,49.18,5.65,66,4,Yes,Normal,Night,Low,Low,Low,Medium,70
73.83,92.47,2.86,66,9,No,Normal,Evening,Medium,High,Medium,Low,65
34.37,39.35,3.13,32,20,Yes,Confined Space,Night,Low,Low,Low,Low,80
33.41,26.1,8.65,87,26,No,Hot Work,Night,Low,Low,Low,High,60
50.87,67.24,3.87,59,3,Yes,Normal,Morning,Low,Medium,Medium,Low,80
4.47,46.76,3.79,84,30,No,Normal,Night,Low,Low,Low,Low,80
29.38,92.48,1.2,62,13,Yes,Normal,Evening,Low,High,Low,Low,70
72.12,76.83,5.75,72,11,Yes,Confined Space,Night,Medium,Medium,Medium,Medium,45
46.58,42.7,2.75,67,12,No,Hot Work,Night,Low,Low,Low,Low,90
90.91,40.48,1.32,26,27,No,Normal,Morning,Medium,Low,High,Low,60
63.89,31.1,6.76,54,1,No,Normal,Evening,Medium,Low,Medium,Medium,75
57.01,55.03,1.56,42,25,No,Normal,Evening,Low,Low,Medium,Low,90
5.29,96.61,2.5,44,23,No,Confined Space,Night,Low,High,Low,Low,60
0.78,80.03,6.85,66,9,No,Hot Work,Morning,Low,High,Low,Medium,70
44.05,40.38,6.11,83,9,Yes,Confined Space,Night,Low,Low,Low,Medium,70
23.28,96.89,9.14,26,25,No,Normal,Morning,Low,High,Low,High,50
43.66,53.19,9.24,48,24,Yes,Hot Work,Evening,Low,Low,Low,High,60
39.23,58.49,2.74,71,28,Yes,Confined Space,Evening,Low,Low,Low,Low,80
93.36,81.85,9.47,48,26,No,Normal,Evening,High,High,High,High,20
39.13,65.77,4.56,55,26,No,Hot Work,Morning,Low,Medium,Low,Low,80
72.66,37.88,8.12,67,27,No,Normal,Night,Medium,Low,Medium,High,45
70.26,39.41,6.58,65,5,Yes,Normal,Night,Medium,Low,Medium,Medium,55
45.82,82.07,6.57,85,26,No,Hot Work,Morning,Low,High,Low,Medium,60
6.22,90.4,2.67,52,17,No,Hot Work,Night,Low,High,Low,Low,70
97.62,99.14,6.98,84,22,No,Confined Space,Evening,High,High,High,Medium,30
89.02,37.98,4.36,23,29,Yes,Hot Work,Night,Medium,Low,High,Low,40
72.29,53.73,3.66,26,17,Yes,Normal,Evening,Medium,Low,Medium,Low,75
44.35,62.57,1.35,41,9,No,Hot Work,Night,Low,Medium,Low,Low,80
97.84,70.37,5.42,32,27,Yes,Hot Work,Evening,High,Medium,High,Medium,30
26.44,31.94,6.45,41,27,Yes,Normal,Night,Low,Low,Low,Medium,60
91.85,71.38,6.45,47,23,Yes,Confined Space,Evening,High,Medium,High,Medium,30
62.05,51.97,8.44,39,8,No,Normal,Evening,Medium,Low,Medium,High,65
58.78,87.37,5.68,80,21,No,Confined Space,Morning,Low,High,Medium,Medium,60
74.01,62.3,7.84,74,22,No,Confined Space,Morning,Medium,Medium,Medium,Medium,55
15.69,21.06,5.72,61,24,Yes,Normal,Morning,Low,Low,Low,Medium,70
22.11,40.99,3.6,55,26,Yes,Hot Work,Night,Low,Low,Low,Low,70
1.49,89.2,7.84,75,25,No,Normal,Night,Low,High,Low,Medium,50
35.59,89.34,8.73,60,22,Yes,Hot Work,Morning,Low,High,Low,High,40
22.7,97.5,2.01,40,2,No,Hot Work,Morning,Low,High,Low,Low,80
2.15,64.35,7.49,45,24,No,Hot Work,Evening,Low,Medium,Low,Medium,70
47.41,21.19,8.24,85,28,Yes,Confined Space,Night,Low,Low,Low,High,50
46.76,83.49,1.38,48,22,Yes,Confined Space,Morning,Low,High,Low,Low,60
84.89,86.0,2.26,42,13,No,Confined Space,Evening,High,High,High,Low,50
69.42,85.05,3.08,82,15,No,Hot Work,Morning,Medium,High,Medium,Low,65
61.26,46.05,7.68,22,10,Yes,Confined Space,Night,Medium,Low,Medium,Medium,55
90.03,74.0,9.77,55,18,Yes,Normal,Evening,High,Medium,High,High,30
23.46,85.64,3.95,39,25,No,Confined Space,Morning,Low,High,Low,Low,70
64.99,22.78,6.63,36,21,Yes,Normal,Evening,Medium,Low,Medium,Medium,55
94.26,25.77,7.25,68,16,No,Hot Work,Evening,Medium,Low,High,Medium,60
98.69,52.91,5.85,76,20,No,Hot Work,Night,Medium,Low,High,Medium,50
0.68,80.2,6.66,46,11,Yes,Normal,Morning,Low,High,Low,Medium,60
1.09,78.78,7.22,47,28,No,Hot Work,Morning,Low,Medium,Low,Medium,70
79.65,62.15,1.04,35,29,Yes,Confined Space,Night,Medium,Medium,High,Low,45
75.53,99.19,9.89,63,18,Yes,Normal,Night,Medium,High,High,High,25
19.7,96.92,4.56,45,1,Yes,Hot Work,Night,Low,High,Low,Low,60
16.94,85.62,7.95,60,8,Yes,Confined Space,Morning,Low,High,Low,Medium,60
99.7,61.45,1.73,80,19,Yes,Confined Space,Morning,Medium,Medium,High,Low,50
46.65,82.86,6.33,34,7,No,Normal,Morning,Low,High,Low,Medium,70
59.25,89.03,7.88,46,5,Yes,Confined Space,Morning,Low,High,Medium,Medium,60
49.33,77.2,8.76,23,27,Yes,Confined Space,Morning,Low,Medium,Low,High,50
88.84,43.97,6.04,23,16,No,Normal,Evening,Medium,Low,High,Medium,60
3.79,96.36,6.77,45,19,No,Hot Work,Evening,Low,High,Low,Medium,70
84.22,50.67,1.88,25,8,Yes,Normal,Evening,Medium,Low,High,Low,60
85.56,66.37,4.4,25,7,Yes,Hot Work,Evening,Medium,Medium,High,Low,50
69.79,96.96,2.82,47,27,Yes,Normal,Morning,Medium,High,Medium,Low,45
1.34,49.0,5.16,68,1,No,Normal,Evening,Low,Low,Low,Medium,90
85.62,51.37,4.86,70,26,No,Confined Space,Morning,Medium,Low,High,Low,60
21.38,95.99,9.16,38,3,No,Confined Space,Morning,Low,High,Low,High,60
57.13,88.86,8.55,62,28,No,Confined Space,Morning,Low,High,Medium,High,50
42.96,52.26,4.14,90,21,No,Hot Work,Evening,Low,Low,Low,Low,90
26.16,47.65,6.13,51,21,No,Normal,Morning,Low,Low,Low,Medium,80
50.46,34.5,3.47,53,2,No,Hot Work,Evening,Low,Low,Medium,Low,100
91.09,99.85,7.13,33,3,Yes,Hot Work,Morning,High,High,High,Medium,30
13.95,68.85,9.6,47,2,Yes,Confined Space,Morning,Low,Medium,Low,High,60
91.1,64.57,5.56,47,20,Yes,Confined Space,Night,Medium,Medium,High,Medium,30
17.19,81.75,4.06,51,19,Yes,Hot Work,Night,Low,High,Low,Low,60
35.17,78.89,7.8,67,5,No,Hot Work,Morning,Low,Medium,Low,Medium,80
50.15,58.43,3.44,52,10,Yes,Normal,Morning,Low,Low,Medium,Low,90
93.04,27.2,3.47,72,20,No,Normal,Morning,Medium,Low,High,Low,70
12.91,55.31,8.24,61,8,Yes,Hot Work,Morning,Low,Low,Low,High,70
27.42,94.03,7.73,70,14,Yes,Normal,Evening,Low,High,Low,Medium,60
58.79,85.55,8.2,79,11,No,Normal,Evening,Low,High,Medium,High,60
72.38,87.28,8.79,26,18,No,Confined Space,Morning,Medium,High,Medium,High,45
50.97,78.92,8.1,73,26,Yes,Normal,Morning,Low,Medium,Medium,High,50
72.91,74.29,1.46,77,26,Yes,Confined Space,Night,Medium,Medium,Medium,Low,45
8.24,21.67,4.52,77,18,Yes,Hot Work,Evening,Low,Low,Low,Low,90
93.15,99.74,6.05,56,23,No,Confined Space,Night,High,High,High,Medium,20
39.74,63.3,2.44,76,1,No,Confined Space,Night,Low,Medium,Low,Low,80
94.67,69.57,6.93,77,25,Yes,Confined Space,Evening,Medium,Medium,High,Medium,30
89.25,62.87,3.02,50,17,No,Confined Space,Evening,Medium,Medium,High,Low,60
37.01,63.96,9.47,70,1,Yes,Confined Space,Evening,Low,Medium,Low,High,60
54.84,81.91,3.37,77,9,No,Hot Work,Evening,Low,High,Medium,Low,80
77.1,82.82,4.41,38,16,Yes,Normal,Evening,Medium,High,High,Low,55
88.32,96.38,4.78,36,24,No,Confined Space,Night,High,High,High,Low,30
36.1,63.53,5.35,41,21,Yes,Confined Space,Morning,Low,Medium,Low,Medium,60
2.18,56.18,8.21,51,5,No,Confined Space,Morning,Low,Low,Low,High,80
6.18,56.65,6.91,34,24,Yes,Hot Work,Evening,Low,Low,Low,Medium,70
10.84,62.94,3.44,68,20,Yes,Confined Space,Night,Low,Medium,Low,Low,70
85.73,51.41,7.64,38,1,Yes,Confined Space,Night,Medium,Low,High,Medium,40
35.08,98.41,1.15,22,23,Yes,Hot Work,Morning,Low,High,Low,Low,60
67.77,30.65,8.06,55,20,No,Hot Work,Night,Medium,Low,Medium,High,55
97.56,96.57,7.84,42,13,No,Confined Space,Evening,High,High,High,Medium,40
52.62,47.85,7.93,41,2,No,Hot Work,Morning,Low,Low,Medium,Medium,90
96.14,33.21,9.86,57,3,Yes,Confined Space,Night,Medium,Low,High,High,30
73.51,97.87,6.47,61,4,Yes,Normal,Morning,Medium,High,Medium,Medium,45
80.95,46.67,1.43,43,27,No,Normal,Night,Medium,Low,High,Low,50
41.89,81.86,3.84,29,18,Yes,Normal,Evening,Low,High,Low,Low,70
60.2,74.62,7.83,83,20,Yes,Confined Space,Night,Medium,Medium,Medium,Medium,45
29.6,37.06,1.8,37,27,No,Normal,Night,Low,Low,Low,Low,80
55.98,90.59,8.39,58,24,No,Confined Space,Morning,Low,High,Medium,High,50
25.54,36.11,1.25,63,1,No,Hot Work,Night,Low,Low,Low,Low,90
47.2,39.4,3.45,71,15,Yes,Confined Space,Evening,Low,Low,Low,Low,90
4.2,24.83,7.71,43,25,Yes,Normal,Morning,Low,Low,Low,Medium,70
78.94,77.96,3.06,71,3,Yes,Hot Work,Evening,Medium,Medium,High,Low,65
58.74,48.64,3.32,58,10,No,Hot Work,Night,Low,Low,Medium,Low,90
21.36,91.9,8.7,32,12,Yes,Normal,Morning,Low,High,Low,High,50
95.81,76.2,8.84,62,21,Yes,Normal,Evening,High,Medium,High,High,20
15.55,23.25,6.19,44,29,No,Hot Work,Morning,Low,Low,Low,Medium,80
26.93,88.11,7.24,73,13,Yes,Hot Work,Evening,Low,High,Low,Medium,60
55.98,25.51,1.54,50,21,Yes,Normal,Evening,Low,Low,Medium,Low,80
63.69,24.93,2.4,33,19,Yes,Normal,Morning,Medium,Low,Medium,Low,75
75.03,35.89,3.51,55,24,Yes,Normal,Night,Medium,Low,High,Low,55
64.46,24.03,1.15,76,16,No,Hot Work,Night,Medium,Low,Medium,Low,75
72.41,98.6,3.02,37,14,Yes,Confined Space,Evening,Medium,High,Medium,Low,55
73.56,27.21,7.2,49,17,Yes,Hot Work,Evening,Medium,Low,Medium,Medium,65
81.48,99.2,8.34,56,10,Yes,Normal,Morning,High,High,High,High,20
31.23,67.93,4.33,40,22,No,Normal,Morning,Low,Medium,Low,Low,80
69.99,47.2,5.32,28,19,No,Confined Space,Morning,Medium,Low,Medium,Medium,75
26.27,87.28,5.57,44,28,Yes,Normal,Night,Low,High,Low,Medium,40
43.41,69.38,3.26,40,18,Yes,Normal,Morning,Low,Medium,Low,Low,80
92.24,77.77,1.48,86,12,No,Hot Work,Night,High,Medium,High,Low,50
7.33,89.39,5.03,22,24,No,Confined Space,Night,Low,High,Low,Medium,50
25.84,46.86,9.74,89,21,No,Confined Space,Evening,Low,Low,Low,High,70
13.44,29.41,9.33,57,25,No,Confined Space,Morning,Low,Low,Low,High,70
31.33,43.75,1.03,57,13,No,Confined Space,Night,Low,Low,Low,Low,90
48.94,44.15,4.32,80,3,Yes,Confined Space,Morning,Low,Low,Low,Low,90
88.36,57.66,7.79,69,26,No,Normal,Evening,Medium,Low,High,Medium,50
0.05,60.65,8.37,45,18,No,Hot Work,Night,Low,Medium,Low,High,60
58.81,77.3,2.2,34,24,No,Confined Space,Night,Low,Medium,Medium,Low,70
65.0,41.93,9.82,25,19,No,Normal,Evening,Medium,Low,Medium,High,65
63.95,75.01,5.97,27,22,No,Confined Space,Morning,Medium,Medium,Medium,Medium,55
40.54,44.72,5.85,31,1,No,Normal,Night,Low,Low,Low,Medium,80
49.34,63.2,5.66,40,9,No,Confined Space,Morning,Low,Medium,Low,Medium,80
78.02,88.8,5.75,68,12,No,Hot Work,Night,Medium,High,High,Medium,45
53.79,21.98,5.49,65,20,Yes,Hot Work,Night,Low,Low,Medium,Medium,70
82.32,27.82,6.93,49,3,No,Normal,Evening,Medium,Low,High,Medium,60
32.88,40.0,6.79,66,14,No,Normal,Evening,Low,Low,Low,Medium,90
2.63,66.85,5.27,69,5,No,Hot Work,Night,Low,Medium,Low,Medium,70
96.78,75.1,4.17,81,8,No,Hot Work,Evening,High,Medium,High,Low,60
17.08,66.44,9.89,52,1,No,Confined Space,Night,Low,Medium,Low,High,60
78.76,59.82,6.76,64,6,Yes,Confined Space,Morning,Medium,Low,High,Medium,65
66.34,62.69,2.13,40,7,Yes,Confined Space,Evening,Medium,Medium,Medium,Low,65
70.68,61.37,8.38,36,29,No,Normal,Morning,Medium,Medium,Medium,High,45
5.96,77.56,8.51,79,25,No,Confined Space,Morning,Low,Medium,Low,High,60
5.84,47.08,8.47,54,24,Yes,Hot Work,Morning,Low,Low,Low,High,60
6.14,54.23,2.42,87,23,No,Hot Work,Evening,Low,Low,Low,Low,90
25.72,57.87,8.01,56,28,No,Normal,Night,Low,Low,Low,High,60
70.95,32.59,5.29,81,23,Yes,Confined Space,Evening,Medium,Low,Medium,Medium,55
60.52,74.56,7.03,35,29,Yes,Hot Work,Evening,Medium,Medium,Medium,Medium,45
32.66,87.12,8.59,42,14,Yes,Normal,Evening,Low,High,Low,High,50
41.54,58.99,8.59,80,26,No,Hot Work,Morning,Low,Low,Low,High,70
44.56,27.24,2.15,20,16,No,Hot Work,Morning,Low,Low,Low,Low,100
54.13,79.35,7.04,83,12,No,Hot Work,Night,Low,Medium,Medium,Medium,70
1.37,36.04,4.37,40,2,No,Confined Space,Morning,Low,Low,Low,Low,100
46.68,56.83,6.41,42,20,Yes,Normal,Night,Low,Low,Low,Medium,70
44.75,43.24,6.74,44,19,No,Normal,Night,Low,Low,Low,Medium,80
82.1,44.29,6.89,63,16,Yes,Hot Work,Night,Medium,Low,High,Medium,40
61.93,32.12,2.61,60,26,Yes,Normal,Evening,Medium,Low,Medium,Low,65
46.94,20.66,1.13,20,9,No,Hot Work,Morning,Low,Low,Low,Low,100
56.85,34.81,2.35,38,16,No,Normal,Evening,Low,Low,Medium,Low,100
67.51,87.77,1.74,69,11,Yes,Normal,Evening,Medium,High,Medium,Low,55
7.6,77.09,2.7,75,21,Yes,Hot Work,Morning,Low,Medium,Low,Low,70
34.97,25.67,5.85,43,2,Yes,Normal,Night,Low,Low,Low,Medium,70
36.99,94.97,3.31,49,10,Yes,Hot Work,Night,Low,High,Low,Low,60
2.18,47.8,6.3,52,18,No,Normal,Morning,Low,Low,Low,Medium,90
3.07,57.43,3.44,29,15,No,Confined Space,Morning,Low,Low,Low,Low,100
33.99,30.89,6.63,60,3,No,Hot Work,Night,Low,Low,Low,Medium,80
34.66,81.26,4.0,87,15,Yes,Normal,Night,Low,High,Low,Low,60
3.08,34.92,7.97,27,23,Yes,Normal,Night,Low,Low,Low,Medium,60
56.17,74.2,9.63,73,21,No,Confined Space,Night,Low,Medium,Medium,High,50
41.08,73.37,5.03,48,28,No,Normal,Evening,Low,Medium,Low,Medium,70
86.53,65.54,3.57,35,9,No,Normal,Morning,Medium,Medium,High,Low,60
65.91,25.16,5.09,63,10,Yes,Normal,Night,Medium,Low,Medium,Medium,55
71.0,33.85,6.32,78,25,Yes,Confined Space,Night,Medium,Low,Medium,Medium,45
31.88,54.73,9.01,50,22,No,Normal,Evening,Low,Low,Low,High,70
29.27,23.78,7.11,69,30,Yes,Confined Space,Evening,Low,Low,Low,Medium,70
57.86,21.83,8.6,78,14,No,Normal,Morning,Low,Low,Medium,High,80
43.47,85.09,8.12,53,19,Yes,Normal,Night,Low,High,Low,High,40
32.78,69.29,6.91,74,23,No,Hot Work,Evening,Low,Medium,Low,Medium,70
11.69,62.76,2.6,83,9,Yes,Confined Space,Evening,Low,Medium,Low,Low,80
76.8,42.29,6.76,37,11,Yes,Normal,Evening,Medium,Low,High,Medium,65
2.04,69.35,1.82,31,12,Yes,Hot Work,Night,Low,Medium,Low,Low,70
87.41,73.23,3.55,40,27,No,Normal,Night,High,Medium,High,Low,40
58.41,96.59,8.38,89,29,No,Hot Work,Evening,Low,High,Medium,High,50
53.74,45.69,2.43,50,9,No,Normal,Evening,Low,Low,Medium,Low,100
76.5,20.71,6.91,77,16,Yes,Normal,Evening,Medium,Low,High,Medium,65
82.44,88.48,5.89,61,12,Yes,Normal,Evening,High,High,High,Medium,30
44.65,64.61,7.46,54,29,Yes,Confined Space,Morning,Low,Medium,Low,Medium,60
79.37,21.7,6.63,47,16,No,Hot Work,Morning,Medium,Low,High,Medium,75
12.73,83.85,4.82,20,1,Yes,Confined Space,Morning,Low,High,Low,Low,70
82.39,74.73,6.5,60,28,No,Confined Space,Morning,High,Medium,High,Medium,40
87.48,73.78,6.12,67,4,No,Normal,Evening,High,Medium,High,Medium,50
43.92,79.14,5.05,89,7,Yes,Normal,Morning,Low,Medium,Low,Medium,70
52.16,32.91,1.97,81,13,Yes,Confined Space,Night,Low,Low,Medium,Low,80
43.07,67.35,8.19,57,9,Yes,Normal,Morning,Low,Medium,Low,High,60
46.14,93.2,3.29,21,5,Yes,Hot Work,Evening,Low,High,Low,Low,70
24.2,76.44,9.18,23,6,Yes,Normal,Evening,Low,Medium,Low,High,60
31.59,65.61,5.95,61,21,Yes,Hot Work,Morning,Low,Medium,Low,Medium,60
75.19,51.97,2.6,74,21,No,Hot Work,Morning,Medium,Low,High,Low,75
58.72,42.44,8.37,40,15,Yes,Hot Work,Morning,Low,Low,Medium,High,70
60.42,90.94,5.79,32,21,Yes,Normal,Evening,Medium,High,Medium,Medium,35
3.79,82.11,2.23,68,14,Yes,Confined Space,Morning,Low,High,Low,Low,70
15.01,99.48,8.48,30,26,No,Hot Work,Night,Low,High,Low,High,40
35.28,80.99,8.52,87,24,Yes,Hot Work,Morning,Low,High,Low,High,40
90.48,50.51,8.27,80,28,Yes,Confined Space,Night,Medium,Low,High,High,20
63.88,76.26,8.53,50,28,No,Confined Space,Morning,Medium,Medium,Medium,High,45
93.06,55.42,2.73,54,10,Yes,Hot Work,Night,Medium,Low,High,Low,50
77.52,57.64,8.12,42,10,Yes,Normal,Evening,Medium,Low,High,High,55
81.03,88.44,7.78,86,7,Yes,Confined Space,Morning,High,High,High,Medium,30
89.75,26.68,6.55,59,9,Yes,Hot Work,Morning,Medium,Low,High,Medium,50
89.43,97.34,2.32,42,4,Yes,Hot Work,Evening,High,High,High,Low,40
86.96,93.58,9.89,66,4,No,Confined Space,Morning,High,High,High,High,30
99.29,60.93,9.84,61,12,No,Normal,Night,Medium,Medium,High,High,30
34.86,34.77,5.9,34,28,No,Confined Space,Evening,Low,Low,Low,Medium,80
67.99,98.68,3.69,76,13,Yes,Normal,Evening,Medium,High,Medium,Low,55
13.34,91.42,3.39,76,30,No,Normal,Evening,Low,High,Low,Low,70
12.4,40.48,2.81,39,14,No,Confined Space,Evening,Low,Low,Low,Low,100
27.51,67.55,1.58,55,14,No,Hot Work,Evening,Low,Medium,Low,Low,90
4.8,33.63,5.66,73,5,No,Hot Work,Morning,Low,Low,Low,Medium,90
27.27,31.0,6.69,67,4,No,Normal,Night,Low,Low,Low,Medium,80
68.59,99.04,8.88,52,2,No,Normal,Night,Medium,High,Medium,High,35
22.97,56.69,4.08,54,18,Yes,Normal,Morning,Low,Low,Low,Low,90
72.46,84.18,9.8,63,27,Yes,Hot Work,Night,Medium,High,Medium,High,15
37.58,46.39,5.87,21,8,No,Hot Work,Night,Low,Low,Low,Medium,80
28.22,56.58,4.59,35,21,No,Hot Work,Evening,Low,Low,Low,Low,90
89.54,68.97,1.14,30,12,No,Confined Space,Evening,Medium,Medium,High,Low,60
81.69,31.78,9.05,59,4,No,Normal,Morning,Medium,Low,High,High,50
22.43,90.9,1.97,41,6,No,Hot Work,Morning,Low,High,Low,Low,80
15.23,78.7,1.44,41,11,Yes,Confined Space,Evening,Low,Medium,Low,Low,80
17.42,67.54,1.21,43,1,No,Hot Work,Morning,Low,Medium,Low,Low,90
76.06,93.37,6.03,73,11,No,Confined Space,Night,Medium,High,High,Medium,45
18.11,70.72,4.33,37,18,No,Hot Work,Night,Low,Medium,Low,Low,80
37.65,20.12,3.99,82,18,Yes,Hot Work,Morning,Low,Low,Low,Low,90
41.82,45.77,9.12,75,5,Yes,Hot Work,Night,Low,Low,Low,High,60
95.14,76.28,7.86,85,26,Yes,Confined Space,Night,High,Medium,High,Medium,20
85.68,36.89,5.43,80,14,No,Normal,Evening,Medium,Low,High,Medium,60
13.06,48.31,1.17,39,1,No,Hot Work,Night,Low,Low,Low,Low,90
43.85,99.6,4.1,65,21,No,Confined Space,Evening,Low,High,Low,Low,70
97.8,22.75,9.59,38,20,No,Hot Work,Evening,Medium,Low,High,High,50
51.36,57.7,5.46,34,4,No,Hot Work,Night,Low,Low,Medium,Medium,80
60.2,83.12,4.81,34,10,No,Confined Space,Morning,Medium,High,Medium,Low,65
13.82,20.41,3.48,25,14,No,Hot Work,Evening,Low,Low,Low,Low,100
25.32,78.47,7.78,31,27,No,Confined Space,Night,Low,Medium,Low,Medium,60
36.95,52.84,2.93,28,27,No,Hot Work,Night,Low,Low,Low,Low,80
35.98,22.78,2.84,73,10,No,Hot Work,Night,Low,Low,Low,Low,90
91.65,77.38,4.26,55,16,No,Confined Space,Morning,High,Medium,High,Low,60
1.02,30.9,2.19,24,2,No,Hot Work,Night,Low,Low,Low,Low,90
69.24,20.05,1.33,52,16,Yes,Confined Space,Morning,Medium,Low,Medium,Low,75
93.82,58.33,9.56,23,29,No,Confined Space,Morning,Medium,Low,High,High,40
90.62,66.63,1.36,73,24,Yes,Confined Space,Night,Medium,Medium,High,Low,30
47.1,74.82,2.43,60,22,No,Normal,Night,Low,Medium,Low,Low,70
35.62,87.83,3.93,87,6,No,Normal,Morning,Low,High,Low,Low,80
36.27,23.77,9.64,30,11,No,Confined Space,Evening,Low,Low,Low,High,80
68.21,85.73,8.33,59,7,No,Hot Work,Night,Medium,High,Medium,High,35
77.0,48.52,7.45,41,4,Yes,Hot Work,Evening,Medium,Low,High,Medium,65
23.32,53.13,9.42,27,18,No,Hot Work,Night,Low,Low,Low,High,70
30.47,68.58,4.8,52,11,No,Confined Space,Morning,Low,Medium,Low,Low,90
90.77,25.37,4.36,28,8,Yes,Normal,Morning,Medium,Low,High,Low,60
37.14,65.64,7.4,75,29,Yes,Normal,Evening,Low,Medium,Low,Medium,60
95.39,24.58,5.47,36,16,Yes,Normal,Night,Medium,Low,High,Medium,40
33.59,61.46,8.46,28,20,No,Confined Space,Evening,Low,Medium,Low,High,70
15.71,32.63,5.41,36,1,Yes,Confined Space,Night,Low,Low,Low,Medium,70
50.14,36.2,3.22,72,2,No,Confined Space,Morning,Low,Low,Medium,Low,100
15.65,80.15,1.57,86,26,Yes,Hot Work,Night,Low,High,Low,Low,50
5.48,25.21,6.97,90,17,No,Normal,Morning,Low,Low,Low,Medium,90
45.54,20.72,6.3,43,8,No,Normal,Evening,Low,Low,Low,Medium,90
66.12,84.72,4.91,82,2,Yes,Confined Space,Evening,Medium,High,Medium,Low,55
14.72,95.18,8.92,68,18,No,Confined Space,Morning,Low,High,Low,High,60
30.17,28.62,7.23,61,12,Yes,Normal,Evening,Low,Low,Low,Medium,80
86.73,74.92,6.83,28,13,No,Hot Work,Evening,High,Medium,High,Medium,50
92.72,26.64,9.12,44,21,No,Normal,Night,Medium,Low,High,High,30
87.38,81.95,4.53,59,30,Yes,Confined Space,Night,High,High,High,Low,20
73.76,66.56,7.89,27,21,No,Normal,Morning,Medium,Medium,Medium,Medium,55
1.08,47.06,2.74,77,30,No,Confined Space,Morning,Low,Low,Low,Low,90
47.98,65.13,7.19,42,17,No,Hot Work,Morning,Low,Medium,Low,Medium,80
77.07,94.26,3.25,64,15,No,Normal,Morning,Medium,High,High,Low,65
85.48,60.69,9.13,67,11,Yes,Confined Space,Evening,Medium,Medium,High,High,30
23.79,27.48,5.84,88,23,No,Confined Space,Night,Low,Low,Low,Medium,70
57.3,83.19,3.73,35,3,Yes,Confined Space,Evening,Low,High,Medium,Low,70
17.44,73.82,6.9,33,21,No,Hot Work,Evening,Low,Medium,Low,Medium,70
61.91,97.99,4.06,26,27,Yes,Hot Work,Evening,Medium,High,Medium,Low,45
49.26,51.88,1.26,30,7,No,Confined Space,Night,Low,Low,Low,Low,90
76.3,52.5,2.14,90,6,No,Confined Space,Morning,Medium,Low,High,Low,85
82.84,70.51,5.6,53,5,No,Normal,Night,High,Medium,High,Medium,40
90.44,52.87,6.92,49,16,No,Confined Space,Morning,Medium,Low,High,Medium,60
96.54,82.36,3.34,86,5,Yes,Normal,Morning,High,High,High,Low,40
99.82,76.46,9.24,49,15,Yes,Confined Space,Evening,High,Medium,High,High,30
53.25,28.53,8.41,88,29,Yes,Confined Space,Morning,Low,Low,Medium,High,60
48.36,71.27,1.05,70,29,No,Normal,Evening,Low,Medium,Low,Low,80
73.46,97.32,4.36,54,11,No,Hot Work,Evening,Medium,High,Medium,Low,65
13.53,45.29,1.22,28,10,Yes,Hot Work,Evening,Low,Low,Low,Low,90
51.94,32.95,5.67,43,29,No,Hot Work,Morning,Low,Low,Medium,Medium,80
84.13,42.16,1.07,49,17,Yes,Normal,Evening,Medium,Low,High,Low,60
47.66,43.09,5.61,23,28,No,Confined Space,Evening,Low,Low,Low,Medium,80
27.91,92.34,9.76,47,8,Yes,Normal,Evening,Low,High,Low,High,50
42.67,37.18,1.77,22,23,No,Confined Space,Night,Low,Low,Low,Low,80
62.15,42.08,2.34,89,28,No,Normal,Night,Medium,Low,Medium,Low,65
5.06,73.76,5.05,61,24,No,Confined Space,Night,Low,Medium,Low,Medium,60
54.43,65.73,6.55,28,16,No,Hot Work,Evening,Low,Medium,Medium,Medium,80
86.14,66.92,3.81,84,15,No,Confined Space,Night,Medium,Medium,High,Low,50
35.96,92.83,5.77,85,29,Yes,Hot Work,Morning,Low,High,Low,Medium,50
61.34,31.98,1.3,47,7,No,Hot Work,Evening,Medium,Low,Medium,Low,85
41.28,67.55,3.7,74,24,No,Hot Work,Morning,Low,Medium,Low,Low,80
20.98,74.07,5.76,53,5,Yes,Confined Space,Morning,Low,Medium,Low,Medium,70
85.95,49.69,9.42,43,4,No,Hot Work,Morning,Medium,Low,High,High,50
50.38,25.93,8.45,44,20,Yes,Normal,Night,Low,Low,Medium,High,60
64.56,37.05,1.51,39,24,Yes,Normal,Night,Medium,Low,Medium,Low,55
52.5,70.49,3.79,20,10,Yes,Hot Work,Night,Low,Medium,Medium,Low,70
59.31,40.2,6.15,72,3,Yes,Hot Work,Night,Low,Low,Medium,Medium,70
55.44,91.99,6.37,54,29,Yes,Normal,Morning,Low,High,Medium,Medium,50
72.97,92.64,2.43,44,19,No,Normal,Night,Medium,High,Medium,Low,55
81.47,66.01,2.31,36,3,No,Hot Work,Night,Medium,Medium,High,Low,50
18.15,96.21,5.59,82,23,No,Hot Work,Night,Low,High,Low,Medium,50
19.23,24.19,4.88,67,11,Yes,Normal,Night,Low,Low,Low,Low,80
3.12,88.53,4.41,22,14,Yes,Confined Space,Morning,Low,High,Low,Low,70
53.54,89.95,5.44,65,11,Yes,Normal,Morning,Low,High,Medium,Medium,60
1.91,64.7,1.3,84,21,No,Normal,Morning,Low,Medium,Low,Low,80
3.63,38.15,9.22,20,21,Yes,Confined Space,Evening,Low,Low,Low,High,60
18.23,71.12,8.13,34,13,Yes,Hot Work,Evening,Low,Medium,Low,High,60
91.61,29.17,7.64,23,20,Yes,Normal,Evening,Medium,Low,High,Medium,50
40.62,52.62,3.11,68,27,No,Normal,Evening,Low,Low,Low,Low,90
57.34,81.12,5.67,37,20,No,Normal,Morning,Low,High,Medium,Medium,70
94.47,44.27,1.01,46,30,Yes,Normal,Morning,Medium,Low,High,Low,50
73.39,36.58,8.39,58,9,Yes,Normal,Night,Medium,Low,Medium,High,45
45.36,68.58,8.6,87,5,Yes,Normal,Night,Low,Medium,Low,High,50
38.45,63.02,8.06,88,17,No,Normal,Evening,Low,Medium,Low,High,70
2.77,31.27,4.84,35,8,No,Normal,Morning,Low,Low,Low,Low,100
22.83,81.28,6.38,53,26,No,Hot Work,Morning,Low,High,Low,Medium,60
39.74,32.97,7.4,80,12,Yes,Hot Work,Morning,Low,Low,Low,Medium,80
64.15,36.08,2.33,75,15,No,Hot Work,Evening,Medium,Low,Medium,Low,85
97.49,30.8,9.42,67,23,No,Confined Space,Evening,Medium,Low,High,High,40
73.65,99.85,5.2,29,12,No,Normal,Night,Medium,High,Medium,Medium,45
67.37,74.93,2.92,83,5,No,Hot Work,Evening,Medium,Medium,Medium,Low,75
59.7,22.36,6.11,86,18,No,Normal,Evening,Low,Low,Medium,Medium,90
1.33,71.07,5.69,42,22,Yes,Hot Work,Morning,Low,Medium,Low,Medium,60
84.81,34.46,2.65,29,3,Yes,Confined Space,Evening,Medium,Low,High,Low,60
20.02,39.69,6.12,38,4,Yes,Normal,Morning,Low,Low,Low,Medium,80
29.27,84.69,4.42,67,24,No,Normal,Evening,Low,High,Low,Low,70
16.17,43.45,8.45,79,15,No,Hot Work,Morning,Low,Low,Low,High,80
13.0,73.36,5.55,74,24,No,Hot Work,Evening,Low,Medium,Low,Medium,70
20.78,48.1,2.04,23,10,No,Hot Work,Morning,Low,Low,Low,Low,100
36.96,22.18,7.02,39,16,No,Normal,Night,Low,Low,Low,Medium,80
9.17,76.79,9.29,73,10,No,Confined Space,Evening,Low,Medium,Low,High,70
6.91,67.19,5.85,83,22,No,Confined Space,Evening,Low,Medium,Low,Medium,70
86.28,91.41,4.86,32,2,Yes,Confined Space,Morning,High,High,High,Low,40
79.23,98.54,4.49,41,4,No,Hot Work,Morning,Medium,High,High,Low,65
88.57,58.76,6.43,83,22,Yes,Hot Work,Morning,Medium,Low,High,Medium,40
64.36,31.74,6.78,90,2,No,Confined Space,Evening,Medium,Low,Medium,Medium,75
24.23,24.34,7.56,57,25,Yes,Normal,Morning,Low,Low,Low,Medium,70
52.68,31.68,2.4,55,15,No,Hot Work,Morning,Low,Low,Medium,Low,100
29.84,47.74,3.19,37,7,No,Confined Space,Night,Low,Low,Low,Low,90
35.29,30.0,8.06,72,8,No,Normal,Evening,Low,Low,Low,High,80
44.61,54.77,5.98,33,24,Yes,Hot Work,Night,Low,Low,Low,Medium,60
16.42,49.06,5.33,29,1,No,Normal,Morning,Low,Low,Low,Medium,90
44.91,48.71,2.39,34,7,Yes,Hot Work,Night,Low,Low,Low,Low,80
17.28,46.28,5.47,54,27,Yes,Normal,Night,Low,Low,Low,Medium,60
17.35,63.35,3.02,29,29,No,Hot Work,Evening,Low,Medium,Low,Low,80
7.07,27.44,4.93,49,26,Yes,Hot Work,Morning,Low,Low,Low,Low,80
72.19,22.14,6.46,25,29,Yes,Normal,Morning,Medium,Low,Medium,Medium,55
62.64,23.29,6.65,21,14,Yes,Hot Work,Morning,Medium,Low,Medium,Medium,65
55.93,28.69,1.27,84,18,No,Confined Space,Evening,Low,Low,Medium,Low,100
85.41,35.86,5.51,56,3,Yes,Normal,Night,Medium,Low,High,Medium,40
11.38,62.82,5.23,79,2,No,Normal,Night,Low,Medium,Low,Medium,70
83.84,33.57,4.04,73,22,No,Normal,Night,Medium,Low,High,Low,50
0.94,89.07,5.48,30,11,No,Hot Work,Night,Low,High,Low,Medium,60
37.69,83.34,2.09,53,16,No,Hot Work,Night,Low,High,Low,Low,70
91.76,36.4,2.55,52,5,No,Confined Space,Morning,Medium,Low,High,Low,70
44.89,85.5,6.19,76,16,Yes,Confined Space,Evening,Low,High,Low,Medium,60
29.64,54.59,2.31,74,26,Yes,Hot Work,Morning,Low,Low,Low,Low,80
29.15,84.42,5.29,65,12,No,Normal,Morning,Low,High,Low,Medium,70
66.6,29.82,9.62,51,30,No,Confined Space,Night,Medium,Low,Medium,High,45
35.29,47.2,2.69,82,16,Yes,Confined Space,Night,Low,Low,Low,Low,80
25.38,60.9,4.58,74,7,Yes,Confined Space,Evening,Low,Medium,Low,Low,80
45.84,60.12,2.45,64,7,No,Confined Space,Evening,Low,Medium,Low,Low,90
17.18,68.57,4.56,39,4,No,Confined Space,Night,Low,Medium,Low,Low,80
49.91,80.9,5.7,90,9,Yes,Hot Work,Night,Low,High,Low,Medium,50
44.53,62.27,5.37,71,28,No,Confined Space,Evening,Low,Medium,Low,Medium,70
50.48,99.7,4.04,41,19,Yes,Confined Space,Morning,Low,High,Medium,Low,70
3.89,51.34,8.44,33,8,Yes,Normal,Morning,Low,Low,Low,High,70
45.91,22.88,8.51,57,5,Yes,Confined Space,Morning,Low,Low,Low,High,70
26.86,80.9,1.48,72,18,Yes,Confined Space,Morning,Low,High,Low,Low,70
23.19,99.3,9.18,86,11,No,Normal,Morning,Low,High,Low,High,60
15.68,32.24,7.4,22,26,Yes,Hot Work,Night,Low,Low,Low,Medium,60
71.0,53.49,2.92,38,9,Yes,Confined Space,Morning,Medium,Low,Medium,Low,75
75.71,63.14,5.44,71,9,No,Hot Work,Evening,Medium,Medium,High,Medium,65
20.53,39.61,3.47,79,19,No,Normal,Night,Low,Low,Low,Low,90
96.83,38.07,2.73,27,22,No,Confined Space,Night,Medium,Low,High,Low,50
81.35,64.15,2.54,39,30,No,Normal,Night,Medium,Medium,High,Low,40
14.38,93.85,7.58,53,29,Yes,Hot Work,Morning,Low,High,Low,Medium,50
62.46,22.3,8.47,59,28,Yes,Confined Space,Evening,Medium,Low,Medium,High,45
63.11,34.24,6.09,89,28,Yes,Confined Space,Night,Medium,Low,Medium,Medium,45
73.1,47.71,6.35,24,30,Yes,Confined Space,Evening,Medium,Low,Medium,Medium,55
2.49,72.27,7.89,41,26,No,Normal,Evening,Low,Medium,Low,Medium,70
53.2,74.87,2.02,21,27,No,Confined Space,Night,Low,Medium,Medium,Low,70
50.23,25.16,9.48,21,28,No,Confined Space,Morning,Low,Low,Medium,High,70
9.99,59.33,5.52,25,6,No,Confined Space,Night,Low,Low,Low,Medium,80
81.72,99.1,9.8,68,2,No,Hot Work,Morning,High,High,High,High,30
4.99,92.75,9.48,68,17,No,Confined Space,Morning,Low,High,Low,High,60
27.5,93.05,2.87,82,21,No,Confined Space,Morning,Low,High,Low,Low,70
58.8,40.12,6.45,71,1,No,Confined Space,Night,Low,Low,Medium,Medium,80
10.05,34.09,9.55,32,7,No,Hot Work,Evening,Low,Low,Low,High,80
24.23,60.23,5.23,84,17,Yes,Normal,Morning,Low,Medium,Low,Medium,70
50.74,57.5,7.06,33,14,Yes,Normal,Night,Low,Low,Medium,Medium,70
3.18,35.78,3.1,30,12,Yes,Normal,Evening,Low,Low,Low,Low,90
7.37,91.26,5.1,86,15,Yes,Normal,Evening,Low,High,Low,Medium,60
48.83,85.61,9.71,69,11,No,Normal,Night,Low,High,Low,High,50
32.69,58.48,6.28,49,30,No,Normal,Evening,Low,Low,Low,Medium,80
59.46,50.97,3.97,66,16,No,Normal,Night,Low,Low,Medium,Low,90
3.81,86.46,6.6,57,13,Yes,Hot Work,Morning,Low,High,Low,Medium,60
48.2,27.86,2.08,23,8,Yes,Normal,Evening,Low,Low,Low,Low,90
26.64,52.68,2.07,84,7,No,Confined Space,Evening,Low,Low,Low,Low,100
89.79,52.33,2.33,56,3,Yes,Normal,Night,Medium,Low,High,Low,50
5.23,36.29,8.14,85,15,No,Confined Space,Evening,Low,Low,Low,High,80
85.64,88.12,9.82,90,28,No,Confined Space,Night,High,High,High,High,10
78.19,57.64,4.23,84,18,Yes,Confined Space,Morning,Medium,Low,High,Low,75
63.1,54.47,5.28,47,6,No,Confined Space,Morning,Medium,Low,Medium,Medium,75
67.24,89.18,7.62,86,7,No,Hot Work,Evening,Medium,High,Medium,Medium,55
74.27,57.18,1.99,87,17,No,Confined Space,Evening,Medium,Low,Medium,Low,85
25.95,77.37,6.33,73,27,Yes,Normal,Morning,Low,Medium,Low,Medium,60
74.29,96.58,3.9,89,21,Yes,Normal,Night,Medium,High,Medium,Low,35
33.64,64.11,8.94,60,24,Yes,Confined Space,Morning,Low,Medium,Low,High,50
50.86,81.16,4.37,39,27,No,Hot Work,Morning,Low,High,Medium,Low,70
28.01,96.59,6.17,23,16,No,Normal,Evening,Low,High,Low,Medium,70
34.01,55.04,7.2,37,29,No,Confined Space,Evening,Low,Low,Low,Medium,80
33.25,37.89,7.25,72,11,Yes,Confined Space,Night,Low,Low,Low,Medium,70
69.64,49.7,8.83,85,4,Yes,Confined Space,Morning,Medium,Low,Medium,High,55
78.2,58.76,1.23,39,17,No,Hot Work,Morning,Medium,Low,High,Low,85
55.2,63.61,4.08,28,16,Yes,Normal,Morning,Low,Medium,Medium,Low,80
64.03,80.36,5.91,69,20,Yes,Normal,Night,Medium,High,Medium,Medium,35
38.94,81.31,7.62,65,25,Yes,Confined Space,Evening,Low,High,Low,Medium,50
46.32,65.36,6.7,90,9,Yes,Hot Work,Night,Low,Medium,Low,Medium,60
58.78,81.38,9.82,67,28,No,Normal,Morning,Low,High,Medium,High,50
81.17,52.64,2.99,42,18,No,Hot Work,Night,Medium,Low,High,Low,60
56.99,31.62,4.49,90,6,Yes,Confined Space,Evening,Low,Low,Medium,Low,90
37.4,65.32,7.74,39,4,No,Normal,Evening,Low,Medium,Low,Medium,80
26.28,82.59,8.7,36,9,Yes,Normal,Night,Low,High,Low,High,40
0.45,33.22,5.27,68,22,No,Confined Space,Evening,Low,Low,Low,Medium,80
54.63,68.48,8.5,22,8,Yes,Hot Work,Night,Low,Medium,Medium,High,50
93.72,31.64,5.13,29,19,No,Confined Space,Morning,Medium,Low,High,Medium,60
40.4,25.64,8.98,43,2,No,Hot Work,Night,Low,Low,Low,High,70
10.57,90.53,8.02,21,9,Yes,Hot Work,Night,Low,High,Low,High,40
35.11,93.27,9.31,63,26,Yes,Normal,Night,Low,High,Low,High,30
0.7,70.73,5.75,38,27,Yes,Confined Space,Morning,Low,Medium,Low,Medium,60
85.73,67.73,3.03,51,8,No,Hot Work,Night,Medium,Medium,High,Low,50
29.89,73.02,3.75,28,25,No,Confined Space,Morning,Low,Medium,Low,Low,80
21.21,42.24,9.76,41,13,No,Confined Space,Night,Low,Low,Low,High,70
43.04,74.53,1.13,78,15,Yes,Hot Work,Evening,Low,Medium,Low,Low,80
60.74,25.0,1.22,60,19,Yes,Hot Work,Night,Medium,Low,Medium,Low,65
43.99,79.27,7.49,55,18,Yes,Normal,Night,Low,Medium,Low,Medium,60
61.94,88.58,7.7,51,25,Yes,Hot Work,Night,Medium,High,Medium,Medium,25
74.8,73.66,5.99,45,17,Yes,Confined Space,Morning,Medium,Medium,Medium,Medium,55
47.57,99.34,8.98,31,17,No,Hot Work,Morning,Low,High,Low,High,60
55.53,94.0,5.66,72,24,No,Confined Space,Evening,Low,High,Medium,Medium,60
92.12,69.02,7.47,75,9,Yes,Normal,Evening,Medium,Medium,High,Medium,40
14.19,45.7,7.85,43,7,Yes,Confined Space,Morning,Low,Low,Low,Medium,80
70.75,65.66,4.6,79,18,No,Confined Space,Night,Medium,Medium,Medium,Low,65
13.6,38.65,1.95,47,26,Yes,Confined Space,Evening,Low,Low,Low,Low,80
18.54,67.04,4.29,66,16,No,Normal,Night,Low,Medium,Low,Low,80
72.41,95.85,3.57,45,19,No,Normal,Evening,Medium,High,Medium,Low,65
74.61,92.63,1.0,64,26,No,Confined Space,Evening,Medium,High,Medium,Low,55
2.66,79.96,8.59,22,10,No,Normal,Morning,Low,Medium,Low,High,70
95.82,25.22,2.82,62,11,Yes,Hot Work,Evening,Medium,Low,High,Low,60
86.52,64.6,3.03,49,23,No,Confined Space,Morning,Medium,Medium,High,Low,50
41.52,72.92,6.5,86,20,Yes,Hot Work,Night,Low,Medium,Low,Medium,60
53.9,78.85,9.24,55,27,No,Normal,Night,Low,Medium,Medium,High,50
49.54,75.1,1.84,77,22,Yes,Confined Space,Morning,Low,Medium,Low,Low,70
47.68,72.19,9.92,65,13,Yes,Normal,Morning,Low,Medium,Low,High,60
35.61,69.81,7.53,34,19,Yes,Hot Work,Evening,Low,Medium,Low,Medium,70
68.88,21.09,1.77,36,19,No,Normal,Morning,Medium,Low,Medium,Low,85
68.97,98.15,5.98,72,10,Yes,Normal,Evening,Medium,High,Medium,Medium,45
27.53,87.73,1.64,70,7,No,Normal,Morning,Low,High,Low,Low,80
18.56,81.13,3.84,83,2,Yes,Normal,Morning,Low,High,Low,Low,70
85.11,25.93,8.85,41,1,Yes,Normal,Morning,Medium,Low,High,High,40
90.38,55.36,1.34,68,28,No,Hot Work,Evening,Medium,Low,High,Low,60
92.9,84.28,1.64,26,9,Yes,Hot Work,Morning,High,High,High,Low,40
20.56,27.12,8.19,44,29,No,Normal,Morning,Low,Low,Low,High,70
92.71,87.6,8.94,82,6,Yes,Normal,Evening,High,High,High,High,20
61.71,90.35,1.85,38,10,No,Confined Space,Night,Medium,High,Medium,Low,55
25.98,76.32,1.41,43,24,Yes,Confined Space,Night,Low,Medium,Low,Low,60
17.37,20.71,3.62,44,16,No,Hot Work,Evening,Low,Low,Low,Low,100
4.44,85.78,9.71,27,30,Yes,Hot Work,Morning,Low,High,Low,High,40
99.55,75.39,7.17,53,18,No,Hot Work,Evening,High,Medium,High,Medium,50
80.15,20.62,8.9,37,27,No,Hot Work,Night,Medium,Low,High,High,30
15.15,33.94,6.55,53,20,No,Normal,Evening,Low,Low,Low,Medium,90
70.4,98.75,9.45,86,26,No,Normal,Night,Medium,High,Medium,High,25
51.45,78.6,7.93,32,25,Yes,Normal,Night,Low,Medium,Medium,Medium,50
77.84,87.29,9.64,84,21,No,Confined Space,Night,Medium,High,High,High,25
54.15,70.53,3.81,72,27,No,Normal,Morning,Low,Medium,Medium,Low,80
28.24,49.37,8.19,40,16,No,Confined Space,Morning,Low,Low,Low,High,80
24.73,79.44,1.76,30,2,Yes,Hot Work,Evening,Low,Medium,Low,Low,80
20.82,84.22,4.12,77,9,No,Hot Work,Evening,Low,High,Low,Low,80
49.06,39.91,9.72,85,9,Yes,Normal,Morning,Low,Low,Low,High,70
76.4,24.06,1.96,53,5,Yes,Normal,Night,Medium,Low,High,Low,65
11.13,77.96,8.34,89,6,Yes,Hot Work,Morning,Low,Medium,Low,High,60
31.91,37.31,8.03,82,18,Yes,Normal,Night,Low,Low,Low,High,60
95.05,87.45,1.29,65,12,Yes,Hot Work,Night,High,High,High,Low,30
75.26,84.84,9.96,54,8,Yes,Hot Work,Night,Medium,High,High,High,25
35.35,76.38,2.78,70,4,Yes,Normal,Evening,Low,Medium,Low,Low,80
1.42,99.11,8.29,39,13,Yes,Hot Work,Morning,Low,High,Low,High,50
31.17,64.29,9.29,64,11,Yes,Normal,Morning,Low,Medium,Low,High,60
73.25,81.25,3.05,77,11,Yes,Hot Work,Night,Medium,High,Medium,Low,45
94.19,93.47,9.16,24,24,Yes,Normal,Evening,High,High,High,High,10
15.2,75.68,4.71,89,12,Yes,Normal,Night,Low,Medium,Low,Low,70
48.92,49.03,6.79,60,25,Yes,Normal,Evening,Low,Low,Low,Medium,70
62.94,56.58,4.2,61,6,No,Hot Work,Evening,Medium,Low,Medium,Low,85
32.33,91.91,1.72,48,6,Yes,Hot Work,Evening,Low,High,Low,Low,70
88.16,82.43,7.53,70,6,Yes,Confined Space,Morning,High,High,High,Medium,30
28.78,29.37,4.61,82,30,No,Confined Space,Night,Low,Low,Low,Low,80
15.03,94.05,1.5,55,3,Yes,Normal,Night,Low,High,Low,Low,60
22.87,85.85,8.79,56,22,No,Confined Space,Night,Low,High,Low,High,40
37.77,31.94,8.18,90,12,Yes,Normal,Night,Low,Low,Low,High,60
24.34,88.03,3.64,56,27,Yes,Confined Space,Evening,Low,High,Low,Low,60
75.68,34.49,1.99,85,3,No,Confined Space,Evening,Medium,Low,High,Low,85
90.45,28.47,8.33,23,23,Yes,Confined Space,Night,Medium,Low,High,High,20
67.6,39.09,4.45,20,24,No,Normal,Night,Medium,Low,Medium,Low,65
72.73,70.63,9.02,69,25,No,Confined Space,Evening,Medium,Medium,Medium,High,45
45.99,81.59,4.34,42,2,No,Hot Work,Night,Low,High,Low,Low,70
97.56,67.73,8.16,58,14,Yes,Confined Space,Evening,Medium,Medium,High,High,30
83.26,64.06,5.95,36,26,Yes,Normal,Morning,Medium,Medium,High,Medium,30
16.12,78.35,3.28,41,18,No,Confined Space,Morning,Low,Medium,Low,Low,90
53.38,33.62,9.27,90,5,Yes,Confined Space,Morning,Low,Low,Medium,High,70
57.57,37.86,6.22,86,26,No,Confined Space,Morning,Low,Low,Medium,Medium,80
21.51,84.72,3.43,78,1,No,Hot Work,Evening,Low,High,Low,Low,80
84.59,44.77,8.42,61,16,No,Confined Space,Night,Medium,Low,High,High,40
64.17,34.73,2.75,80,1,Yes,Confined Space,Morning,Medium,Low,Medium,Low,75
74.44,23.87,5.36,33,14,Yes,Hot Work,Night,Medium,Low,Medium,Medium,55
50.43,24.35,5.73,89,7,No,Hot Work,Night,Low,Low,Medium,Medium,80
29.7,53.2,5.23,31,7,No,Hot Work,Night,Low,Low,Low,Medium,80
56.27,53.63,2.82,80,8,Yes,Confined Space,Evening,Low,Low,Medium,Low,90
22.35,44.61,7.87,43,15,Yes,Hot Work,Evening,Low,Low,Low,Medium,80
72.75,87.93,9.6,30,28,No,Normal,Night,Medium,High,Medium,High,25
37.04,75.89,8.85,46,7,No,Normal,Morning,Low,Medium,Low,High,70
2.77,42.45,5.59,36,17,Yes,Normal,Morning,Low,Low,Low,Medium,80
92.59,63.32,6.01,57,15,Yes,Normal,Night,Medium,Medium,High,Medium,30
45.88,58.57,3.9,82,2,No,Hot Work,Evening,Low,Low,Low,Low,100
67.01,92.33,5.03,59,5,Yes,Confined Space,Morning,Medium,High,Medium,Medium,45
2.83,61.91,8.29,39,29,Yes,Confined Space,Evening,Low,Medium,Low,High,50
13.0,59.2,4.3,57,13,No,Normal,Night,Low,Low,Low,Low,90
76.4,78.83,5.87,68,15,No,Normal,Evening,Medium,Medium,High,Medium,65
85.4,44.89,4.47,64,3,Yes,Confined Space,Evening,Medium,Low,High,Low,60
92.17,99.5,1.48,54,6,No,Normal,Morning,High,High,High,Low,50
77.48,22.37,7.2,23,13,Yes,Hot Work,Evening,Medium,Low,High,Medium,65
96.54,59.16,6.87,73,2,Yes,Confined Space,Night,Medium,Low,High,Medium,40
91.0,51.41,5.86,88,8,Yes,Confined Space,Morning,Medium,Low,High,Medium,50
82.6,87.46,4.09,49,14,Yes,Hot Work,Morning,High,High,High,Low,40
27.96,76.75,5.64,81,9,No,Normal,Night,Low,Medium,Low,Medium,70
92.08,41.11,1.22,22,25,Yes,Confined Space,Evening,Medium,Low,High,Low,50
4.38,86.45,7.62,59,20,Yes,Hot Work,Night,Low,High,Low,Medium,50
36.1,64.16,2.0,22,24,Yes,Normal,Morning,Low,Medium,Low,Low,70
68.02,82.72,7.67,64,7,Yes,Confined Space,Evening,Medium,High,Medium,Medium,45
31.77,83.27,6.26,75,14,No,Normal,Night,Low,High,Low,Medium,60
27.72,54.82,4.51,26,19,No,Hot Work,Night,Low,Low,Low,Low,90
53.02,49.26,3.33,62,12,Yes,Hot Work,Morning,Low,Low,Medium,Low,90
37.59,32.5,5.75,58,12,Yes,Confined Space,Evening,Low,Low,Low,Medium,80
92.32,36.89,2.66,79,3,Yes,Hot Work,Morning,Medium,Low,High,Low,60
79.72,54.23,1.08,83,23,No,Hot Work,Evening,Medium,Low,High,Low,75
11.52,82.38,7.86,48,23,No,Confined Space,Night,Low,High,Low,Medium,50
32.51,69.62,3.06,85,23,Yes,Confined Space,Morning,Low,Medium,Low,Low,70
74.98,34.5,5.91,72,27,No,Confined Space,Morning,Medium,Low,Medium,Medium,65
7.44,34.86,6.51,35,10,No,Normal,Evening,Low,Low,Low,Medium,90
55.28,93.55,4.24,38,6,Yes,Confined Space,Morning,Low,High,Medium,Low,70
44.6,32.71,1.27,32,4,No,Normal,Evening,Low,Low,Low,Low,100
43.22,90.67,7.31,72,1,Yes,Normal,Night,Low,High,Low,Medium,50
47.2,81.92,3.49,22,23,No,Normal,Morning,Low,High,Low,Low,70
49.07,44.37,5.14,82,6,Yes,Normal,Morning,Low,Low,Low,Medium,80
73.93,47.14,3.16,74,11,No,Hot Work,Morning,Medium,Low,Medium,Low,85
64.3,42.88,7.29,48,19,No,Confined Space,Morning,Medium,Low,Medium,Medium,75
23.0,66.9,9.15,30,12,Yes,Normal,Morning,Low,Medium,Low,High,60
50.5,99.39,6.08,81,6,Yes,Confined Space,Night,Low,High,Medium,Medium,50
43.28,78.49,7.1,30,10,No,Hot Work,Night,Low,Medium,Low,Medium,70
60.68,34.82,1.27,25,24,No,Normal,Morning,Medium,Low,Medium,Low,75
23.6,34.86,7.76,55,24,Yes,Confined Space,Morning,Low,Low,Low,Medium,70
83.13,99.12,7.91,42,10,No,Normal,Evening,High,High,High,Medium,40
89.36,24.35,7.62,64,23,Yes,Normal,Evening,Medium,Low,High,Medium,40
6.91,80.3,8.06,37,1,Yes,Confined Space,Evening,Low,High,Low,High,50
0.67,48.05,3.66,90,25,No,Hot Work,Morning,Low,Low,Low,Low,90
76.42,98.88,4.29,78,28,No,Normal,Evening,Medium,High,High,Low,55
18.61,91.3,5.63,81,10,Yes,Normal,Morning,Low,High,Low,Medium,60
82.36,70.61,6.26,70,15,Yes,Normal,Night,High,Medium,High,Medium,30
40.42,36.11,3.67,84,21,No,Normal,Evening,Low,Low,Low,Low,90
22.68,29.3,8.24,29,25,No,Normal,Morning,Low,Low,Low,High,70
99.48,81.33,7.65,64,26,Yes,Confined Space,Morning,High,High,High,Medium,20
12.25,61.17,4.2,76,14,Yes,Hot Work,Evening,Low,Medium,Low,Low,80
89.6,59.44,5.26,67,25,Yes,Hot Work,Evening,Medium,Low,High,Medium,40
11.29,83.6,7.14,42,8,No,Normal,Night,Low,High,Low,Medium,60
9.28,69.65,4.06,42,22,No,Normal,Night,Low,Medium,Low,Low,70
27.81,69.46,2.01,42,16,Yes,Hot Work,Night,Low,Medium,Low,Low,70
61.82,70.27,3.36,26,25,Yes,Hot Work,Night,Medium,Medium,Medium,Low,45
21.27,22.97,1.73,32,10,No,Normal,Night,Low,Low,Low,Low,90
33.5,76.1,6.35,53,4,Yes,Normal,Evening,Low,Medium,Low,Medium,70
61.87,50.51,2.34,22,22,Yes,Hot Work,Night,Medium,Low,Medium,Low,55
85.63,87.4,6.12,73,26,No,Confined Space,Morning,High,High,High,Medium,30
61.01,61.33,9.04,49,18,Yes,Confined Space,Morning,Medium,Medium,Medium,High,45
2.33,87.35,8.09,41,5,Yes,Confined Space,Morning,Low,High,Low,High,50
22.27,71.08,2.47,73,9,Yes,Normal,Night,Low,Medium,Low,Low,70
63.97,78.8,5.53,39,9,No,Normal,Night,Medium,Medium,Medium,Medium,55
41.91,27.26,3.18,66,3,No,Confined Space,Morning,Low,Low,Low,Low,100
50.2,63.15,8.56,89,11,No,Normal,Evening,Low,Medium,Medium,High,70
21.98,77.82,7.94,21,16,Yes,Hot Work,Morning,Low,Medium,Low,Medium,70
87.38,43.39,6.52,65,29,No,Hot Work,Night,Medium,Low,High,Medium,40
50.05,94.87,4.14,61,23,No,Hot Work,Evening,Low,High,Medium,Low,70
32.69,97.4,3.16,43,24,No,Normal,Night,Low,High,Low,Low,60
56.59,86.07,9.32,90,11,Yes,Normal,Evening,Low,High,Medium,High,50
6.32,72.81,6.99,33,7,No,Confined Space,Evening,Low,Medium,Low,Medium,80
8.26,86.52,3.78,68,20,Yes,Hot Work,Evening,Low,High,Low,Low,70
55.28,88.01,6.43,31,1,Yes,Normal,Evening,Low,High,Medium,Medium,60
93.35,44.8,8.95,28,9,Yes,Normal,Morning,Medium,Low,High,High,40
98.68,74.25,8.56,62,12,No,Hot Work,Evening,High,Medium,High,High,40
2.98,93.72,7.78,20,1,Yes,Confined Space,Night,Low,High,Low,Medium,50
29.8,96.06,3.3,81,3,Yes,Hot Work,Morning,Low,High,Low,Low,70
67.3,75.99,1.78,38,30,Yes,Hot Work,Morning,Medium,Medium,Medium,Low,55
11.69,97.07,2.86,59,26,No,Confined Space,Evening,Low,High,Low,Low,70
81.76,83.86,4.7,71,23,No,Hot Work,Night,High,High,High,Low,30
9.44,87.94,3.04,86,6,Yes,Hot Work,Morning,Low,High,Low,Low,70
18.15,47.83,8.6,53,10,Yes,Confined Space,Morning,Low,Low,Low,High,70
44.41,45.96,7.44,60,17,No,Normal,Night,Low,Low,Low,Medium,80
23.73,32.98,6.37,78,20,Yes,Confined Space,Night,Low,Low,Low,Medium,70
71.88,40.31,2.98,67,12,No,Hot Work,Night,Medium,Low,Medium,Low,75
49.95,21.53,8.41,78,16,Yes,Hot Work,Evening,Low,Low,Low,High,70
46.71,93.85,8.31,72,20,Yes,Hot Work,Morning,Low,High,Low,High,50
56.5,90.4,2.78,81,23,No,Normal,Morning,Low,High,Medium,Low,70
60.19,54.0,8.71,79,22,No,Normal,Evening,Medium,Low,Medium,High,55
23.54,85.02,6.8,69,21,No,Hot Work,Night,Low,High,Low,Medium,50
57.49,34.22,8.52,70,9,No,Normal,Evening,Low,Low,Medium,High,80
44.99,39.98,9.88,60,12,Yes,Normal,Night,Low,Low,Low,High,60
16.77,44.06,7.62,47,29,Yes,Hot Work,Morning,Low,Low,Low,Medium,70
36.87,94.95,7.42,58,1,Yes,Confined Space,Night,Low,High,Low,Medium,50
93.14,51.95,4.25,27,26,Yes,Confined Space,Night,Medium,Low,High,Low,40
43.4,70.17,1.6,75,9,Yes,Normal,Night,Low,Medium,Low,Low,70
92.44,55.18,1.04,88,8,Yes,Normal,Morning,Medium,Low,High,Low,60
75.33,74.42,8.71,65,11,Yes,Confined Space,Night,Medium,Medium,High,High,35
78.69,85.78,6.74,65,18,Yes,Confined Space,Evening,Medium,High,High,Medium,45
54.65,82.75,6.22,45,25,No,Confined Space,Evening,Low,High,Medium,Medium,60
96.31,39.37,8.57,23,2,No,Confined Space,Night,Medium,Low,High,High,40
44.02,94.79,6.89,74,2,No,Normal,Morning,Low,High,Low,Medium,70
13.22,56.65,2.03,35,9,No,Hot Work,Morning,Low,Low,Low,Low,100
69.74,28.83,6.26,88,16,No,Hot Work,Evening,Medium,Low,Medium,Medium,75
49.35,62.64,4.08,58,6,No,Normal,Morning,Low,Medium,Low,Low,90
18.1,57.1,9.74,45,13,No,Normal,Morning,Low,Low,Low,High,80
47.09,43.19,2.36,45,28,Yes,Normal,Evening,Low,Low,Low,Low,80
54.2,92.47,1.12,36,19,No,Normal,Evening,Low,High,Medium,Low,80
41.11,64.15,3.85,59,13,No,Confined Space,Evening,Low,Medium,Low,Low,90
35.45,38.0,6.77,84,5,Yes,Normal,Evening,Low,Low,Low,Medium,80
48.88,40.66,2.39,36,6,Yes,Normal,Evening,Low,Low,Low,Low,90
53.84,97.41,1.64,71,12,No,Confined Space,Evening,Low,High,Medium,Low,80
97.83,25.09,3.38,67,22,No,Confined Space,Night,Medium,Low,High,Low,50
99.21,30.81,8.71,60,4,No,Confined Space,Morning,Medium,Low,High,High,50
37.48,55.62,2.17,58,2,No,Normal,Evening,Low,Low,Low,Low,100
2.15,80.94,7.58,78,10,No,Normal,Evening,Low,High,Low,Medium,70
0.12,29.22,3.51,74,8,No,Normal,Evening,Low,Low,Low,Low,100
3.08,92.52,1.08,69,17,No,Confined Space,Evening,Low,High,Low,Low,80
34.34,47.15,7.3,30,16,No,Confined Space,Night,Low,Low,Low,Medium,80
29.66,70.13,8.24,69,1,No,Confined Space,Evening,Low,Medium,Low,High,70
96.58,76.56,1.36,56,3,Yes,Confined Space,Night,High,Medium,High,Low,40
90.93,31.28,5.64,32,27,Yes,Normal,Morning,Medium,Low,High,Medium,40
74.45,96.03,2.4,63,14,No,Confined Space,Night,Medium,High,Medium,Low,55
67.64,53.53,7.64,64,2,Yes,Confined Space,Morning,Medium,Low,Medium,Medium,65
70.29,21.94,2.56,32,15,No,Confined Space,Evening,Medium,Low,Medium,Low,85
87.28,86.04,6.87,31,26,No,Normal,Night,High,High,High,Medium,20
80.42,72.78,6.76,50,28,No,Normal,Night,High,Medium,High,Medium,30
98.65,97.49,1.06,78,3,No,Hot Work,Evening,High,High,High,Low,50
12.12,45.93,2.38,21,29,No,Hot Work,Morning,Low,Low,Low,Low,90
88.4,89.6,6.09,58,13,No,Hot Work,Evening,High,High,High,Medium,40
22.7,25.7,6.19,56,15,No,Normal,Night,Low,Low,Low,Medium,80
51.61,48.23,6.31,70,19,Yes,Normal,Night,Low,Low,Medium,Medium,70
17.42,65.86,5.81,82,3,Yes,Confined Space,Night,Low,Medium,Low,Medium,60
65.85,52.21,8.62,29,10,Yes,Normal,Night,Medium,Low,Medium,High,45
97.79,20.1,2.61,88,21,Yes,Confined Space,Morning,Medium,Low,High,Low,50
22.12,43.99,5.15,23,2,No,Confined Space,Night,Low,Low,Low,Medium,80
3.98,95.75,5.86,64,15,Yes,Normal,Evening,Low,High,Low,Medium,60
26.91,96.48,6.99,26,5,No,Hot Work,Night,Low,High,Low,Medium,60
38.56,64.06,6.02,58,22,No,Confined Space,Evening,Low,Medium,Low,Medium,70
53.29,79.66,8.51,30,26,No,Confined Space,Evening,Low,Medium,Medium,High,60
69.55,50.2,2.78,43,29,Yes,Normal,Night,Medium,Low,Medium,Low,55
25.36,91.18,9.38,53,4,Yes,Confined Space,Evening,Low,High,Low,High,50
90.3,66.58,3.45,63,26,No,Normal,Morning,Medium,Medium,High,Low,50
90.68,36.35,9.97,88,23,Yes,Hot Work,Evening,Medium,Low,High,High,30
42.89,24.17,6.51,22,1,Yes,Hot Work,Evening,Low,Low,Low,Medium,80
38.0,62.62,3.02,55,26,Yes,Confined Space,Morning,Low,Medium,Low,Low,70
36.96,37.81,1.55,33,18,No,Normal,Morning,Low,Low,Low,Low,100
87.21,56.45,5.41,67,11,No,Confined Space,Evening,Medium,Low,High,Medium,60
27.97,70.04,8.71,73,3,No,Normal,Evening,Low,Medium,Low,High,70
83.91,99.6,7.92,51,16,No,Hot Work,Morning,High,High,High,Medium,40
27.18,51.38,6.85,54,5,Yes,Hot Work,Evening,Low,Low,Low,Medium,80
51.61,64.39,8.76,41,23,Yes,Normal,Evening,Low,Medium,Medium,High,50
14.79,64.02,8.21,35,13,No,Hot Work,Night,Low,Medium,Low,High,60
77.05,85.81,6.83,25,6,Yes,Confined Space,Evening,Medium,High,High,Medium,45
26.15,47.25,8.24,39,30,Yes,Confined Space,Night,Low,Low,Low,High,50
47.17,84.11,7.43,34,2,No,Normal,Evening,Low,High,Low,Medium,70
22.97,67.94,9.11,31,10,No,Hot Work,Night,Low,Medium,Low,High,60
51.37,60.0,3.38,63,12,No,Normal,Morning,Low,Low,Medium,Low,100
93.34,52.76,1.81,30,22,No,Confined Space,Morning,Medium,Low,High,Low,60
43.3,70.93,8.49,76,15,No,Hot Work,Night,Low,Medium,Low,High,60
37.19,68.98,2.84,68,5,No,Normal,Night,Low,Medium,Low,Low,80
75.79,62.2,5.27,72,23,Yes,Hot Work,Evening,Medium,Medium,High,Medium,45
68.16,66.6,1.57,50,8,No,Confined Space,Morning,Medium,Medium,Medium,Low,75
87.05,91.53,4.39,89,10,No,Hot Work,Night,High,High,High,Low,40
10.53,70.39,6.37,55,24,No,Normal,Night,Low,Medium,Low,Medium,60
52.42,29.56,6.74,76,20,Yes,Hot Work,Evening,Low,Low,Medium,Medium,80
59.58,90.35,8.44,45,21,No,Hot Work,Evening,Low,High,Medium,High,50
3.01,76.25,9.59,52,20,Yes,Normal,Night,Low,Medium,Low,High,50
54.5,38.13,5.59,61,9,No,Normal,Evening,Low,Low,Medium,Medium,90
1.83,20.12,1.63,53,20,Yes,Normal,Morning,Low,Low,Low,Low,90
34.62,72.82,8.47,28,6,Yes,Normal,Evening,Low,Medium,Low,High,60
64.12,61.32,6.66,42,21,Yes,Hot Work,Morning,Medium,Medium,Medium,Medium,45
33.69,70.89,2.71,45,29,No,Normal,Morning,Low,Medium,Low,Low,80
35.67,79.27,5.01,68,2,No,Confined Space,Evening,Low,Medium,Low,Medium,80
41.43,58.17,9.47,69,11,No,Confined Space,Morning,Low,Low,Low,High,80
13.95,31.35,6.58,84,12,No,Confined Space,Evening,Low,Low,Low,Medium,90
60.2,24.43,6.56,61,3,No,Normal,Evening,Medium,Low,Medium,Medium,75
47.2,81.34,2.37,57,1,No,Hot Work,Night,Low,High,Low,Low,70
3.43,96.53,5.69,84,12,No,Confined Space,Night,Low,High,Low,Medium,60
44.48,66.58,2.54,67,20,Yes,Normal,Morning,Low,Medium,Low,Low,80
71.38,50.56,9.71,56,14,No,Hot Work,Night,Medium,Low,Medium,High,55
0.14,21.83,2.74,74,1,No,Normal,Evening,Low,Low,Low,Low,100
62.75,92.21,7.95,60,24,No,Normal,Evening,Medium,High,Medium,Medium,45
28.21,93.97,5.66,62,15,Yes,Normal,Evening,Low,High,Low,Medium,60
82.87,83.32,10.0,48,27,No,Normal,Evening,High,High,High,High,20
53.06,64.78,1.75,54,30,No,Confined Space,Evening,Low,Medium,Medium,Low,80
37.94,65.47,8.25,42,20,No,Normal,Night,Low,Medium,Low,High,60
21.09,26.39,3.96,67,11,No,Confined Space,Night,Low,Low,Low,Low,90
85.49,22.67,6.41,63,22,Yes,Hot Work,Night,Medium,Low,High,Medium,30
31.28,64.24,7.09,49,15,Yes,Confined Space,Morning,Low,Medium,Low,Medium,70
33.3,82.56,9.92,66,26,No,Confined Space,Night,Low,High,Low,High,40
67.51,65.06,8.7,35,20,Yes,Confined Space,Evening,Medium,Medium,Medium,High,45
36.92,53.71,2.68,82,25,Yes,Normal,Night,Low,Low,Low,Low,70
48.12,21.51,2.55,24,15,No,Normal,Night,Low,Low,Low,Low,90
78.46,94.77,5.63,66,24,Yes,Hot Work,Morning,Medium,High,High,Medium,35
61.43,72.21,8.78,31,10,Yes,Hot Work,Evening,Medium,Medium,Medium,High,45
59.1,85.76,3.69,74,19,Yes,Hot Work,Night,Low,High,Medium,Low,60
24.81,39.63,5.61,66,24,Yes,Confined Space,Evening,Low,Low,Low,Medium,70
34.44,31.96,7.56,88,25,No,Hot Work,Morning,Low,Low,Low,Medium,80
38.02,94.2,9.3,39,25,Yes,Hot Work,Morning,Low,High,Low,High,40
83.56,78.4,6.52,26,23,No,Normal,Morning,High,Medium,High,Medium,40
3.14,81.85,2.91,85,17,Yes,Normal,Night,Low,High,Low,Low,60
31.2,78.71,1.37,76,20,Yes,Confined Space,Night,Low,Medium,Low,Low,70
97.14,75.16,3.05,78,4,Yes,Confined Space,Evening,High,Medium,High,Low,50
25.0,40.24,9.19,39,12,Yes,Confined Space,Evening,Low,Low,Low,High,70
58.34,81.38,8.85,30,26,Yes,Normal,Night,Low,High,Medium,High,30
29.25,96.41,1.8,82,25,Yes,Hot Work,Morning,Low,High,Low,Low,60
60.39,62.86,5.29,67,21,No,Confined Space,Evening,Medium,Medium,Medium,Medium,55
16.04,52.96,7.65,73,16,No,Hot Work,Morning,Low,Low,Low,Medium,90
10.3,84.86,1.33,77,29,Yes,Confined Space,Evening,Low,High,Low,Low,60
72.26,97.8,7.18,53,3,No,Normal,Morning,Medium,High,Medium,Medium,55
19.62,95.68,6.2,85,8,No,Hot Work,Morning,Low,High,Low,Medium,70
33.14,51.66,1.65,26,22,Yes,Normal,Morning,Low,Low,Low,Low,80
68.95,94.76,7.87,80,25,No,Confined Space,Night,Medium,High,Medium,Medium,35
81.48,80.19,4.46,50,21,No,Hot Work,Morning,High,High,High,Low,40
76.27,36.73,9.54,35,27,Yes,Hot Work,Morning,Medium,Low,High,High,45
46.24,54.69,9.72,21,8,No,Normal,Night,Low,Low,Low,High,70
14.12,62.79,1.94,87,22,No,Normal,Evening,Low,Medium,Low,Low,80
97.55,21.75,2.18,30,3,Yes,Normal,Morning,Medium,Low,High,Low,60
7.38,89.91,5.14,57,6,No,Confined Space,Night,Low,High,Low,Medium,60
74.64,76.96,7.8,68,24,No,Hot Work,Evening,Medium,Medium,Medium,Medium,55
65.16,23.68,6.98,67,3,Yes,Hot Work,Evening,Medium,Low,Medium,Medium,65
51.53,90.05,7.98,71,25,No,Hot Work,Night,Low,High,Medium,Medium,50
63.37,91.43,4.53,75,15,Yes,Normal,Night,Medium,High,Medium,Low,45
88.25,66.52,7.89,27,13,No,Hot Work,Morning,Medium,Medium,High,Medium,50
15.88,53.13,4.88,66,24,No,Confined Space,Evening,Low,Low,Low,Low,90
43.07,64.01,6.33,54,9,Yes,Confined Space,Evening,Low,Medium,Low,Medium,70
31.69,47.36,8.62,27,6,No,Confined Space,Evening,Low,Low,Low,High,80
58.06,40.53,8.21,28,16,Yes,Hot Work,Night,Low,Low,Medium,High,60
95.49,67.72,5.96,82,16,Yes,Hot Work,Evening,Medium,Medium,High,Medium,40
40.03,60.64,2.5,55,10,No,Confined Space,Evening,Low,Medium,Low,Low,90
41.2,33.22,9.41,22,24,No,Confined Space,Night,Low,Low,Low,High,60
34.76,88.85,1.35,54,24,Yes,Hot Work,Morning,Low,High,Low,Low,60
40.91,70.3,1.6,33,8,Yes,Normal,Morning,Low,Medium,Low,Low,80
6.2,54.48,8.72,71,12,Yes,Hot Work,Night,Low,Low,Low,High,60
96.21,76.28,8.12,61,2,Yes,Hot Work,Night,High,Medium,High,High,20
81.63,53.99,1.07,64,5,Yes,Normal,Evening,Medium,Low,High,Low,60
31.34,41.0,1.76,69,26,Yes,Normal,Morning,Low,Low,Low,Low,80
1.34,37.72,8.96,37,30,No,Hot Work,Night,Low,Low,Low,High,60
64.97,22.98,4.73,30,7,Yes,Hot Work,Evening,Medium,Low,Medium,Low,75
41.42,70.94,2.21,38,7,Yes,Hot Work,Night,Low,Medium,Low,Low,70
8.16,72.82,3.95,84,12,Yes,Normal,Night,Low,Medium,Low,Low,70
80.52,32.57,9.29,76,23,No,Hot Work,Morning,Medium,Low,High,High,40
19.04,49.61,7.51,75,1,Yes,Confined Space,Morning,Low,Low,Low,Medium,80
33.14,87.52,5.12,54,12,No,Confined Space,Night,Low,High,Low,Medium,60
21.44,99.08,5.72,52,20,Yes,Confined Space,Morning,Low,High,Low,Medium,60
15.32,60.29,8.62,65,4,No,Hot Work,Morning,Low,Medium,Low,High,70
69.71,46.25,9.88,67,18,No,Confined Space,Night,Medium,Low,Medium,High,55
71.27,28.17,2.29,66,1,Yes,Hot Work,Evening,Medium,Low,Medium,Low,75
41.12,61.54,7.21,67,13,Yes,Hot Work,Morning,Low,Medium,Low,Medium,70
59.52,72.98,7.59,66,28,Yes,Hot Work,Evening,Low,Medium,Medium,Medium,60
33.67,92.4,9.58,32,17,No,Hot Work,Evening,Low,High,Low,High,60
43.89,26.72,3.9,53,24,No,Normal,Night,Low,Low,Low,Low,80
18.97,29.7,3.38,81,3,No,Hot Work,Evening,Low,Low,Low,Low,100
24.89,75.35,1.92,56,2,Yes,Confined Space,Morning,Low,Medium,Low,Low,80
94.33,74.3,8.42,24,12,No,Hot Work,Night,High,Medium,High,High,30
47.67,55.16,9.46,89,18,No,Hot Work,Evening,Low,Low,Low,High,80
27.68,41.9,1.24,55,17,Yes,Hot Work,Morning,Low,Low,Low,Low,90
44.55,50.44,8.56,24,20,No,Confined Space,Morning,Low,Low,Low,High,80
79.72,44.37,3.43,87,4,No,Confined Space,Evening,Medium,Low,High,Low,85
39.2,80.22,9.49,36,4,No,Normal,Evening,Low,High,Low,High,60
64.57,67.38,6.83,32,11,No,Confined Space,Night,Medium,Medium,Medium,Medium,55
4.48,27.78,4.83,23,22,No,Confined Space,Night,Low,Low,Low,Low,80
34.42,71.6,8.91,40,7,Yes,Confined Space,Night,Low,Medium,Low,High,50
72.54,30.16,9.47,81,16,No,Normal,Night,Medium,Low,Medium,High,55
19.1,32.51,3.27,57,29,Yes,Confined Space,Night,Low,Low,Low,Low,70
73.76,55.35,8.36,24,10,Yes,Confined Space,Evening,Medium,Low,Medium,High,55
11.0,73.89,5.39,37,10,Yes,Hot Work,Night,Low,Medium,Low,Medium,60
36.2,41.29,2.12,79,9,Yes,Confined Space,Morning,Low,Low,Low,Low,90
52.25,47.08,6.84,54,3,No,Normal,Morning,Low,Low,Medium,Medium,90
14.99,63.39,9.15,38,13,No,Confined Space,Morning,Low,Medium,Low,High,70
31.93,84.43,9.78,30,4,Yes,Normal,Morning,Low,High,Low,High,50
34.46,31.17,2.78,67,14,No,Hot Work,Morning,Low,Low,Low,Low,100
37.38,28.22,3.01,50,8,Yes,Hot Work,Morning,Low,Low,Low,Low,90
46.36,36.02,5.81,88,15,No,Hot Work,Evening,Low,Low,Low,Medium,90
98.25,66.84,2.41,58,29,No,Confined Space,Evening,Medium,Medium,High,Low,50
64.75,89.56,7.48,84,29,Yes,Hot Work,Evening,Medium,High,Medium,Medium,35
44.96,54.57,4.95,28,6,Yes,Hot Work,Evening,Low,Low,Low,Low,90
97.24,68.77,4.63,46,14,Yes,Hot Work,Morning,Medium,Medium,High,Low,50
97.75,61.57,7.21,52,17,Yes,Confined Space,Evening,Medium,Medium,High,Medium,40
72.05,43.77,7.27,89,8,No,Hot Work,Evening,Medium,Low,Medium,Medium,75
46.48,59.98,4.92,74,21,Yes,Confined Space,Evening,Low,Low,Low,Low,80
17.28,72.96,1.16,25,24,Yes,Normal,Morning,Low,Medium,Low,Low,70
58.81,46.55,7.21,57,30,No,Normal,Night,Low,Low,Medium,Medium,70
51.95,88.65,5.16,68,5,No,Confined Space,Evening,Low,High,Medium,Medium,70
47.76,49.69,1.19,39,10,Yes,Hot Work,Night,Low,Low,Low,Low,80
27.86,41.18,4.2,73,26,Yes,Hot Work,Night,Low,Low,Low,Low,70
75.51,67.37,4.19,90,5,Yes,Normal,Morning,Medium,Medium,High,Low,65
82.02,64.24,6.94,29,24,Yes,Hot Work,Evening,Medium,Medium,High,Medium,30
34.57,31.37,7.88,84,17,No,Confined Space,Evening,Low,Low,Low,Medium,90
38.03,45.59,7.33,34,20,Yes,Hot Work,Morning,Low,Low,Low,Medium,80
13.02,98.68,5.38,72,10,No,Normal,Night,Low,High,Low,Medium,60
76.76,49.23,4.12,51,5,Yes,Confined Space,Night,Medium,Low,High,Low,65
24.42,33.19,9.14,40,10,No,Hot Work,Morning,Low,Low,Low,High,80
98.74,21.25,1.51,33,9,Yes,Normal,Evening,Medium,Low,High,Low,60
73.16,36.91,2.84,50,3,Yes,Hot Work,Morning,Medium,Low,Medium,Low,75
80.03,87.86,1.67,37,20,Yes,Normal,Night,High,High,High,Low,30
71.12,64.44,6.63,72,4,Yes,Normal,Evening,Medium,Medium,Medium,Medium,55
77.65,94.92,6.88,90,16,No,Confined Space,Evening,Medium,High,High,Medium,55
20.69,69.49,9.57,69,15,Yes,Normal,Evening,Low,Medium,Low,High,60
10.22,36.8,5.93,63,19,No,Normal,Evening,Low,Low,Low,Medium,90
66.97,42.14,7.12,31,2,No,Confined Space,Morning,Medium,Low,Medium,Medium,75
10.34,49.93,8.75,67,30,No,Hot Work,Night,Low,Low,Low,High,60
80.5,50.94,3.32,87,23,No,Hot Work,Night,Medium,Low,High,Low,50
53.56,80.68,4.68,77,30,No,Confined Space,Night,Low,High,Medium,Low,60
39.48,56.29,2.09,32,5,Yes,Normal,Night,Low,Low,Low,Low,80
26.61,38.5,1.02,56,18,Yes,Hot Work,Night,Low,Low,Low,Low,80
32.3,69.34,3.43,77,23,No,Normal,Morning,Low,Medium,Low,Low,80
69.84,41.41,8.26,37,10,Yes,Normal,Morning,Medium,Low,Medium,High,55
3.47,48.82,3.19,27,7,No,Confined Space,Night,Low,Low,Low,Low,90
29.83,48.97,3.37,76,11,Yes,Confined Space,Morning,Low,Low,Low,Low,90
87.68,37.41,4.83,22,22,Yes,Hot Work,Morning,Medium,Low,High,Low,50
16.59,39.61,8.78,58,20,No,Hot Work,Night,Low,Low,Low,High,70
92.53,89.51,8.73,86,29,No,Confined Space,Night,High,High,High,High,10
7.37,37.84,2.16,75,29,No,Hot Work,Morning,Low,Low,Low,Low,90
62.42,28.34,7.32,71,11,Yes,Hot Work,Night,Medium,Low,Medium,Medium,55
33.81,70.92,7.75,65,4,Yes,Hot Work,Evening,Low,Medium,Low,Medium,70
10.49,34.9,2.86,51,13,No,Normal,Evening,Low,Low,Low,Low,100
48.58,89.32,4.46,47,12,No,Hot Work,Morning,Low,High,Low,Low,80
57.8,96.83,4.07,68,21,No,Normal,Night,Low,High,Medium,Low,60
63.05,28.89,6.06,33,29,No,Hot Work,Morning,Medium,Low,Medium,Medium,65
12.15,29.15,5.34,35,20,No,Confined Space,Morning,Low,Low,Low,Medium,90
86.01,57.02,3.35,89,30,Yes,Confined Space,Night,Medium,Low,High,Low,40
48.19,45.13,2.81,24,14,Yes,Confined Space,Night,Low,Low,Low,Low,80
60.1,59.81,9.88,30,3,Yes,Confined Space,Night,Medium,Low,Medium,High,45
78.12,85.46,9.88,23,13,Yes,Normal,Morning,Medium,High,High,High,35
89.04,69.67,6.76,68,23,Yes,Hot Work,Morning,Medium,Medium,High,Medium,30
35.52,64.23,1.1,56,20,No,Hot Work,Morning,Low,Medium,Low,Low,90
10.93,80.22,5.99,70,6,Yes,Normal,Evening,Low,High,Low,Medium,60
36.29,96.04,1.32,21,27,No,Normal,Morning,Low,High,Low,Low,70
38.54,47.34,6.63,44,2,Yes,Confined Space,Evening,Low,Low,Low,Medium,80
88.36,27.78,3.42,40,21,Yes,Confined Space,Evening,Medium,Low,High,Low,50
96.51,39.67,5.19,88,18,No,Hot Work,Morning,Medium,Low,High,Medium,60
95.79,45.5,1.84,26,13,Yes,Confined Space,Morning,Medium,Low,High,Low,60
87.97,41.43,4.32,55,3,Yes,Confined Space,Evening,Medium,Low,High,Low,60
17.7,36.82,6.48,35,13,Yes,Confined Space,Night,Low,Low,Low,Medium,70
95.88,69.19,8.23,89,10,Yes,Hot Work,Night,Medium,Medium,High,High,20
77.17,42.3,7.87,80,16,Yes,Confined Space,Night,Medium,Low,High,Medium,55
24.81,27.22,1.74,54,24,No,Hot Work,Evening,Low,Low,Low,Low,90
84.91,27.88,4.65,65,18,No,Hot Work,Evening,Medium,Low,High,Low,70
13.9,82.46,3.64,32,26,Yes,Normal,Night,Low,High,Low,Low,50
17.75,73.79,5.68,36,30,Yes,Hot Work,Night,Low,Medium,Low,Medium,50
22.26,80.67,1.25,24,23,Yes,Hot Work,Evening,Low,High,Low,Low,60
9.78,94.4,9.38,20,17,Yes,Normal,Night,Low,High,Low,High,40
35.85,66.47,4.86,25,28,Yes,Normal,Evening,Low,Medium,Low,Low,70
40.67,62.73,1.78,36,13,No,Normal,Morning,Low,Medium,Low,Low,90
89.65,37.75,5.15,45,29,Yes,Normal,Evening,Medium,Low,High,Medium,40
56.61,62.17,5.39,63,5,Yes,Normal,Evening,Low,Medium,Medium,Medium,70
22.38,78.6,9.65,24,17,Yes,Confined Space,Night,Low,Medium,Low,High,50
92.01,85.35,2.1,53,25,No,Hot Work,Morning,High,High,High,Low,40
23.65,33.89,6.75,38,3,Yes,Normal,Evening,Low,Low,Low,Medium,80
91.58,64.13,9.2,49,28,No,Hot Work,Morning,Medium,Medium,High,High,30
65.19,97.7,4.52,45,29,No,Normal,Morning,Medium,High,Medium,Low,55
99.79,51.12,5.97,71,27,Yes,Confined Space,Night,Medium,Low,High,Medium,30
59.3,91.05,1.83,61,23,Yes,Hot Work,Evening,Low,High,Medium,Low,60
71.89,89.02,2.97,77,12,No,Confined Space,Morning,Medium,High,Medium,Low,65
88.8,30.57,3.31,65,27,No,Normal,Night,Medium,Low,High,Low,50
75.34,62.96,2.96,89,6,Yes,Confined Space,Morning,Medium,Medium,High,Low,65
29.9,94.01,6.34,53,24,No,Hot Work,Evening,Low,High,Low,Medium,60
31.57,27.99,5.17,82,10,Yes,Hot Work,Night,Low,Low,Low,Medium,70
97.19,30.3,5.51,26,20,No,Normal,Morning,Medium,Low,High,Medium,60
14.16,84.67,3.15,39,1,Yes,Normal,Morning,Low,High,Low,Low,70
23.45,48.94,4.86,76,25,No,Confined Space,Night,Low,Low,Low,Low,80
45.38,96.75,3.61,30,7,No,Confined Space,Night,Low,High,Low,Low,70
21.79,83.68,5.28,86,6,Yes,Hot Work,Night,Low,High,Low,Medium,50
82.97,45.9,6.89,46,27,No,Confined Space,Morning,Medium,Low,High,Medium,50
19.6,78.49,1.81,72,12,Yes,Confined Space,Morning,Low,Medium,Low,Low,80
26.82,30.47,5.86,40,28,Yes,Hot Work,Evening,Low,Low,Low,Medium,70
17.89,87.75,1.3,63,16,No,Confined Space,Morning,Low,High,Low,Low,80
99.8,84.46,4.37,56,23,Yes,Confined Space,Evening,High,High,High,Low,30
90.5,54.34,3.45,26,21,No,Confined Space,Night,Medium,Low,High,Low,50
13.4,26.58,6.32,38,10,No,Normal,Morning,Low,Low,Low,Medium,90
64.81,44.85,3.2,89,27,Yes,Normal,Morning,Medium,Low,Medium,Low,65
92.64,22.99,6.09,84,28,No,Hot Work,Evening,Medium,Low,High,Medium,50
23.15,64.54,6.17,79,16,No,Normal,Night,Low,Medium,Low,Medium,70
45.3,71.0,4.21,89,5,Yes,Confined Space,Morning,Low,Medium,Low,Low,80
72.11,34.97,5.7,24,8,Yes,Normal,Night,Medium,Low,Medium,Medium,55
10.4,52.5,3.99,52,20,Yes,Confined Space,Night,Low,Low,Low,Low,80
85.09,69.55,5.4,74,26,Yes,Hot Work,Night,Medium,Medium,High,Medium,20
74.86,50.32,1.44,36,3,No,Normal,Morning,Medium,Low,Medium,Low,85
71.92,51.15,4.82,85,4,Yes,Hot Work,Night,Medium,Low,Medium,Low,65
78.76,73.78,1.62,34,10,Yes,Confined Space,Night,Medium,Medium,High,Low,55
52.31,73.01,5.17,77,1,No,Hot Work,Morning,Low,Medium,Medium,Medium,80
17.17,52.93,5.15,78,23,Yes,Confined Space,Morning,Low,Low,Low,Medium,70
70.52,62.67,9.48,22,7,No,Hot Work,Night,Medium,Medium,Medium,High,45
4.5,60.53,5.61,79,7,Yes,Hot Work,Morning,Low,Medium,Low,Medium,70
65.91,25.36,1.36,78,11,No,Hot Work,Evening,Medium,Low,Medium,Low,85
11.04,45.55,9.6,57,3,Yes,Hot Work,Evening,Low,Low,Low,High,70
94.44,60.33,4.78,58,16,No,Hot Work,Evening,Medium,Medium,High,Low,60
32.94,66.92,7.86,63,8,No,Normal,Night,Low,Medium,Low,Medium,70
57.83,33.43,7.44,52,30,Yes,Hot Work,Morning,Low,Low,Medium,Medium,70
10.32,61.2,7.62,36,19,Yes,Confined Space,Night,Low,Medium,Low,Medium,60
0.04,98.86,5.66,76,9,No,Hot Work,Night,Low,High,Low,Medium,60
21.63,38.16,1.56,20,18,No,Normal,Evening,Low,Low,Low,Low,100
46.04,83.16,1.29,85,8,Yes,Normal,Night,Low,High,Low,Low,60
65.78,50.9,9.35,63,9,No,Normal,Night,Medium,Low,Medium,High,55
53.64,37.8,1.72,41,6,Yes,Hot Work,Morning,Low,Low,Medium,Low,90
74.41,63.65,1.88,34,6,Yes,Hot Work,Evening,Medium,Medium,Medium,Low,65
9.76,83.48,4.8,47,15,Yes,Confined Space,Morning,Low,High,Low,Low,70
89.63,38.63,1.42,36,16,No,Confined Space,Night,Medium,Low,High,Low,60
81.77,93.72,3.38,23,6,No,Hot Work,Morning,High,High,High,Low,50
41.8,97.62,6.49,74,6,Yes,Confined Space,Night,Low,High,Low,Medium,50
69.86,43.43,5.9,84,4,No,Confined Space,Morning,Medium,Low,Medium,Medium,75
3.92,58.46,9.36,21,30,No,Confined Space,Evening,Low,Low,Low,High,70
7.2,37.67,8.63,86,4,No,Hot Work,Evening,Low,Low,Low,High,80
35.81,89.54,7.42,27,5,Yes,Confined Space,Night,Low,High,Low,Medium,50
31.92,92.12,8.71,50,10,Yes,Hot Work,Night,Low,High,Low,High,40
11.49,24.11,6.95,44,21,Yes,Normal,Evening,Low,Low,Low,Medium,70
17.46,41.75,9.1,32,26,No,Hot Work,Night,Low,Low,Low,High,60
51.17,57.33,7.18,59,8,Yes,Confined Space,Night,Low,Low,Medium,Medium,70
2.19,32.1,3.57,23,30,Yes,Hot Work,Night,Low,Low,Low,Low,70
5.15,42.01,2.86,29,13,Yes,Hot Work,Evening,Low,Low,Low,Low,90
2.35,66.91,4.16,57,2,Yes,Confined Space,Night,Low,Medium,Low,Low,70
74.7,35.56,5.04,35,1,No,Hot Work,Morning,Medium,Low,Medium,Medium,75
15.42,21.28,3.6,89,10,No,Confined Space,Morning,Low,Low,Low,Low,100
5.42,56.03,2.72,74,13,No,Confined Space,Evening,Low,Low,Low,Low,100
88.1,87.92,4.13,42,22,No,Normal,Night,High,High,High,Low,30
22.64,92.36,8.56,80,30,No,Normal,Evening,Low,High,Low,High,50
84.5,20.14,4.62,63,15,No,Normal,Morning,Medium,Low,High,Low,70
23.46,88.49,4.43,35,18,No,Confined Space,Morning,Low,High,Low,Low,80
0.11,98.89,9.41,49,11,Yes,Normal,Morning,Low,High,Low,High,50
78.61,53.4,3.9,60,18,Yes,Confined Space,Night,Medium,Low,High,Low,65
93.42,84.78,4.26,76,29,No,Hot Work,Night,High,High,High,Low,30
0.63,95.95,1.01,86,28,No,Confined Space,Evening,Low,High,Low,Low,70
49.73,91.87,9.45,62,1,No,Normal,Night,Low,High,Low,High,50
92.93,27.61,9.1,86,29,Yes,Normal,Evening,Medium,Low,High,High,30
96.41,76.38,4.12,36,6,No,Normal,Morning,High,Medium,High,Low,60
15.79,97.0,1.88,82,26,No,Confined Space,Night,Low,High,Low,Low,60
32.91,24.79,7.28,67,4,Yes,Normal,Morning,Low,Low,Low,Medium,80
24.31,55.35,9.93,56,21,Yes,Hot Work,Morning,Low,Low,Low,High,60
39.79,66.55,6.46,75,17,Yes,Hot Work,Evening,Low,Medium,Low,Medium,70
80.5,99.52,4.22,29,28,Yes,Confined Space,Night,High,High,High,Low,20
34.07,30.8,1.69,83,11,Yes,Hot Work,Evening,Low,Low,Low,Low,90
8.77,25.28,6.75,79,27,No,Normal,Evening,Low,Low,Low,Medium,80
8.98,21.84,4.07,66,15,No,Normal,Morning,Low,Low,Low,Low,100
9.44,37.67,3.6,40,18,No,Hot Work,Evening,Low,Low,Low,Low,100
64.67,25.16,7.26,89,22,No,Confined Space,Evening,Medium,Low,Medium,Medium,65
56.42,60.44,9.27,51,2,No,Hot Work,Morning,Low,Medium,Medium,High,70
27.04,97.69,8.09,46,9,No,Confined Space,Evening,Low,High,Low,High,60
43.75,67.39,1.24,70,8,No,Normal,Morning,Low,Medium,Low,Low,90
56.22,77.92,2.42,50,16,No,Hot Work,Morning,Low,Medium,Medium,Low,90
25.61,30.12,7.8,66,30,No,Normal,Night,Low,Low,Low,Medium,70
90.09,43.84,4.72,46,25,No,Confined Space,Evening,Medium,Low,High,Low,60
77.58,97.86,8.12,21,20,No,Hot Work,Evening,Medium,High,High,High,45
86.1,63.38,5.38,76,16,No,Confined Space,Night,Medium,Medium,High,Medium,40
45.57,85.15,8.99,45,17,Yes,Hot Work,Evening,Low,High,Low,High,50
54.25,62.39,3.87,30,22,Yes,Confined Space,Morning,Low,Medium,Medium,Low,70
74.88,88.06,7.76,71,29,No,Confined Space,Morning,Medium,High,Medium,Medium,45
76.77,36.65,2.41,22,3,Yes,Confined Space,Night,Medium,Low,High,Low,65
52.3,97.13,8.0,66,11,Yes,Normal,Morning,Low,High,Medium,Medium,60
8.63,98.77,4.12,35,20,No,Normal,Night,Low,High,Low,Low,70
26.84,26.73,5.71,86,5,No,Confined Space,Night,Low,Low,Low,Medium,80
26.06,83.38,7.07,81,12,Yes,Normal,Night,Low,High,Low,Medium,50
26.56,22.41,6.19,40,24,No,Confined Space,Evening,Low,Low,Low,Medium,80
58.42,47.21,3.99,67,11,Yes,Confined Space,Morning,Low,Low,Medium,Low,90
15.91,64.41,6.53,41,7,Yes,Confined Space,Morning,Low,Medium,Low,Medium,70
67.7,75.68,4.89,72,14,No,Confined Space,Night,Medium,Medium,Medium,Low,65
32.18,47.69,8.44,81,22,Yes,Confined Space,Morning,Low,Low,Low,High,60
56.16,41.16,4.26,24,13,No,Normal,Evening,Low,Low,Medium,Low,100
31.32,92.81,8.36,61,24,No,Normal,Evening,Low,High,Low,High,50
5.83,87.38,1.74,86,24,No,Hot Work,Evening,Low,High,Low,Low,70
50.54,70.71,9.74,78,17,Yes,Confined Space,Night,Low,Medium,Medium,High,50
84.49,55.37,2.89,59,13,No,Confined Space,Night,Medium,Low,High,Low,60
53.07,52.94,8.61,86,3,No,Hot Work,Night,Low,Low,Medium,High,70
58.85,65.44,3.14,73,21,No,Normal,Morning,Low,Medium,Medium,Low,80
72.49,24.97,8.5,46,2,Yes,Normal,Morning,Medium,Low,Medium,High,55
0.71,56.16,8.04,80,26,Yes,Hot Work,Evening,Low,Low,Low,High,60
80.85,43.3,8.88,41,1,Yes,Hot Work,Night,Medium,Low,High,High,30
35.58,55.4,1.78,39,21,No,Confined Space,Night,Low,Low,Low,Low,80
35.22,70.44,1.08,57,2,Yes,Normal,Evening,Low,Medium,Low,Low,80
50.84,71.24,5.34,31,13,Yes,Hot Work,Morning,Low,Medium,Medium,Medium,70
89.97,79.45,2.3,89,16,No,Hot Work,Night,High,Medium,High,Low,50
24.93,50.62,5.94,71,3,No,Hot Work,Morning,Low,Low,Low,Medium,90
50.39,99.14,3.78,80,11,Yes,Confined Space,Night,Low,High,Medium,Low,60
67.7,60.43,3.27,23,8,No,Confined Space,Morning,Medium,Medium,Medium,Low,75
62.55,86.71,9.29,57,28,No,Hot Work,Morning,Medium,High,Medium,High,35
18.95,86.51,7.82,27,28,Yes,Hot Work,Evening,Low,High,Low,Medium,50
7.75,28.87,1.26,67,30,No,Confined Space,Morning,Low,Low,Low,Low,90
68.28,40.23,2.6,33,10,No,Hot Work,Morning,Medium,Low,Medium,Low,85
22.3,39.67,5.71,87,4,Yes,Normal,Night,Low,Low,Low,Medium,70
5.65,35.38,9.78,21,8,Yes,Hot Work,Morning,Low,Low,Low,High,70
57.33,38.15,4.58,22,6,No,Hot Work,Night,Low,Low,Medium,Low,90
85.48,86.06,5.42,49,19,Yes,Confined Space,Morning,High,High,High,Medium,30
15.32,54.07,9.63,60,30,Yes,Normal,Morning,Low,Low,Low,High,60
60.21,26.36,3.22,73,2,No,Normal,Morning,Medium,Low,Medium,Low,85
84.19,21.73,8.12,77,29,Yes,Hot Work,Morning,Medium,Low,High,High,30
70.22,86.52,9.45,34,23,No,Hot Work,Morning,Medium,High,Medium,High,35
62.25,25.83,4.96,20,4,Yes,Hot Work,Evening,Medium,Low,Medium,Low,75
10.67,69.5,2.83,49,27,No,Hot Work,Night,Low,Medium,Low,Low,70
16.83,85.94,8.89,84,26,Yes,Confined Space,Morning,Low,High,Low,High,40
87.33,40.67,9.42,49,29,Yes,Confined Space,Morning,Medium,Low,High,High,30
89.47,49.38,7.44,37,20,Yes,Normal,Evening,Medium,Low,High,Medium,50
91.06,70.63,5.44,79,7,Yes,Confined Space,Morning,High,Medium,High,Medium,40
49.71,59.65,1.32,20,28,No,Normal,Evening,Low,Low,Low,Low,90
32.74,85.05,2.28,62,15,Yes,Confined Space,Night,Low,High,Low,Low,60
19.54,54.99,1.89,70,21,Yes,Hot Work,Night,Low,Low,Low,Low,70
33.33,24.91,3.79,66,1,No,Confined Space,Morning,Low,Low,Low,Low,100
85.62,82.43,9.58,27,12,No,Hot Work,Morning,High,High,High,High,30
32.04,99.8,6.93,54,17,Yes,Normal,Night,Low,High,Low,Medium,50
67.85,62.3,7.97,47,12,No,Hot Work,Night,Medium,Medium,Medium,Medium,55
29.18,95.4,7.14,50,11,Yes,Hot Work,Evening,Low,High,Low,Medium,60
80.19,45.54,4.0,52,14,Yes,Normal,Morning,Medium,Low,High,Low,60
54.66,21.9,8.21,20,18,Yes,Normal,Morning,Low,Low,Medium,High,70
55.95,32.97,6.51,44,15,Yes,Hot Work,Night,Low,Low,Medium,Medium,70
68.72,62.44,3.94,56,29,Yes,Hot Work,Night,Medium,Medium,Medium,Low,45
53.63,84.11,3.85,22,11,No,Hot Work,Evening,Low,High,Medium,Low,80
39.57,61.55,7.29,46,13,Yes,Normal,Evening,Low,Medium,Low,Medium,70
83.9,47.97,4.61,36,2,No,Confined Space,Morning,Medium,Low,High,Low,70
85.95,94.37,6.72,56,14,Yes,Normal,Morning,High,High,High,Medium,30
75.9,30.08,5.95,61,29,No,Hot Work,Night,Medium,Low,High,Medium,55
67.96,53.96,2.3,20,12,No,Hot Work,Morning,Medium,Low,Medium,Low,85
71.7,24.81,7.58,26,27,No,Normal,Morning,Medium,Low,Medium,Medium,65
17.89,30.36,9.82,69,24,Yes,Normal,Morning,Low,Low,Low,High,60
65.97,61.61,1.51,26,18,Yes,Hot Work,Evening,Medium,Medium,Medium,Low,65
77.41,57.56,9.67,86,20,No,Normal,Morning,Medium,Low,High,High,65
14.33,44.4,3.84,54,11,No,Confined Space,Evening,Low,Low,Low,Low,100
68.5,28.27,8.16,60,6,No,Normal,Morning,Medium,Low,Medium,High,65
16.75,60.11,2.69,89,19,Yes,Normal,Evening,Low,Medium,Low,Low,80
16.82,63.08,3.55,28,1,Yes,Hot Work,Evening,Low,Medium,Low,Low,80
75.78,91.97,4.57,74,4,Yes,Confined Space,Morning,Medium,High,High,Low,55
65.89,24.67,4.07,76,10,Yes,Confined Space,Evening,Medium,Low,Medium,Low,75
37.44,92.42,5.19,50,4,Yes,Hot Work,Evening,Low,High,Low,Medium,60
24.21,67.4,4.79,29,10,No,Normal,Night,Low,Medium,Low,Low,80
27.78,33.34,5.58,74,23,No,Hot Work,Evening,Low,Low,Low,Medium,80
85.24,57.36,7.39,82,4,Yes,Normal,Evening,Medium,Low,High,Medium,50
10.12,47.68,9.88,23,9,No,Confined Space,Morning,Low,Low,Low,High,80
70.65,42.79,4.29,79,7,No,Confined Space,Morning,Medium,Low,Medium,Low,85
99.6,23.94,1.95,57,10,No,Normal,Morning,Medium,Low,High,Low,70
82.24,93.76,4.13,32,24,No,Hot Work,Evening,High,High,High,Low,40
14.94,88.11,1.77,70,9,Yes,Normal,Night,Low,High,Low,Low,60
29.8,68.38,6.36,27,14,Yes,Confined Space,Morning,Low,Medium,Low,Medium,70
45.96,47.76,9.31,71,30,Yes,Hot Work,Morning,Low,Low,Low,High,60
50.36,41.25,6.87,27,1,No,Normal,Evening,Low,Low,Medium,Medium,90
66.82,34.17,9.36,88,11,No,Hot Work,Night,Medium,Low,Medium,High,55
59.84,80.61,2.33,57,4,Yes,Normal,Morning,Low,High,Medium,Low,70
59.12,32.68,8.31,53,7,Yes,Hot Work,Evening,Low,Low,Medium,High,70
88.15,82.03,2.29,47,29,Yes,Normal,Morning,High,High,High,Low,30
29.52,71.09,2.21,46,6,No,Confined Space,Night,Low,Medium,Low,Low,80
5.86,78.0,6.3,28,9,Yes,Normal,Morning,Low,Medium,Low,Medium,70
16.19,33.57,1.95,86,26,No,Confined Space,Evening,Low,Low,Low,Low,90
35.32,91.62,6.97,41,13,Yes,Normal,Morning,Low,High,Low,Medium,60
57.68,70.83,7.97,23,24,No,Hot Work,Night,Low,Medium,Medium,Medium,60
96.33,74.29,1.77,73,11,Yes,Hot Work,Morning,High,Medium,High,Low,50
12.49,37.8,5.65,84,15,Yes,Confined Space,Night,Low,Low,Low,Medium,70
59.71,20.85,7.81,21,10,Yes,Confined Space,Evening,Low,Low,Medium,Medium,80
88.77,89.02,9.41,22,2,Yes,Hot Work,Morning,High,High,High,High,20
48.96,49.11,1.01,89,11,No,Hot Work,Morning,Low,Low,Low,Low,100
7.8,32.81,1.61,39,11,Yes,Normal,Night,Low,Low,Low,Low,80
76.91,57.72,7.96,78,6,No,Confined Space,Night,Medium,Low,High,Medium,65
57.63,78.3,8.65,81,12,Yes,Hot Work,Night,Low,Medium,Medium,High,50
49.53,61.41,5.33,68,1,Yes,Confined Space,Evening,Low,Medium,Low,Medium,70
28.99,52.53,4.97,75,19,Yes,Confined Space,Night,Low,Low,Low,Low,80
89.81,69.67,9.2,53,10,No,Hot Work,Morning,Medium,Medium,High,High,40
57.93,54.25,7.8,86,19,No,Hot Work,Night,Low,Low,Medium,Medium,80
98.04,23.67,5.88,77,4,No,Normal,Night,Medium,Low,High,Medium,50
14.9,23.38,1.92,82,24,Yes,Confined Space,Morning,Low,Low,Low,Low,80
28.38,21.29,1.12,53,26,No,Hot Work,Morning,Low,Low,Low,Low,90
64.28,35.21,3.74,26,1,No,Normal,Evening,Medium,Low,Medium,Low,85
59.92,78.05,7.23,38,11,No,Confined Space,Morning,Low,Medium,Medium,Medium,80
62.66,76.73,3.31,55,28,Yes,Normal,Night,Medium,Medium,Medium,Low,45
51.15,72.0,1.9,24,9,No,Confined Space,Morning,Low,Medium,Medium,Low,90
45.64,36.13,8.7,70,1,No,Hot Work,Evening,Low,Low,Low,High,80
46.18,21.45,9.09,63,7,Yes,Hot Work,Night,Low,Low,Low,High,60
49.59,91.84,8.29,70,5,Yes,Normal,Evening,Low,High,Low,High,50
16.77,58.23,4.31,20,3,Yes,Normal,Evening,Low,Low,Low,Low,90
59.39,77.24,1.56,64,29,No,Normal,Morning,Low,Medium,Medium,Low,80
76.46,62.08,8.6,41,4,Yes,Hot Work,Night,Medium,Medium,High,High,35
46.33,43.18,2.86,81,14,No,Hot Work,Evening,Low,Low,Low,Low,100
94.77,56.71,6.83,40,20,Yes,Confined Space,Night,Medium,Low,High,Medium,40
67.22,36.46,5.36,22,24,Yes,Confined Space,Morning,Medium,Low,Medium,Medium,55
86.96,21.99,4.84,34,1,Yes,Normal,Night,Medium,Low,High,Low,50
47.55,75.16,2.04,46,26,Yes,Hot Work,Evening,Low,Medium,Low,Low,70
27.59,64.91,6.6,54,10,No,Hot Work,Night,Low,Medium,Low,Medium,70
90.06,25.4,4.06,55,12,Yes,Confined Space,Morning,Medium,Low,High,Low,60
78.72,73.68,6.56,68,17,Yes,Hot Work,Morning,Medium,Medium,High,Medium,55
60.03,41.15,7.42,77,1,No,Hot Work,Night,Medium,Low,Medium,Medium,65
50.98,39.46,9.03,76,14,No,Confined Space,Evening,Low,Low,Medium,High,80
71.14,28.67,2.68,41,7,No,Normal,Evening,Medium,Low,Medium,Low,85
95.96,73.75,8.31,58,28,No,Hot Work,Morning,High,Medium,High,High,30
71.79,77.46,7.08,44,17,Yes,Confined Space,Evening,Medium,Medium,Medium,Medium,55
55.25,60.78,1.88,57,12,No,Hot Work,Evening,Low,Medium,Medium,Low,90
57.19,60.22,6.61,26,23,Yes,Hot Work,Morning,Low,Medium,Medium,Medium,60
88.25,96.72,7.53,34,8,No,Hot Work,Evening,High,High,High,Medium,40
8.44,81.92,9.63,42,7,No,Confined Space,Night,Low,High,Low,High,50
70.58,86.83,1.2,45,16,Yes,Normal,Morning,Medium,High,Medium,Low,55
71.79,22.68,3.8,78,29,No,Hot Work,Evening,Medium,Low,Medium,Low,75
51.95,70.61,2.47,28,27,Yes,Normal,Morning,Low,Medium,Medium,Low,70
67.49,42.87,8.39,49,29,Yes,Confined Space,Night,Medium,Low,Medium,High,35
5.04,75.98,7.57,63,14,Yes,Normal,Morning,Low,Medium,Low,Medium,70
41.24,67.57,6.26,90,18,Yes,Hot Work,Morning,Low,Medium,Low,Medium,70
96.88,55.88,3.52,28,22,No,Hot Work,Morning,Medium,Low,High,Low,60
64.63,54.86,3.85,24,17,No,Confined Space,Night,Medium,Low,Medium,Low,75
68.49,39.02,7.17,25,4,No,Hot Work,Morning,Medium,Low,Medium,Medium,75
26.84,58.83,8.56,21,4,No,Confined Space,Morning,Low,Low,Low,High,80
42.71,54.19,7.02,75,4,Yes,Normal,Night,Low,Low,Low,Medium,70
7.5,84.63,2.19,28,11,No,Confined Space,Evening,Low,High,Low,Low,80
27.76,80.92,9.46,53,9,No,Hot Work,Morning,Low,High,Low,High,60
38.18,72.2,7.01,30,5,Yes,Hot Work,Evening,Low,Medium,Low,Medium,70
85.63,49.54,5.24,87,17,Yes,Normal,Evening,Medium,Low,High,Medium,50
8.59,26.04,4.4,28,30,No,Confined Space,Evening,Low,Low,Low,Low,90
51.13,83.36,5.8,26,14,Yes,Confined Space,Morning,Low,High,Medium,Medium,60
19.03,68.82,9.81,70,6,No,Normal,Night,Low,Medium,Low,High,60
28.54,32.12,6.46,76,27,No,Confined Space,Night,Low,Low,Low,Medium,70
5.49,44.42,9.64,30,23,Yes,Hot Work,Night,Low,Low,Low,High,50
35.95,41.58,3.95,80,3,No,Confined Space,Morning,Low,Low,Low,Low,100
55.67,27.57,1.7,47,14,No,Hot Work,Evening,Low,Low,Medium,Low,100
4.77,84.83,6.07,21,2,Yes,Hot Work,Morning,Low,High,Low,Medium,60
64.05,29.87,5.66,49,8,Yes,Confined Space,Morning,Medium,Low,Medium,Medium,65
76.23,26.2,2.59,78,20,No,Hot Work,Morning,Medium,Low,High,Low,85
73.38,62.29,5.81,36,24,Yes,Confined Space,Morning,Medium,Medium,Medium,Medium,45
28.11,51.42,8.22,27,24,Yes,Confined Space,Night,Low,Low,Low,High,50
82.48,28.03,9.17,51,2,Yes,Hot Work,Evening,Medium,Low,High,High,40
56.41,87.01,7.21,73,28,Yes,Hot Work,Morning,Low,High,Medium,Medium,50
71.87,48.54,7.84,51,21,No,Confined Space,Night,Medium,Low,Medium,Medium,55
96.75,69.29,1.77,42,23,Yes,Confined Space,Evening,Medium,Medium,High,Low,40
57.33,42.71,4.6,78,25,Yes,Confined Space,Evening,Low,Low,Medium,Low,80
81.58,92.61,9.46,86,27,No,Hot Work,Night,High,High,High,High,10
14.0,32.94,1.23,84,30,No,Confined Space,Night,Low,Low,Low,Low,80
42.32,30.44,4.98,52,23,No,Hot Work,Evening,Low,Low,Low,Low,90
75.3,25.69,3.59,30,15,No,Confined Space,Evening,Medium,Low,High,Low,85
86.57,59.04,5.77,43,29,Yes,Confined Space,Morning,Medium,Low,High,Medium,40
93.88,98.82,1.17,38,29,No,Confined Space,Night,High,High,High,Low,30
29.21,87.8,1.53,46,26,Yes,Normal,Evening,Low,High,Low,Low,60
49.78,70.64,4.5,82,26,Yes,Hot Work,Night,Low,Medium,Low,Low,60
90.13,56.84,4.36,80,6,No,Confined Space,Morning,Medium,Low,High,Low,70
10.97,27.29,3.37,31,27,No,Confined Space,Evening,Low,Low,Low,Low,90
61.78,78.26,2.48,43,28,Yes,Hot Work,Night,Medium,Medium,Medium,Low,45
49.62,95.69,2.62,68,1,Yes,Confined Space,Morning,Low,High,Low,Low,70
76.46,34.0,2.42,50,13,No,Normal,Evening,Medium,Low,High,Low,85
4.34,60.91,8.49,50,21,No,Normal,Night,Low,Medium,Low,High,50
82.74,38.01,9.76,62,3,Yes,Normal,Evening,Medium,Low,High,High,40
86.72,85.8,1.12,38,28,Yes,Normal,Morning,High,High,High,Low,30
15.81,45.49,6.69,78,20,Yes,Hot Work,Night,Low,Low,Low,Medium,70
35.44,79.55,9.24,88,16,No,Hot Work,Night,Low,Medium,Low,High,60
52.71,49.98,8.69,33,13,Yes,Confined Space,Evening,Low,Low,Medium,High,70
70.56,27.38,7.61,59,26,Yes,Normal,Night,Medium,Low,Medium,Medium,45
45.02,25.72,9.56,43,8,Yes,Normal,Evening,Low,Low,Low,High,70
57.58,80.85,2.33,24,27,No,Normal,Evening,Low,High,Medium,Low,70
13.71,69.32,2.86,46,21,No,Hot Work,Morning,Low,Medium,Low,Low,80
14.28,50.59,8.94,83,8,Yes,Confined Space,Night,Low,Low,Low,High,60
5.34,21.86,2.42,47,5,No,Confined Space,Night,Low,Low,Low,Low,90
85.3,92.38,3.22,20,1,Yes,Hot Work,Night,High,High,High,Low,30
89.01,24.39,8.1,64,8,Yes,Normal,Morning,Medium,Low,High,High,40
92.2,29.67,6.84,51,22,No,Normal,Evening,Medium,Low,High,Medium,50
65.3,61.15,3.92,41,2,Yes,Normal,Evening,Medium,Medium,Medium,Low,65
15.75,65.67,1.68,86,14,Yes,Normal,Evening,Low,Medium,Low,Low,80
66.66,54.0,6.13,31,16,No,Normal,Evening,Medium,Low,Medium,Medium,75
50.08,42.66,6.81,47,16,Yes,Hot Work,Evening,Low,Low,Medium,Medium,80
33.34,55.37,6.16,44,1,Yes,Confined Space,Evening,Low,Low,Low,Medium,80
93.57,68.67,9.47,85,3,Yes,Hot Work,Night,Medium,Medium,High,High,20
90.41,54.42,1.33,89,23,No,Confined Space,Night,Medium,Low,High,Low,50
88.03,38.15,6.11,54,6,No,Confined Space,Night,Medium,Low,High,Medium,50
10.83,28.63,9.56,73,19,No,Normal,Evening,Low,Low,Low,High,80
64.64,85.02,4.01,78,29,No,Hot Work,Night,Medium,High,Medium,Low,45
17.21,80.99,3.18,23,19,Yes,Hot Work,Morning,Low,High,Low,Low,70
22.46,97.6,7.03,73,23,No,Normal,Morning,Low,High,Low,Medium,60
9.13,44.13,2.08,25,2,No,Hot Work,Evening,Low,Low,Low,Low,100
43.67,72.79,5.16,54,13,No,Normal,Night,Low,Medium,Low,Medium,70
24.75,58.78,8.36,25,26,Yes,Confined Space,Morning,Low,Low,Low,High,60
21.83,74.61,1.0,65,7,Yes,Hot Work,Morning,Low,Medium,Low,Low,80
4.24,85.57,1.83,36,16,Yes,Hot Work,Night,Low,High,Low,Low,60
50.59,92.66,7.98,35,26,No,Confined Space,Evening,Low,High,Medium,Medium,60
57.38,91.01,4.84,77,23,Yes,Confined Space,Morning,Low,High,Medium,Low,60
41.59,36.89,3.37,49,27,Yes,Confined Space,Evening,Low,Low,Low,Low,80
5.98,75.1,5.23,75,23,No,Confined Space,Morning,Low,Medium,Low,Medium,70
71.24,89.75,5.2,66,12,No,Normal,Night,Medium,High,Medium,Medium,45
61.47,49.1,1.36,62,24,Yes,Normal,Morning,Medium,Low,Medium,Low,65
82.89,22.31,6.25,23,27,Yes,Normal,Morning,Medium,Low,High,Medium,40
83.11,95.57,9.21,22,11,Yes,Confined Space,Night,High,High,High,High,10
47.23,78.55,3.33,84,16,Yes,Normal,Morning,Low,Medium,Low,Low,80
36.66,66.6,8.21,22,1,No,Confined Space,Night,Low,Medium,Low,High,60
73.05,90.51,6.2,65,30,Yes,Hot Work,Morning,Medium,High,Medium,Medium,35
8.8,79.73,5.94,67,10,Yes,Hot Work,Night,Low,Medium,Low,Medium,60
77.63,22.13,1.27,75,9,Yes,Confined Space,Night,Medium,Low,High,Low,65
92.05,82.48,5.83,83,20,No,Confined Space,Morning,High,High,High,Medium,40
85.65,35.56,7.17,65,30,No,Hot Work,Evening,Medium,Low,High,Medium,50
49.88,98.51,2.81,83,22,No,Hot Work,Night,Low,High,Low,Low,60
20.93,22.24,1.87,46,19,No,Hot Work,Evening,Low,Low,Low,Low,100
81.47,23.7,8.8,28,29,Yes,Normal,Evening,Medium,Low,High,High,30
24.25,88.65,3.86,79,25,Yes,Normal,Night,Low,High,Low,Low,50
47.37,96.8,4.38,78,20,Yes,Confined Space,Night,Low,High,Low,Low,60
15.19,25.2,2.74,27,2,Yes,Normal,Evening,Low,Low,Low,Low,90
19.62,73.72,9.27,47,9,No,Hot Work,Evening,Low,Medium,Low,High,70
30.04,45.51,4.42,71,11,Yes,Normal,Evening,Low,Low,Low,Low,90
97.26,79.06,4.09,31,21,No,Confined Space,Night,High,Medium,High,Low,40
7.14,36.53,6.61,88,9,No,Normal,Morning,Low,Low,Low,Medium,90
61.77,62.68,4.45,58,28,No,Confined Space,Night,Medium,Medium,Medium,Low,55
23.63,51.72,4.25,59,2,Yes,Confined Space,Night,Low,Low,Low,Low,80
22.55,85.14,3.81,62,10,No,Normal,Evening,Low,High,Low,Low,80
36.57,55.5,3.15,62,4,Yes,Normal,Morning,Low,Low,Low,Low,90
45.63,97.16,9.76,52,8,No,Normal,Morning,Low,High,Low,High,60
27.57,87.5,8.83,40,4,Yes,Confined Space,Night,Low,High,Low,High,40
28.99,72.34,1.76,54,10,No,Normal,Morning,Low,Medium,Low,Low,90
68.4,77.67,5.23,64,30,Yes,Hot Work,Evening,Medium,Medium,Medium,Medium,45
83.67,39.43,8.82,57,29,No,Normal,Evening,Medium,Low,High,High,40
60.27,77.99,6.44,62,1,No,Hot Work,Evening,Medium,Medium,Medium,Medium,65
48.52,86.02,5.92,41,27,Yes,Hot Work,Morning,Low,High,Low,Medium,50
32.21,26.14,5.63,45,10,Yes,Confined Space,Night,Low,Low,Low,Medium,70
53.83,57.94,9.11,51,17,Yes,Confined Space,Morning,Low,Low,Medium,High,70
37.67,24.83,4.19,81,22,No,Normal,Night,Low,Low,Low,Low,80
81.72,67.05,6.98,42,3,Yes,Hot Work,Morning,Medium,Medium,High,Medium,40
55.54,35.37,3.42,53,24,No,Normal,Morning,Low,Low,Medium,Low,90
26.15,68.67,4.41,43,27,No,Confined Space,Night,Low,Medium,Low,Low,70
19.58,57.46,2.11,52,28,No,Normal,Evening,Low,Low,Low,Low,90
31.06,30.21,5.36,23,18,Yes,Hot Work,Morning,Low,Low,Low,Medium,80
64.14,67.35,4.03,27,24,Yes,Hot Work,Night,Medium,Medium,Medium,Low,45
19.4,39.68,9.31,31,23,Yes,Normal,Morning,Low,Low,Low,High,60
75.58,46.85,5.95,34,12,No,Confined Space,Evening,Medium,Low,High,Medium,75
80.35,44.92,9.07,88,29,No,Hot Work,Morning,Medium,Low,High,High,40
97.82,72.63,2.82,47,19,Yes,Normal,Night,High,Medium,High,Low,40
4.5,71.75,3.68,49,2,Yes,Normal,Evening,Low,Medium,Low,Low,80
55.96,56.46,4.44,52,14,No,Hot Work,Evening,Low,Low,Medium,Low,100
37.06,67.68,4.72,33,16,Yes,Confined Space,Morning,Low,Medium,Low,Low,80
71.71,39.49,7.54,69,30,No,Hot Work,Evening,Medium,Low,Medium,Medium,65
21.28,22.67,7.18,37,8,No,Hot Work,Night,Low,Low,Low,Medium,80
84.53,34.12,3.81,86,10,No,Hot Work,Evening,Medium,Low,High,Low,70
64.93,60.64,7.45,40,19,No,Confined Space,Evening,Medium,Medium,Medium,Medium,65
69.62,76.61,6.29,77,13,No,Hot Work,Evening,Medium,Medium,Medium,Medium,65
22.97,37.79,3.23,25,4,No,Hot Work,Night,Low,Low,Low,Low,90
19.6,62.9,2.18,82,11,No,Normal,Morning,Low,Medium,Low,Low,90
78.43,49.26,3.86,24,28,Yes,Normal,Evening,Medium,Low,High,Low,65
8.2,43.11,3.5,56,18,No,Normal,Evening,Low,Low,Low,Low,100
85.67,90.32,1.57,61,25,No,Confined Space,Night,High,High,High,Low,30
67.58,99.95,1.44,78,16,No,Normal,Morning,Medium,High,Medium,Low,65
5.38,60.41,4.36,54,21,No,Hot Work,Evening,Low,Medium,Low,Low,80
71.24,23.35,5.54,59,11,Yes,Hot Work,Night,Medium,Low,Medium,Medium,55
84.56,78.74,2.46,31,12,Yes,Hot Work,Night,High,Medium,High,Low,40
65.22,82.92,5.04,46,26,Yes,Normal,Morning,Medium,High,Medium,Medium,35
81.41,21.63,8.93,39,4,Yes,Hot Work,Evening,Medium,Low,High,High,40
25.42,58.76,6.57,35,7,No,Hot Work,Night,Low,Low,Low,Medium,80
73.07,40.75,4.38,28,18,No,Confined Space,Evening,Medium,Low,Medium,Low,85
94.8,39.86,8.21,56,28,Yes,Normal,Evening,Medium,Low,High,High,30
79.47,98.05,2.63,79,26,Yes,Normal,Morning,Medium,High,High,Low,45
4.74,99.84,8.31,48,12,Yes,Hot Work,Evening,Low,High,Low,High,50
59.63,51.14,9.01,71,16,No,Normal,Evening,Low,Low,Medium,High,80
69.97,32.52,2.61,41,23,No,Normal,Evening,Medium,Low,Medium,Low,75
55.26,69.95,9.22,44,27,No,Confined Space,Night,Low,Medium,Medium,High,50
68.72,29.27,7.86,88,16,No,Normal,Evening,Medium,Low,Medium,Medium,75
75.3,54.79,3.46,73,1,No,Normal,Evening,Medium,Low,High,Low,85
69.33,32.26,6.68,71,21,No,Hot Work,Night,Medium,Low,Medium,Medium,55
51.83,94.8,2.77,52,24,No,Normal,Morning,Low,High,Medium,Low,70
37.91,63.65,9.56,85,12,No,Hot Work,Morning,Low,Medium,Low,High,70
40.94,71.99,1.34,79,1,No,Confined Space,Morning,Low,Medium,Low,Low,90
50.22,23.19,4.3,31,1,Yes,Normal,Evening,Low,Low,Medium,Low,90
95.58,71.31,4.06,68,2,No,Normal,Night,High,Medium,High,Low,50
97.35,78.92,8.01,87,14,No,Confined Space,Night,High,Medium,High,High,30
63.92,93.3,2.67,53,20,Yes,Normal,Morning,Medium,High,Medium,Low,55
15.88,48.94,1.21,82,17,No,Confined Space,Night,Low,Low,Low,Low,90
57.34,67.77,4.87,39,8,Yes,Normal,Morning,Low,Medium,Medium,Low,80
90.27,29.19,1.51,65,30,Yes,Hot Work,Evening,Medium,Low,High,Low,50
90.43,81.16,9.11,47,25,No,Hot Work,Evening,High,High,High,High,20
96.71,79.42,7.04,89,27,No,Hot Work,Evening,High,Medium,High,Medium,40
85.93,46.38,9.17,23,14,No,Normal,Night,Medium,Low,High,High,40
66.26,62.65,1.56,64,5,No,Normal,Morning,Medium,Medium,Medium,Low,75
33.31,28.29,4.24,81,5,Yes,Normal,Evening,Low,Low,Low,Low,90
4.91,26.31,9.16,52,21,Yes,Normal,Evening,Low,Low,Low,High,60
99.65,75.06,3.25,69,2,No,Normal,Morning,High,Medium,High,Low,60
44.09,63.47,4.96,48,20,No,Confined Space,Morning,Low,Medium,Low,Low,90
90.64,55.92,4.32,72,1,Yes,Normal,Evening,Medium,Low,High,Low,60
83.57,72.96,5.51,73,26,No,Hot Work,Evening,High,Medium,High,Medium,40
52.84,77.03,7.52,43,13,No,Hot Work,Morning,Low,Medium,Medium,Medium,80
20.44,75.58,5.0,76,28,Yes,Normal,Night,Low,Medium,Low,Low,60
61.81,98.83,9.16,81,25,Yes,Hot Work,Night,Medium,High,Medium,High,15
10.16,38.82,4.67,50,8,No,Hot Work,Night,Low,Low,Low,Low,90
10.17,52.36,6.18,26,26,Yes,Confined Space,Evening,Low,Low,Low,Medium,70
71.18,65.6,6.8,47,20,Yes,Normal,Night,Medium,Medium,Medium,Medium,45
79.57,90.64,3.12,90,6,Yes,Confined Space,Evening,Medium,High,High,Low,55
95.07,45.81,4.4,20,22,No,Normal,Morning,Medium,Low,High,Low,60
30.71,91.35,8.4,49,15,Yes,Normal,Night,Low,High,Low,High,40
96.93,82.79,8.92,47,25,No,Normal,Evening,High,High,High,High,20
97.44,57.23,4.22,66,29,No,Confined Space,Night,Medium,Low,High,Low,50
74.96,95.36,5.23,37,15,No,Confined Space,Evening,Medium,High,Medium,Medium,55
69.67,62.75,6.37,72,28,Yes,Confined Space,Morning,Medium,Medium,Medium,Medium,45
17.45,21.3,8.28,57,4,No,Normal,Evening,Low,Low,Low,High,80
26.2,95.99,7.9,62,22,Yes,Hot Work,Evening,Low,High,Low,Medium,50
0.72,79.24,9.95,45,25,No,Normal,Evening,Low,Medium,Low,High,60
7.86,53.78,8.74,45,24,Yes,Hot Work,Morning,Low,Low,Low,High,60
77.85,76.29,9.99,83,25,Yes,Hot Work,Morning,Medium,Medium,High,High,35
28.62,85.87,8.75,32,28,No,Normal,Morning,Low,High,Low,High,50
92.63,44.71,8.98,73,23,Yes,Hot Work,Evening,Medium,Low,High,High,30
81.14,33.59,5.97,90,10,No,Hot Work,Night,Medium,Low,High,Medium,50
17.45,85.64,6.72,72,10,No,Confined Space,Morning,Low,High,Low,Medium,70
43.77,94.54,4.29,32,2,Yes,Hot Work,Evening,Low,High,Low,Low,70
42.45,26.11,3.76,59,13,No,Normal,Morning,Low,Low,Low,Low,100
62.7,38.15,3.74,65,17,No,Confined Space,Morning,Medium,Low,Medium,Low,85
35.24,94.36,9.61,39,16,Yes,Confined Space,Night,Low,High,Low,High,40
51.72,79.12,3.16,86,18,Yes,Confined Space,Morning,Low,Medium,Medium,Low,80
44.23,38.24,7.63,34,6,Yes,Confined Space,Evening,Low,Low,Low,Medium,80
79.3,55.55,9.43,87,4,Yes,Hot Work,Night,Medium,Low,High,High,45
6.43,92.18,5.6,21,26,Yes,Confined Space,Night,Low,High,Low,Medium,40
70.6,58.75,2.77,28,28,No,Hot Work,Night,Medium,Low,Medium,Low,65
49.62,23.73,5.28,90,14,No,Confined Space,Evening,Low,Low,Low,Medium,90
88.04,29.35,4.3,73,27,No,Normal,Evening,Medium,Low,High,Low,60
3.27,38.7,7.83,83,25,No,Normal,Evening,Low,Low,Low,Medium,80
30.7,52.28,3.09,23,29,Yes,Normal,Evening,Low,Low,Low,Low,80
14.31,59.29,3.88,73,4,No,Confined Space,Evening,Low,Low,Low,Low,100
39.95,76.63,7.59,85,2,No,Confined Space,Evening,Low,Medium,Low,Medium,80
12.36,96.11,3.05,55,13,No,Normal,Morning,Low,High,Low,Low,80
69.68,99.72,9.64,39,30,No,Normal,Morning,Medium,High,Medium,High,35
61.37,46.76,3.03,51,23,No,Confined Space,Morning,Medium,Low,Medium,Low,75
38.51,39.08,3.04,30,27,Yes,Confined Space,Morning,Low,Low,Low,Low,80
37.48,60.17,4.98,26,24,No,Normal,Morning,Low,Medium,Low,Low,80
65.88,67.38,9.63,66,2,Yes,Normal,Night,Medium,Medium,Medium,High,35
72.22,62.37,1.25,31,14,Yes,Hot Work,Evening,Medium,Medium,Medium,Low,65
80.25,29.09,5.58,23,21,Yes,Normal,Night,Medium,Low,High,Medium,30
69.79,93.82,5.68,51,13,No,Confined Space,Morning,Medium,High,Medium,Medium,55
17.47,69.02,4.33,80,25,Yes,Hot Work,Night,Low,Medium,Low,Low,60
17.73,61.1,3.37,37,13,No,Hot Work,Evening,Low,Medium,Low,Low,90
58.19,34.73,1.78,85,11,No,Hot Work,Evening,Low,Low,Medium,Low,100
15.12,41.95,9.18,51,30,Yes,Normal,Night,Low,Low,Low,High,50
56.59,95.73,9.32,70,14,No,Hot Work,Morning,Low,High,Medium,High,60
96.55,21.91,4.47,78,2,No,Confined Space,Morning,Medium,Low,High,Low,70
28.0,93.93,3.36,68,24,No,Hot Work,Night,Low,High,Low,Low,60
20.85,32.45,3.13,53,26,No,Hot Work,Morning,Low,Low,Low,Low,90
51.34,59.64,5.78,23,20,No,Hot Work,Evening,Low,Low,Medium,Medium,90
30.95,52.99,5.82,51,17,Yes,Confined Space,Night,Low,Low,Low,Medium,70
37.1,23.59,5.78,43,23,Yes,Hot Work,Evening,Low,Low,Low,Medium,70
36.75,33.3,2.33,62,20,Yes,Confined Space,Morning,Low,Low,Low,Low,90
99.8,74.81,8.06,37,9,No,Hot Work,Evening,High,Medium,High,High,40
49.92,96.85,1.08,20,6,No,Hot Work,Morning,Low,High,Low,Low,80
53.55,58.69,7.67,77,13,No,Normal,Evening,Low,Low,Medium,Medium,90
85.01,83.24,9.9,42,23,Yes,Normal,Evening,High,High,High,High,10
99.18,86.65,2.33,39,10,Yes,Hot Work,Evening,High,High,High,Low,40
69.63,59.79,2.93,49,3,Yes,Hot Work,Evening,Medium,Low,Medium,Low,75
8.92,33.51,7.51,46,9,No,Normal,Night,Low,Low,Low,Medium,80
19.22,53.18,9.83,38,9,No,Confined Space,Morning,Low,Low,Low,High,80
17.63,39.47,3.63,72,12,Yes,Hot Work,Morning,Low,Low,Low,Low,90
18.98,25.07,1.31,36,25,Yes,Normal,Evening,Low,Low,Low,Low,80
5.73,79.08,8.5,29,11,Yes,Hot Work,Night,Low,Medium,Low,High,50
97.98,82.39,3.84,52,5,No,Confined Space,Morning,High,High,High,Low,50
35.99,72.55,7.9,29,30,Yes,Hot Work,Morning,Low,Medium,Low,Medium,60
44.77,50.3,2.37,49,8,No,Confined Space,Evening,Low,Low,Low,Low,100
8.31,66.71,7.11,61,25,Yes,Hot Work,Evening,Low,Medium,Low,Medium,60
35.22,60.08,7.61,46,27,No,Normal,Night,Low,Medium,Low,Medium,60
9.94,86.95,7.55,21,9,No,Normal,Evening,Low,High,Low,Medium,70
85.2,36.93,7.51,68,3,Yes,Hot Work,Night,Medium,Low,High,Medium,40
36.7,41.5,6.0,64,22,No,Confined Space,Night,Low,Low,Low,Medium,70
20.36,67.18,7.7,69,25,Yes,Normal,Night,Low,Medium,Low,Medium,50
13.2,86.35,5.36,59,20,Yes,Hot Work,Night,Low,High,Low,Medium,50
81.96,26.42,4.09,63,29,Yes,Normal,Night,Medium,Low,High,Low,40
77.17,90.51,2.77,72,1,No,Confined Space,Night,Medium,High,High,Low,55
13.95,72.34,7.7,84,8,Yes,Hot Work,Night,Low,Medium,Low,Medium,60
66.94,31.12,5.42,25,27,No,Normal,Night,Medium,Low,Medium,Medium,55
95.39,81.14,3.74,56,25,Yes,Hot Work,Night,High,High,High,Low,20
7.82,71.17,2.37,52,13,Yes,Confined Space,Night,Low,Medium,Low,Low,70
73.7,93.41,9.37,30,1,Yes,Hot Work,Night,Medium,High,Medium,High,25
96.42,69.65,9.2,48,29,Yes,Normal,Night,Medium,Medium,High,High,10
38.25,66.46,2.9,40,6,No,Hot Work,Morning,Low,Medium,Low,Low,90
6.43,44.35,3.08,90,1,Yes,Normal,Morning,Low,Low,Low,Low,90
2.87,88.8,6.41,75,8,No,Confined Space,Evening,Low,High,Low,Medium,70
3.03,45.11,1.61,26,19,No,Confined Space,Morning,Low,Low,Low,Low,100
2.98,21.61,8.58,45,22,No,Hot Work,Morning,Low,Low,Low,High,70
4.27,57.66,2.59,37,23,No,Hot Work,Morning,Low,Low,Low,Low,90
52.95,85.02,7.61,24,11,No,Hot Work,Night,Low,High,Medium,Medium,60
95.22,34.78,3.94,40,27,Yes,Normal,Morning,Medium,Low,High,Low,50
87.14,98.68,7.94,64,22,No,Confined Space,Evening,High,High,High,Medium,30
24.62,36.89,1.15,34,28,Yes,Hot Work,Morning,Low,Low,Low,Low,80
12.83,45.19,5.77,66,27,No,Confined Space,Night,Low,Low,Low,Medium,70
1.96,30.69,8.17,29,29,No,Confined Space,Night,Low,Low,Low,High,60
89.83,90.86,1.18,48,25,Yes,Confined Space,Morning,High,High,High,Low,30
24.67,44.45,6.21,28,19,No,Normal,Night,Low,Low,Low,Medium,80
53.94,84.47,6.16,89,20,No,Normal,Morning,Low,High,Medium,Medium,70
51.84,71.76,7.55,65,30,No,Confined Space,Evening,Low,Medium,Medium,Medium,70
44.22,83.48,6.07,55,3,Yes,Hot Work,Evening,Low,High,Low,Medium,60
80.32,84.39,5.33,63,3,No,Confined Space,Night,High,High,High,Medium,30
5.41,42.15,4.07,37,28,Yes,Confined Space,Morning,Low,Low,Low,Low,80
43.94,27.88,8.47,33,30,Yes,Confined Space,Night,Low,Low,Low,High,50
71.42,52.17,5.23,75,18,No,Normal,Evening,Medium,Low,Medium,Medium,75
47.25,34.93,5.86,58,21,Yes,Hot Work,Evening,Low,Low,Low,Medium,70
27.78,88.77,3.42,56,6,Yes,Hot Work,Night,Low,High,Low,Low,60
24.91,28.03,3.88,81,26,Yes,Hot Work,Night,Low,Low,Low,Low,70
75.18,22.2,8.0,86,15,Yes,Normal,Night,Medium,Low,High,Medium,55
14.35,60.93,5.56,65,17,No,Normal,Evening,Low,Medium,Low,Medium,80
58.71,45.31,2.08,45,28,Yes,Normal,Evening,Low,Low,Medium,Low,80
4.44,94.97,1.91,76,9,Yes,Normal,Night,Low,High,Low,Low,60
52.75,49.47,1.85,86,29,No,Confined Space,Morning,Low,Low,Medium,Low,90
37.43,62.01,5.89,28,12,Yes,Hot Work,Morning,Low,Medium,Low,Medium,70
42.35,36.21,8.05,68,15,No,Hot Work,Night,Low,Low,Low,High,70
31.55,60.71,1.57,66,20,Yes,Normal,Night,Low,Medium,Low,Low,70
16.57,44.23,6.05,22,30,No,Hot Work,Morning,Low,Low,Low,Medium,80
73.94,37.73,6.44,47,4,No,Hot Work,Evening,Medium,Low,Medium,Medium,75
6.56,26.81,1.64,72,1,Yes,Normal,Evening,Low,Low,Low,Low,90
49.89,25.51,6.82,70,27,Yes,Normal,Morning,Low,Low,Low,Medium,70
79.02,22.71,8.91,51,28,No,Hot Work,Morning,Medium,Low,High,High,55
49.69,56.49,6.3,41,18,No,Hot Work,Evening,Low,Low,Low,Medium,90
50.11,43.14,1.23,41,2,Yes,Hot Work,Morning,Low,Low,Medium,Low,90
73.86,55.95,9.82,68,18,Yes,Confined Space,Evening,Medium,Low,Medium,High,55
33.12,50.91,9.68,43,17,Yes,Confined Space,Morning,Low,Low,Low,High,70
72.39,70.78,4.41,86,5,No,Confined Space,Evening,Medium,Medium,Medium,Low,75
22.48,66.69,6.99,30,19,No,Hot Work,Night,Low,Medium,Low,Medium,70
61.15,60.42,6.78,89,17,Yes,Confined Space,Morning,Medium,Medium,Medium,Medium,55
61.87,46.93,7.4,41,20,No,Hot Work,Night,Medium,Low,Medium,Medium,65
33.06,47.39,2.28,85,5,No,Confined Space,Night,Low,Low,Low,Low,90
35.01,28.55,1.84,24,14,Yes,Hot Work,Morning,Low,Low,Low,Low,90
6.31,39.61,9.58,56,20,Yes,Confined Space,Night,Low,Low,Low,High,60
10.01,93.69,9.93,44,18,Yes,Normal,Evening,Low,High,Low,High,50
62.23,33.62,4.33,75,20,Yes,Hot Work,Night,Medium,Low,Medium,Low,65
37.18,45.94,7.09,67,10,Yes,Normal,Morning,Low,Low,Low,Medium,80
71.62,27.74,2.8,88,5,No,Normal,Morning,Medium,Low,Medium,Low,85
84.16,82.72,4.95,35,4,No,Confined Space,Morning,High,High,High,Low,50
57.18,54.05,4.01,49,20,Yes,Normal,Evening,Low,Low,Medium,Low,90
87.4,72.34,9.45,53,8,Yes,Confined Space,Morning,High,Medium,High,High,30
28.99,40.32,7.01,59,27,Yes,Normal,Morning,Low,Low,Low,Medium,70
0.08,92.43,7.46,82,8,Yes,Hot Work,Night,Low,High,Low,Medium,50
57.06,52.96,7.37,68,25,No,Hot Work,Evening,Low,Low,Medium,Medium,80
0.69,72.8,4.02,20,15,No,Confined Space,Morning,Low,Medium,Low,Low,90
10.89,68.88,3.92,26,9,Yes,Confined Space,Evening,Low,Medium,Low,Low,80
81.23,42.59,6.26,87,26,Yes,Normal,Morning,Medium,Low,High,Medium,40
21.75,25.29,7.1,52,1,No,Hot Work,Night,Low,Low,Low,Medium,80
6.69,73.53,1.65,50,22,No,Confined Space,Night,Low,Medium,Low,Low,70
39.6,59.14,2.07,63,7,No,Hot Work,Evening,Low,Low,Low,Low,100
19.33,36.58,4.88,56,30,Yes,Normal,Morning,Low,Low,Low,Low,80
35.78,54.3,3.85,60,26,Yes,Hot Work,Morning,Low,Low,Low,Low,80
32.63,68.21,3.25,79,22,Yes,Confined Space,Evening,Low,Medium,Low,Low,70
3.04,40.3,6.63,52,14,Yes,Confined Space,Night,Low,Low,Low,Medium,70
2.93,34.65,4.48,78,13,No,Normal,Morning,Low,Low,Low,Low,100
72.28,79.5,6.47,35,23,No,Hot Work,Night,Medium,Medium,Medium,Medium,45
72.77,49.52,8.6,64,30,Yes,Normal,Morning,Medium,Low,Medium,High,45
89.02,67.43,5.74,33,27,Yes,Confined Space,Morning,Medium,Medium,High,Medium,30
40.06,32.79,2.66,38,4,No,Confined Space,Evening,Low,Low,Low,Low,100
34.94,70.23,6.81,60,1,No,Normal,Evening,Low,Medium,Low,Medium,80
39.14,65.2,6.8,54,28,Yes,Confined Space,Morning,Low,Medium,Low,Medium,60
55.02,30.15,5.6,48,29,No,Confined Space,Morning,Low,Low,Medium,Medium,80
17.58,52.1,6.56,33,2,Yes,Confined Space,Night,Low,Low,Low,Medium,70
80.36,54.41,6.98,65,15,No,Normal,Night,Medium,Low,High,Medium,50
65.25,45.75,2.25,90,4,No,Hot Work,Night,Medium,Low,Medium,Low,75
92.96,30.18,5.72,66,20,Yes,Confined Space,Morning,Medium,Low,High,Medium,50
59.56,49.33,7.29,85,9,No,Normal,Night,Low,Low,Medium,Medium,80
97.91,41.3,1.23,23,24,No,Confined Space,Morning,Medium,Low,High,Low,60
90.67,90.93,8.72,53,4,Yes,Confined Space,Evening,High,High,High,High,20
97.17,74.28,3.03,51,14,Yes,Confined Space,Evening,High,Medium,High,Low,50
96.17,20.48,8.71,38,5,No,Hot Work,Night,Medium,Low,High,High,40
47.79,33.33,6.0,67,5,Yes,Hot Work,Evening,Low,Low,Low,Medium,80
57.17,97.96,7.9,35,9,Yes,Hot Work,Evening,Low,High,Medium,Medium,60
92.15,93.9,3.19,60,10,Yes,Confined Space,Evening,High,High,High,Low,40
41.36,63.9,6.77,52,22,Yes,Normal,Morning,Low,Medium,Low,Medium,60
33.5,59.62,3.61,34,15,No,Confined Space,Morning,Low,Low,Low,Low,100
18.08,49.38,4.71,35,4,Yes,Normal,Morning,Low,Low,Low,Low,90
53.53,79.5,7.74,43,12,Yes,Confined Space,Morning,Low,Medium,Medium,Medium,70
72.2,98.91,4.99,63,23,No,Hot Work,Morning,Medium,High,Medium,Low,55
5.34,41.37,1.47,38,16,No,Hot Work,Night,Low,Low,Low,Low,90
69.19,52.1,6.92,46,3,No,Hot Work,Night,Medium,Low,Medium,Medium,65
98.69,34.86,1.39,56,24,No,Confined Space,Morning,Medium,Low,High,Low,60
71.77,30.28,6.29,28,20,No,Hot Work,Evening,Medium,Low,Medium,Medium,75
5.84,38.71,2.87,36,10,Yes,Confined Space,Morning,Low,Low,Low,Low,90
86.0,62.91,2.07,80,18,Yes,Hot Work,Morning,Medium,Medium,High,Low,50
31.97,48.29,4.32,61,2,Yes,Confined Space,Morning,Low,Low,Low,Low,90
64.54,52.0,7.56,36,23,Yes,Normal,Evening,Medium,Low,Medium,Medium,55
9.69,70.67,3.76,58,22,Yes,Hot Work,Morning,Low,Medium,Low,Low,70
50.81,42.57,3.93,36,23,Yes,Hot Work,Evening,Low,Low,Medium,Low,80
70.42,88.61,9.41,33,14,No,Confined Space,Evening,Medium,High,Medium,High,45
56.29,62.44,6.69,33,14,Yes,Confined Space,Evening,Low,Medium,Medium,Medium,70
41.89,70.65,6.72,73,29,No,Normal,Evening,Low,Medium,Low,Medium,70
75.25,51.5,5.84,21,28,Yes,Confined Space,Morning,Medium,Low,High,Medium,55
58.77,74.15,1.82,73,13,No,Hot Work,Night,Low,Medium,Medium,Low,80
83.74,74.22,3.79,36,1,No,Normal,Morning,High,Medium,High,Low,60
10.48,76.14,2.64,73,14,Yes,Hot Work,Evening,Low,Medium,Low,Low,80
53.4,21.85,6.13,20,28,Yes,Confined Space,Night,Low,Low,Medium,Medium,60
95.14,30.28,2.87,81,23,Yes,Normal,Night,Medium,Low,High,Low,40
48.52,55.04,9.79,49,29,Yes,Hot Work,Evening,Low,Low,Low,High,60
44.99,44.84,9.08,54,16,Yes,Hot Work,Night,Low,Low,Low,High,60
67.61,93.68,2.75,75,29,No,Normal,Evening,Medium,High,Medium,Low,55
13.99,34.3,1.56,60,29,No,Hot Work,Night,Low,Low,Low,Low,80
7.78,59.73,6.43,22,14,No,Confined Space,Night,Low,Low,Low,Medium,80
54.48,59.44,5.12,32,25,Yes,Hot Work,Evening,Low,Low,Medium,Medium,70
82.99,90.73,8.74,27,17,No,Normal,Morning,High,High,High,High,30
85.52,20.5,4.6,34,20,Yes,Normal,Morning,Medium,Low,High,Low,60
16.59,47.44,1.23,65,27,No,Hot Work,Morning,Low,Low,Low,Low,90
31.51,99.17,1.85,83,2,Yes,Confined Space,Evening,Low,High,Low,Low,70
64.32,39.66,5.93,31,9,No,Confined Space,Evening,Medium,Low,Medium,Medium,75
80.24,87.24,1.61,85,11,Yes,Normal,Evening,High,High,High,Low,40
45.65,59.82,7.74,31,4,No,Confined Space,Morning,Low,Low,Low,Medium,90
44.79,81.24,4.1,86,9,No,Hot Work,Morning,Low,High,Low,Low,80
54.44,97.81,2.72,67,8,Yes,Confined Space,Morning,Low,High,Medium,Low,70
41.05,65.57,4.87,51,13,Yes,Hot Work,Evening,Low,Medium,Low,Low,80
81.11,89.65,3.52,63,6,Yes,Normal,Night,High,High,High,Low,30
67.65,80.77,5.82,39,24,Yes,Hot Work,Night,Medium,High,Medium,Medium,25
85.59,93.45,1.95,74,15,Yes,Hot Work,Morning,High,High,High,Low,40
41.94,34.7,5.43,43,19,No,Hot Work,Night,Low,Low,Low,Medium,80
22.1,64.17,6.7,77,15,No,Hot Work,Morning,Low,Medium,Low,Medium,80
85.03,29.47,6.71,63,21,Yes,Confined Space,Evening,Medium,Low,High,Medium,40
27.93,26.21,5.03,83,7,No,Confined Space,Night,Low,Low,Low,Medium,80
44.75,90.82,4.92,66,10,No,Confined Space,Night,Low,High,Low,Low,70
34.22,72.71,3.94,42,8,Yes,Confined Space,Evening,Low,Medium,Low,Low,80
27.74,62.91,1.0,87,3,Yes,Confined Space,Evening,Low,Medium,Low,Low,80
52.1,45.62,5.59,47,1,No,Normal,Night,Low,Low,Medium,Medium,80
87.84,77.58,4.34,51,13,Yes,Hot Work,Evening,High,Medium,High,Low,50
32.09,79.35,7.58,33,2,No,Confined Space,Morning,Low,Medium,Low,Medium,80
21.48,60.52,2.03,27,24,Yes,Confined Space,Evening,Low,Medium,Low,Low,70
50.39,94.22,7.91,57,21,No,Confined Space,Evening,Low,High,Medium,Medium,60
38.95,60.81,7.93,68,24,Yes,Confined Space,Evening,Low,Medium,Low,Medium,60
51.12,88.62,4.91,50,10,Yes,Normal,Morning,Low,High,Medium,Low,70
6.87,66.57,5.94,71,21,Yes,Confined Space,Night,Low,Medium,Low,Medium,50
45.91,59.6,7.19,77,13,No,Normal,Night,Low,Low,Low,Medium,80
5.48,24.2,1.74,35,16,No,Normal,Night,Low,Low,Low,Low,90
25.78,69.7,2.7,26,19,No,Hot Work,Morning,Low,Medium,Low,Low,90
88.41,56.11,7.6,52,11,No,Hot Work,Night,Medium,Low,High,Medium,50
44.58,93.77,9.17,20,11,Yes,Normal,Morning,Low,High,Low,High,50
0.77,84.05,4.69,63,23,Yes,Hot Work,Evening,Low,High,Low,Low,60
80.58,26.83,2.23,50,8,No,Normal,Evening,Medium,Low,High,Low,70
22.58,46.05,5.06,33,8,No,Confined Space,Night,Low,Low,Low,Medium,80
94.21,96.67,8.23,38,13,Yes,Confined Space,Evening,High,High,High,High,20
92.73,93.2,9.96,53,15,Yes,Confined Space,Night,High,High,High,High,10
15.81,62.41,5.77,31,30,Yes,Confined Space,Evening,Low,Medium,Low,Medium,60
60.15,55.69,9.78,54,25,No,Hot Work,Morning,Medium,Low,Medium,High,55
79.95,86.62,6.04,59,19,No,Confined Space,Morning,Medium,High,High,Medium,55
53.94,69.09,6.01,78,30,No,Confined Space,Morning,Low,Medium,Medium,Medium,70
95.37,95.54,7.6,47,28,No,Normal,Night,High,High,High,Medium,20
89.21,54.78,4.23,50,2,Yes,Normal,Evening,Medium,Low,High,Low,60
12.06,26.85,4.48,83,6,Yes,Confined Space,Night,Low,Low,Low,Low,80
53.44,37.45,2.16,83,14,No,Normal,Night,Low,Low,Medium,Low,90
20.22,65.05,7.08,90,20,Yes,Normal,Morning,Low,Medium,Low,Medium,70
87.81,67.59,7.77,45,13,Yes,Confined Space,Evening,Medium,Medium,High,Medium,40
13.22,25.09,9.53,41,9,Yes,Confined Space,Night,Low,Low,Low,High,60
54.12,41.31,4.6,70,15,No,Hot Work,Morning,Low,Low,Medium,Low,100
96.85,38.36,1.46,37,27,Yes,Confined Space,Night,Medium,Low,High,Low,40
10.71,94.36,8.36,53,21,Yes,Confined Space,Night,Low,High,Low,High,30
40.13,21.75,3.97,34,2,Yes,Hot Work,Morning,Low,Low,Low,Low,90
92.08,49.95,3.77,22,23,Yes,Confined Space,Evening,Medium,Low,High,Low,50
83.44,78.21,3.18,51,20,No,Hot Work,Morning,High,Medium,High,Low,60
26.17,77.75,1.15,20,1,No,Confined Space,Morning,Low,Medium,Low,Low,90
74.98,93.06,9.95,83,13,Yes,Confined Space,Evening,Medium,High,Medium,High,35
28.36,38.58,1.38,39,25,No,Normal,Morning,Low,Low,Low,Low,90
34.1,30.09,3.1,32,10,Yes,Hot Work,Morning,Low,Low,Low,Low,90
78.78,73.95,9.23,30,28,Yes,Hot Work,Evening,Medium,Medium,High,High,35
41.54,34.61,4.14,81,21,No,Confined Space,Evening,Low,Low,Low,Low,90
73.14,52.42,1.42,71,1,Yes,Hot Work,Morning,Medium,Low,Medium,Low,75
13.35,21.02,2.63,66,24,No,Normal,Evening,Low,Low,Low,Low,90
52.98,62.67,6.17,87,12,Yes,Hot Work,Evening,Low,Medium,Medium,Medium,70
23.6,54.76,8.38,62,29,No,Normal,Night,Low,Low,Low,High,60
34.01,90.04,6.86,76,4,No,Hot Work,Evening,Low,High,Low,Medium,70
49.43,71.24,4.48,60,12,No,Normal,Morning,Low,Medium,Low,Low,90
19.68,20.77,6.01,75,29,No,Confined Space,Morning,Low,Low,Low,Medium,80
54.62,58.35,6.45,87,4,Yes,Normal,Morning,Low,Low,Medium,Medium,80
40.13,97.14,9.17,47,14,Yes,Confined Space,Morning,Low,High,Low,High,50
48.35,80.65,2.72,20,30,No,Normal,Evening,Low,High,Low,Low,70
81.25,23.4,8.1,46,11,No,Normal,Evening,Medium,Low,High,High,50
11.45,73.83,4.23,60,28,Yes,Normal,Night,Low,Medium,Low,Low,60
30.09,23.55,7.2,57,1,Yes,Confined Space,Evening,Low,Low,Low,Medium,80
25.32,33.22,7.86,70,2,No,Normal,Evening,Low,Low,Low,Medium,90
38.82,50.53,8.3,25,14,No,Hot Work,Morning,Low,Low,Low,High,80
39.33,54.07,6.97,47,27,No,Confined Space,Night,Low,Low,Low,Medium,70
0.83,77.58,1.63,39,1,Yes,Normal,Evening,Low,Medium,Low,Low,80
75.88,61.41,5.25,22,24,Yes,Hot Work,Evening,Medium,Medium,High,Medium,45
70.84,27.73,8.06,42,23,No,Normal,Morning,Medium,Low,Medium,High,55
29.51,77.34,1.75,23,22,No,Hot Work,Evening,Low,Medium,Low,Low,80
61.74,61.15,5.0,43,3,Yes,Hot Work,Morning,Medium,Medium,Medium,Low,65
62.92,50.11,7.42,58,18,No,Normal,Night,Medium,Low,Medium,Medium,65
91.19,96.61,7.91,78,28,Yes,Normal,Evening,High,High,High,Medium,20
84.97,66.15,4.51,33,16,Yes,Hot Work,Night,Medium,Medium,High,Low,40
60.47,66.42,6.85,70,10,No,Hot Work,Evening,Medium,Medium,Medium,Medium,65
13.51,44.58,7.98,90,12,Yes,Normal,Evening,Low,Low,Low,Medium,80
81.61,84.04,5.49,61,14,No,Hot Work,Morning,High,High,High,Medium,40
58.21,68.49,8.46,88,7,Yes,Normal,Morning,Low,Medium,Medium,High,60
36.58,35.09,7.46,82,23,Yes,Normal,Night,Low,Low,Low,Medium,60
70.01,79.38,6.74,29,3,No,Hot Work,Night,Medium,Medium,Medium,Medium,55
44.43,66.62,3.3,55,28,Yes,Normal,Night,Low,Medium,Low,Low,60
9.06,27.52,9.07,52,24,No,Confined Space,Night,Low,Low,Low,High,60
97.76,25.43,7.91,61,19,Yes,Normal,Night,Medium,Low,High,Medium,40
95.28,44.5,5.43,78,13,Yes,Hot Work,Evening,Medium,Low,High,Medium,50
44.15,40.44,1.89,44,1,No,Hot Work,Evening,Low,Low,Low,Low,100
9.75,80.91,8.3,50,12,Yes,Confined Space,Evening,Low,High,Low,High,50
73.43,44.83,3.77,47,17,No,Normal,Night,Medium,Low,Medium,Low,75
56.69,92.34,9.17,29,18,Yes,Normal,Morning,Low,High,Medium,High,50
38.01,55.71,6.02,63,14,No,Confined Space,Night,Low,Low,Low,Medium,80
30.9,77.25,6.24,21,23,No,Confined Space,Night,Low,Medium,Low,Medium,60
82.53,71.15,2.18,89,4,Yes,Normal,Evening,High,Medium,High,Low,50
69.69,36.05,8.19,71,28,No,Normal,Night,Medium,Low,Medium,High,45
87.64,57.7,8.97,75,4,Yes,Normal,Night,Medium,Low,High,High,30
50.99,47.27,4.49,79,26,No,Confined Space,Night,Low,Low,Medium,Low,80
29.28,23.08,7.78,40,18,No,Hot Work,Evening,Low,Low,Low,Medium,90
71.69,76.36,1.2,38,8,No,Confined Space,Evening,Medium,Medium,Medium,Low,75
11.08,44.22,8.06,45,2,Yes,Hot Work,Morning,Low,Low,Low,High,70
51.76,71.66,3.05,45,29,No,Confined Space,Morning,Low,Medium,Medium,Low,80
82.18,94.87,7.53,62,25,Yes,Normal,Evening,High,High,High,Medium,20
70.08,38.27,2.03,69,21,No,Normal,Night,Medium,Low,Medium,Low,65
32.83,84.43,3.31,70,21,No,Hot Work,Night,Low,High,Low,Low,60
68.78,73.73,2.62,60,30,No,Normal,Night,Medium,Medium,Medium,Low,55
34.64,53.17,9.86,28,27,No,Confined Space,Night,Low,Low,Low,High,60
84.23,90.89,3.37,43,1,Yes,Confined Space,Evening,High,High,High,Low,40
43.69,96.33,8.36,23,21,Yes,Normal,Evening,Low,High,Low,High,40
52.73,23.01,4.5,27,24,Yes,Hot Work,Evening,Low,Low,Medium,Low,80
16.99,38.14,1.54,88,22,No,Hot Work,Morning,Low,Low,Low,Low,90
18.75,78.27,1.86,83,15,No,Hot Work,Morning,Low,Medium,Low,Low,90
2.55,26.45,2.61,55,20,Yes,Confined Space,Evening,Low,Low,Low,Low,90
98.77,44.46,1.96,48,25,No,Confined Space,Night,Medium,Low,High,Low,50
53.53,26.65,3.93,51,22,Yes,Hot Work,Night,Low,Low,Medium,Low,70
49.54,37.74,3.44,69,23,No,Confined Space,Evening,Low,Low,Low,Low,90
13.48,23.67,5.69,50,24,No,Hot Work,Morning,Low,Low,Low,Medium,80
57.8,21.67,8.54,43,28,No,Confined Space,Morning,Low,Low,Medium,High,70
98.51,66.94,1.55,88,1,Yes,Normal,Evening,Medium,Medium,High,Low,50
28.79,31.05,6.88,82,2,No,Confined Space,Morning,Low,Low,Low,Medium,90
96.54,93.61,4.38,38,21,Yes,Confined Space,Night,High,High,High,Low,20
84.99,83.95,3.07,37,10,Yes,Normal,Evening,High,High,High,Low,40
40.6,91.72,6.31,90,5,No,Normal,Morning,Low,High,Low,Medium,70
78.97,39.93,7.64,26,19,Yes,Normal,Morning,Medium,Low,High,Medium,65
69.26,60.68,7.99,30,3,No,Confined Space,Morning,Medium,Medium,Medium,Medium,65
7.57,44.76,6.15,83,1,No,Confined Space,Night,Low,Low,Low,Medium,80
6.69,51.62,5.09,40,20,No,Hot Work,Morning,Low,Low,Low,Medium,90
70.51,63.49,9.28,67,29,No,Normal,Morning,Medium,Medium,Medium,High,45
76.55,77.21,2.22,81,3,No,Normal,Evening,Medium,Medium,High,Low,75
46.97,45.15,2.36,46,19,No,Confined Space,Morning,Low,Low,Low,Low,100
74.79,20.57,4.07,37,18,Yes,Hot Work,Night,Medium,Low,Medium,Low,65
80.7,62.69,3.12,79,3,Yes,Hot Work,Evening,Medium,Medium,High,Low,50
34.56,40.21,4.41,30,8,Yes,Hot Work,Evening,Low,Low,Low,Low,90
82.11,81.66,1.38,60,13,Yes,Hot Work,Evening,High,High,High,Low,40
70.72,46.71,2.6,36,21,No,Normal,Morning,Medium,Low,Medium,Low,75
40.93,77.16,7.76,86,18,No,Confined Space,Night,Low,Medium,Low,Medium,70
80.14,28.18,5.78,20,18,Yes,Confined Space,Morning,Medium,Low,High,Medium,50
93.85,27.73,9.64,54,21,Yes,Confined Space,Evening,Medium,Low,High,High,30
31.64,33.73,5.51,89,11,Yes,Normal,Night,Low,Low,Low,Medium,70
25.21,46.75,7.86,49,14,Yes,Normal,Morning,Low,Low,Low,Medium,80
50.73,39.74,2.27,79,6,Yes,Normal,Evening,Low,Low,Medium,Low,90
45.92,88.72,1.03,21,1,No,Confined Space,Night,Low,High,Low,Low,70
29.96,40.26,4.21,32,11,Yes,Hot Work,Evening,Low,Low,Low,Low,90
88.25,23.43,2.56,71,1,No,Confined Space,Morning,Medium,Low,High,Low,70
13.03,46.35,9.23,74,12,Yes,Hot Work,Evening,Low,Low,Low,High,70
77.41,73.64,8.56,38,24,Yes,Normal,Night,Medium,Medium,High,High,25
9.3,90.52,6.39,82,21,Yes,Confined Space,Morning,Low,High,Low,Medium,50
34.57,49.77,1.42,24,5,Yes,Confined Space,Night,Low,Low,Low,Low,80
5.76,38.13,6.98,78,22,No,Hot Work,Night,Low,Low,Low,Medium,70
20.98,54.02,6.58,34,5,No,Normal,Night,Low,Low,Low,Medium,80
48.72,50.97,8.87,69,12,No,Hot Work,Night,Low,Low,Low,High,70
61.04,90.74,6.28,83,9,No,Hot Work,Evening,Medium,High,Medium,Medium,55
37.76,40.92,1.63,44,10,Yes,Confined Space,Night,Low,Low,Low,Low,80
65.25,95.91,9.64,41,22,No,Confined Space,Morning,Medium,High,Medium,High,35
61.95,71.28,4.21,26,20,No,Hot Work,Evening,Medium,Medium,Medium,Low,75
53.24,55.59,3.15,42,16,Yes,Confined Space,Night,Low,Low,Medium,Low,80
94.68,94.47,1.46,71,28,Yes,Hot Work,Evening,High,High,High,Low,30
91.71,47.0,2.85,79,2,Yes,Normal,Morning,Medium,Low,High,Low,60
25.59,32.71,4.58,43,16,No,Confined Space,Morning,Low,Low,Low,Low,100
64.49,29.02,4.04,49,3,No,Confined Space,Morning,Medium,Low,Medium,Low,85
34.54,79.7,8.06,63,19,Yes,Normal,Evening,Low,Medium,Low,High,60
21.69,95.46,2.87,37,19,No,Confined Space,Night,Low,High,Low,Low,70
1.19,43.34,7.07,31,11,Yes,Confined Space,Morning,Low,Low,Low,Medium,80
52.37,41.44,9.7,76,7,No,Normal,Evening,Low,Low,Medium,High,80
63.18,20.47,2.54,43,21,Yes,Confined Space,Night,Medium,Low,Medium,Low,55
62.49,60.08,8.94,28,15,Yes,Hot Work,Morning,Medium,Medium,Medium,High,45
92.52,68.73,3.64,67,19,Yes,Hot Work,Morning,Medium,Medium,High,Low,50
26.99,60.15,8.13,78,26,No,Normal,Evening,Low,Medium,Low,High,60
69.84,36.75,4.19,32,9,No,Normal,Morning,Medium,Low,Medium,Low,85
18.41,75.93,8.92,64,5,Yes,Normal,Morning,Low,Medium,Low,High,60
8.11,26.89,7.67,69,29,Yes,Normal,Morning,Low,Low,Low,Medium,70
37.5,74.06,9.29,74,19,Yes,Hot Work,Evening,Low,Medium,Low,High,60
95.89,48.31,9.35,38,24,No,Normal,Morning,Medium,Low,High,High,40
15.9,28.86,2.77,87,24,No,Normal,Evening,Low,Low,Low,Low,90
37.1,75.6,8.4,49,9,No,Normal,Morning,Low,Medium,Low,High,70
84.56,40.29,3.34,63,24,Yes,Hot Work,Evening,Medium,Low,High,Low,50
52.46,58.37,4.9,56,20,No,Hot Work,Evening,Low,Low,Medium,Low,100
45.29,74.88,6.03,64,15,Yes,Normal,Evening,Low,Medium,Low,Medium,70
68.54,30.78,8.41,22,19,No,Normal,Morning,Medium,Low,Medium,High,65
84.62,68.62,9.94,74,13,Yes,Hot Work,Morning,Medium,Medium,High,High,30
97.42,71.34,6.62,65,21,No,Confined Space,Night,High,Medium,High,Medium,30
44.95,47.11,9.44,70,29,No,Hot Work,Morning,Low,Low,Low,High,70
31.0,87.83,9.15,23,21,No,Confined Space,Evening,Low,High,Low,High,50
53.39,70.6,1.24,72,15,No,Confined Space,Night,Low,Medium,Medium,Low,80
92.75,82.54,3.81,37,3,Yes,Confined Space,Morning,High,High,High,Low,40
16.28,81.85,7.2,25,10,Yes,Hot Work,Morning,Low,High,Low,Medium,60
62.25,88.71,4.32,61,5,Yes,Hot Work,Night,Medium,High,Medium,Low,45
77.16,76.81,1.87,55,25,Yes,Normal,Evening,Medium,Medium,High,Low,55
55.8,21.66,5.17,50,21,Yes,Hot Work,Evening,Low,Low,Medium,Medium,70
97.34,40.85,8.71,89,6,No,Hot Work,Evening,Medium,Low,High,High,50
93.51,25.69,3.89,37,20,Yes,Normal,Night,Medium,Low,High,Low,50
68.18,27.27,7.33,34,5,Yes,Hot Work,Morning,Medium,Low,Medium,Medium,65
47.47,40.83,3.78,47,27,No,Normal,Morning,Low,Low,Low,Low,90
17.29,80.85,6.22,66,9,No,Normal,Evening,Low,High,Low,Medium,70
14.78,76.38,1.34,50,29,Yes,Confined Space,Morning,Low,Medium,Low,Low,70
20.52,33.86,2.27,47,20,Yes,Hot Work,Evening,Low,Low,Low,Low,90
22.34,62.45,5.51,73,15,Yes,Hot Work,Evening,Low,Medium,Low,Medium,70
33.2,82.08,2.94,71,8,No,Hot Work,Night,Low,High,Low,Low,70
98.5,20.21,4.73,82,12,Yes,Confined Space,Night,Medium,Low,High,Low,50
54.44,41.47,1.33,76,8,No,Normal,Evening,Low,Low,Medium,Low,100
99.43,55.14,6.3,31,11,No,Confined Space,Morning,Medium,Low,High,Medium,60
70.43,93.21,9.51,43,25,No,Confined Space,Evening,Medium,High,Medium,High,35
96.74,53.54,8.55,69,11,Yes,Confined Space,Morning,Medium,Low,High,High,40
45.83,56.51,3.05,77,23,Yes,Normal,Morning,Low,Low,Low,Low,80
28.9,27.05,2.32,47,7,No,Hot Work,Evening,Low,Low,Low,Low,100
95.55,55.18,1.91,81,20,No,Normal,Evening,Medium,Low,High,Low,70
9.39,38.25,2.15,42,30,Yes,Confined Space,Night,Low,Low,Low,Low,70
49.6,99.83,1.53,68,12,Yes,Confined Space,Night,Low,High,Low,Low,60
58.91,94.08,6.52,32,27,Yes,Normal,Night,Low,High,Medium,Medium,40
42.08,62.73,3.3,42,4,Yes,Confined Space,Evening,Low,Medium,Low,Low,80
33.57,61.98,5.53,39,19,Yes,Normal,Evening,Low,Medium,Low,Medium,70
56.95,24.66,3.71,27,2,Yes,Hot Work,Morning,Low,Low,Medium,Low,90
9.95,60.52,2.36,68,27,Yes,Hot Work,Morning,Low,Medium,Low,Low,70
56.93,85.67,2.36,57,29,No,Confined Space,Morning,Low,High,Medium,Low,70
85.56,56.54,1.36,84,3,Yes,Hot Work,Night,Medium,Low,High,Low,50
71.67,67.36,1.22,33,17,No,Hot Work,Morning,Medium,Medium,Medium,Low,75
46.2,30.65,3.75,65,21,Yes,Normal,Night,Low,Low,Low,Low,70
92.01,94.82,6.15,46,10,No,Hot Work,Evening,High,High,High,Medium,40
35.15,83.65,7.74,52,29,Yes,Normal,Night,Low,High,Low,Medium,40
58.57,22.04,4.17,38,3,Yes,Normal,Morning,Low,Low,Medium,Low,90
29.36,99.23,5.85,32,2,No,Hot Work,Night,Low,High,Low,Medium,60
1.32,63.88,5.26,79,20,No,Normal,Night,Low,Medium,Low,Medium,70
85.03,36.67,1.7,74,1,No,Confined Space,Morning,Medium,Low,High,Low,70
91.68,28.07,1.19,31,14,No,Hot Work,Night,Medium,Low,High,Low,60
88.53,99.34,5.01,70,30,No,Confined Space,Evening,High,High,High,Medium,30
83.48,94.95,10.0,48,3,No,Hot Work,Evening,High,High,High,High,30
27.73,50.14,6.54,90,1,No,Normal,Night,Low,Low,Low,Medium,80
47.53,39.55,8.33,58,30,Yes,Normal,Evening,Low,Low,Low,High,60
11.23,59.2,3.08,27,10,No,Hot Work,Night,Low,Low,Low,Low,90
80.5,76.67,2.74,66,15,No,Confined Space,Night,High,Medium,High,Low,50
88.12,74.33,9.52,78,21,No,Hot Work,Evening,High,Medium,High,High,30
15.68,24.69,9.72,87,23,No,Confined Space,Morning,Low,Low,Low,High,70
37.98,95.85,5.13,79,28,Yes,Confined Space,Morning,Low,High,Low,Medium,50
82.36,60.86,5.5,62,5,No,Hot Work,Night,Medium,Medium,High,Medium,40
56.84,71.38,2.76,21,24,Yes,Normal,Night,Low,Medium,Medium,Low,60
6.76,20.53,5.59,69,4,No,Hot Work,Morning,Low,Low,Low,Medium,90
16.89,28.65,8.64,89,25,Yes,Hot Work,Morning,Low,Low,Low,High,60
47.65,74.77,4.09,74,24,No,Normal,Night,Low,Medium,Low,Low,70
96.47,84.95,8.18,31,24,No,Normal,Morning,High,High,High,High,20
74.66,44.41,9.67,77,27,No,Confined Space,Night,Medium,Low,Medium,High,45
67.8,30.27,6.14,49,12,Yes,Hot Work,Morning,Medium,Low,Medium,Medium,65
87.55,48.19,8.36,74,30,Yes,Confined Space,Morning,Medium,Low,High,High,30
43.86,68.76,6.47,63,19,No,Hot Work,Night,Low,Medium,Low,Medium,70
83.28,36.79,7.33,30,14,Yes,Hot Work,Morning,Medium,Low,High,Medium,50
89.15,33.9,3.76,20,22,No,Normal,Night,Medium,Low,High,Low,50
24.98,66.28,8.15,34,15,Yes,Hot Work,Morning,Low,Medium,Low,High,60
88.68,41.1,6.46,25,1,Yes,Normal,Night,Medium,Low,High,Medium,40
54.26,93.14,4.64,64,14,No,Confined Space,Evening,Low,High,Medium,Low,80
41.5,72.1,9.33,90,14,Yes,Normal,Morning,Low,Medium,Low,High,60
75.16,42.05,7.19,33,21,Yes,Confined Space,Night,Medium,Low,High,Medium,45
30.66,23.62,1.13,32,15,No,Normal,Morning,Low,Low,Low,Low,100
66.42,83.84,1.85,90,18,No,Confined Space,Evening,Medium,High,Medium,Low,65
8.2,46.62,2.58,36,18,Yes,Normal,Morning,Low,Low,Low,Low,90
73.92,64.58,6.46,42,1,No,Confined Space,Evening,Medium,Medium,Medium,Medium,65
88.58,63.05,7.95,58,17,Yes,Confined Space,Night,Medium,Medium,High,Medium,30
85.53,90.01,4.71,77,6,Yes,Hot Work,Night,High,High,High,Low,30
79.47,20.02,6.07,28,30,Yes,Normal,Evening,Medium,Low,High,Medium,55
4.03,83.77,3.53,64,2,Yes,Normal,Morning,Low,High,Low,Low,70
7.48,70.29,8.11,24,16,Yes,Confined Space,Morning,Low,Medium,Low,High,60
48.14,81.4,7.58,73,18,Yes,Confined Space,Night,Low,High,Low,Medium,50
89.44,39.77,4.04,87,8,Yes,Normal,Night,Medium,Low,High,Low,50
1.52,69.02,1.77,87,17,No,Hot Work,Evening,Low,Medium,Low,Low,90
31.4,39.52,5.48,30,23,No,Confined Space,Night,Low,Low,Low,Medium,70
76.88,30.38,1.17,43,19,No,Confined Space,Morning,Medium,Low,High,Low,85
40.82,72.54,2.12,45,17,No,Confined Space,Night,Low,Medium,Low,Low,80
27.0,43.09,4.16,52,22,Yes,Hot Work,Evening,Low,Low,Low,Low,80
62.86,41.15,2.45,76,6,No,Confined Space,Evening,Medium,Low,Medium,Low,85
40.36,89.73,3.05,25,2,Yes,Hot Work,Night,Low,High,Low,Low,60
87.88,80.83,2.22,34,2,Yes,Hot Work,Evening,High,High,High,Low,40
63.23,65.46,9.49,54,27,Yes,Confined Space,Evening,Medium,Medium,Medium,High,35
91.78,67.91,6.21,78,25,Yes,Confined Space,Evening,Medium,Medium,High,Medium,30
40.36,49.32,7.3,41,17,No,Hot Work,Evening,Low,Low,Low,Medium,90
38.96,89.22,5.42,26,15,No,Confined Space,Morning,Low,High,Low,Medium,70
92.41,80.72,6.05,53,11,No,Hot Work,Evening,High,High,High,Medium,40
88.12,42.59,3.88,20,3,No,Confined Space,Night,Medium,Low,High,Low,60
53.92,52.58,6.19,76,21,No,Normal,Evening,Low,Low,Medium,Medium,80
82.91,25.15,2.45,78,20,No,Normal,Morning,Medium,Low,High,Low,70
97.29,86.99,5.03,71,13,Yes,Normal,Morning,High,High,High,Medium,30
15.29,65.11,7.66,39,6,No,Confined Space,Night,Low,Medium,Low,Medium,70
91.05,97.27,7.92,71,2,Yes,Normal,Night,High,High,High,Medium,20
0.23,63.56,6.13,79,7,No,Confined Space,Night,Low,Medium,Low,Medium,70
24.17,34.14,2.49,30,2,No,Hot Work,Evening,Low,Low,Low,Low,100
97.79,95.84,3.83,65,7,No,Hot Work,Morning,High,High,High,Low,50
54.02,58.58,9.97,47,25,Yes,Hot Work,Night,Low,Low,Medium,High,50
50.21,42.37,1.88,26,11,No,Hot Work,Night,Low,Low,Medium,Low,90
93.61,34.48,1.65,62,17,No,Hot Work,Night,Medium,Low,High,Low,60
37.74,95.92,3.59,41,3,Yes,Confined Space,Morning,Low,High,Low,Low,70
22.46,94.51,4.72,23,6,Yes,Confined Space,Morning,Low,High,Low,Low,70
92.45,48.47,6.67,54,1,Yes,Hot Work,Night,Medium,Low,High,Medium,40
15.3,76.47,5.39,84,12,No,Confined Space,Morning,Low,Medium,Low,Medium,80
84.65,71.3,8.02,35,12,No,Hot Work,Evening,High,Medium,High,High,40
21.36,88.41,3.76,27,19,No,Confined Space,Morning,Low,High,Low,Low,80
4.7,80.13,4.45,36,27,No,Normal,Evening,Low,High,Low,Low,70
2.31,37.0,4.23,85,25,No,Hot Work,Evening,Low,Low,Low,Low,90
33.61,49.56,2.18,84,15,No,Normal,Morning,Low,Low,Low,Low,100
90.05,85.48,4.49,23,4,No,Confined Space,Evening,High,High,High,Low,50
8.73,81.96,5.05,69,13,No,Confined Space,Evening,Low,High,Low,Medium,70
53.34,65.19,6.7,59,2,Yes,Hot Work,Morning,Low,Medium,Medium,Medium,70
76.4,65.56,6.73,85,13,No,Normal,Evening,Medium,Medium,High,Medium,65
48.3,29.36,7.58,84,15,No,Confined Space,Evening,Low,Low,Low,Medium,90
73.79,43.27,7.58,84,7,Yes,Normal,Night,Medium,Low,Medium,Medium,55
15.26,94.73,3.72,61,10,Yes,Hot Work,Night,Low,High,Low,Low,60
72.23,59.25,2.0,31,12,No,Hot Work,Night,Medium,Low,Medium,Low,75
64.63,84.76,8.93,69,3,Yes,Hot Work,Night,Medium,High,Medium,High,25
69.04,29.86,5.61,80,12,No,Hot Work,Night,Medium,Low,Medium,Medium,65
78.83,29.33,7.31,90,21,Yes,Hot Work,Evening,Medium,Low,High,Medium,55
82.03,84.85,6.25,66,6,No,Normal,Night,High,High,High,Medium,30
93.14,90.41,5.64,74,15,No,Normal,Evening,High,High,High,Medium,40
43.67,64.1,6.4,49,8,Yes,Hot Work,Evening,Low,Medium,Low,Medium,70
7.08,58.37,9.04,81,19,No,Normal,Morning,Low,Low,Low,High,80
52.14,71.07,3.09,44,12,Yes,Confined Space,Evening,Low,Medium,Medium,Low,80
41.61,34.71,4.01,64,13,No,Hot Work,Morning,Low,Low,Low,Low,100
47.37,93.69,8.76,48,23,Yes,Normal,Evening,Low,High,Low,High,40
25.6,21.92,4.52,28,18,Yes,Confined Space,Evening,Low,Low,Low,Low,90
97.46,24.99,6.58,57,17,Yes,Normal,Evening,Medium,Low,High,Medium,50
84.88,92.1,9.02,46,8,Yes,Normal,Morning,High,High,High,High,20
87.18,72.15,4.18,56,11,Yes,Confined Space,Evening,High,Medium,High,Low,50
22.23,81.19,7.24,73,23,No,Confined Space,Morning,Low,High,Low,Medium,60
9.06,75.02,8.97,79,10,No,Normal,Evening,Low,Medium,Low,High,70
25.63,50.36,6.28,71,20,Yes,Hot Work,Night,Low,Low,Low,Medium,70
36.05,91.18,4.26,61,10,No,Hot Work,Evening,Low,High,Low,Low,80
95.93,97.64,9.55,46,8,No,Confined Space,Evening,High,High,High,High,30
91.68,89.62,5.76,32,10,Yes,Confined Space,Night,High,High,High,Medium,20
42.15,34.98,8.8,47,3,Yes,Normal,Morning,Low,Low,Low,High,70
35.25,49.33,4.7,43,6,Yes,Hot Work,Night,Low,Low,Low,Low,80
86.93,85.93,2.44,89,15,Yes,Confined Space,Evening,High,High,High,Low,40
75.19,78.91,4.83,66,26,No,Hot Work,Night,Medium,Medium,High,Low,55
28.47,26.7,3.65,70,27,Yes,Confined Space,Morning,Low,Low,Low,Low,80
7.17,71.14,8.81,40,5,Yes,Confined Space,Night,Low,Medium,Low,High,50
76.15,93.35,3.62,56,3,Yes,Normal,Morning,Medium,High,High,Low,55
67.43,60.84,2.69,34,14,Yes,Hot Work,Night,Medium,Medium,Medium,Low,55
69.88,80.27,1.94,81,16,Yes,Hot Work,Night,Medium,High,Medium,Low,45
73.18,80.26,2.59,28,7,Yes,Confined Space,Night,Medium,High,Medium,Low,45
84.02,23.68,8.21,61,3,Yes,Confined Space,Night,Medium,Low,High,High,30
71.85,79.5,5.99,30,14,No,Confined Space,Night,Medium,Medium,Medium,Medium,55
84.04,22.11,9.41,43,28,Yes,Confined Space,Night,Medium,Low,High,High,20
16.36,62.68,9.36,49,30,No,Normal,Night,Low,Medium,Low,High,50
82.54,27.8,8.47,62,8,Yes,Hot Work,Morning,Medium,Low,High,High,40
75.45,20.69,9.76,51,26,Yes,Confined Space,Morning,Medium,Low,High,High,45
37.45,93.01,7.16,55,19,Yes,Hot Work,Evening,Low,High,Low,Medium,60
90.56,59.12,1.54,50,30,Yes,Normal,Night,Medium,Low,High,Low,40
11.64,91.87,6.48,56,28,No,Confined Space,Evening,Low,High,Low,Medium,60
89.1,24.36,8.55,85,9,No,Confined Space,Evening,Medium,Low,High,High,50
47.18,66.17,1.27,44,18,Yes,Confined Space,Evening,Low,Medium,Low,Low,80
5.94,43.39,9.64,54,28,Yes,Hot Work,Morning,Low,Low,Low,High,60
56.15,50.75,8.73,48,25,Yes,Hot Work,Night,Low,Low,Medium,High,50
51.74,81.23,2.61,80,3,No,Confined Space,Evening,Low,High,Medium,Low,80
26.92,49.06,3.18,41,7,No,Hot Work,Night,Low,Low,Low,Low,90
78.29,61.6,9.89,80,1,Yes,Normal,Evening,Medium,Medium,High,High,45
77.5,34.94,7.05,41,26,No,Confined Space,Evening,Medium,Low,High,Medium,65
16.04,74.91,7.48,41,15,Yes,Normal,Night,Low,Medium,Low,Medium,60
89.87,78.79,4.93,67,28,Yes,Confined Space,Morning,High,Medium,High,Low,40
96.57,85.77,8.83,68,25,Yes,Hot Work,Morning,High,High,High,High,10
30.79,75.24,7.02,40,13,No,Normal,Evening,Low,Medium,Low,Medium,80
2.17,80.25,4.62,63,23,No,Hot Work,Morning,Low,High,Low,Low,70
77.3,89.13,2.27,88,1,No,Normal,Evening,Medium,High,High,Low,65
88.07,74.9,3.54,37,25,Yes,Hot Work,Morning,High,Medium,High,Low,40
13.41,41.2,7.94,53,6,Yes,Hot Work,Night,Low,Low,Low,Medium,70
35.21,49.06,8.16,57,22,Yes,Confined Space,Night,Low,Low,Low,High,50
40.99,68.26,8.46,74,21,No,Confined Space,Night,Low,Medium,Low,High,50
44.05,66.82,9.95,84,7,No,Hot Work,Night,Low,Medium,Low,High,60
5.08,78.14,9.62,44,9,No,Confined Space,Evening,Low,Medium,Low,High,70
87.76,65.09,7.36,57,23,No,Hot Work,Morning,Medium,Medium,High,Medium,40
57.19,56.14,8.61,23,22,Yes,Normal,Evening,Low,Low,Medium,High,60
18.13,36.73,1.06,38,6,No,Hot Work,Morning,Low,Low,Low,Low,100
23.15,45.68,2.0,47,2,No,Hot Work,Night,Low,Low,Low,Low,90
75.31,29.07,2.97,84,28,No,Confined Space,Evening,Medium,Low,High,Low,75
78.68,84.96,2.69,82,12,Yes,Normal,Evening,Medium,High,High,Low,55
31.05,36.26,2.66,53,21,No,Normal,Night,Low,Low,Low,Low,80
78.32,26.55,5.79,23,11,Yes,Hot Work,Evening,Medium,Low,High,Medium,65
38.61,82.97,6.79,29,30,Yes,Hot Work,Night,Low,High,Low,Medium,40
7.79,57.76,6.65,46,27,No,Hot Work,Evening,Low,Low,Low,Medium,80
7.86,56.33,3.16,28,24,Yes,Hot Work,Morning,Low,Low,Low,Low,80
25.17,92.84,9.61,65,14,Yes,Normal,Evening,Low,High,Low,High,50
40.06,23.61,3.02,70,17,No,Normal,Evening,Low,Low,Low,Low,100
81.85,94.88,3.22,23,1,Yes,Hot Work,Morning,High,High,High,Low,40
64.4,41.77,7.33,87,7,No,Confined Space,Night,Medium,Low,Medium,Medium,65
94.05,22.27,1.62,42,30,Yes,Normal,Night,Medium,Low,High,Low,40
73.17,30.1,1.8,43,3,No,Normal,Evening,Medium,Low,Medium,Low,85
88.06,31.1,1.55,86,6,Yes,Confined Space,Evening,Medium,Low,High,Low,60
52.06,97.6,1.37,90,1,Yes,Hot Work,Evening,Low,High,Medium,Low,70
80.27,50.84,3.4,38,26,Yes,Normal,Evening,Medium,Low,High,Low,50
81.49,62.74,9.46,56,27,Yes,Confined Space,Evening,Medium,Medium,High,High,20
62.78,89.95,5.12,51,10,Yes,Normal,Morning,Medium,High,Medium,Medium,45
57.49,22.69,1.7,57,9,No,Confined Space,Night,Low,Low,Medium,Low,90
41.96,67.11,5.97,56,23,No,Confined Space,Night,Low,Medium,Low,Medium,60
30.31,89.55,2.33,65,14,Yes,Hot Work,Evening,Low,High,Low,Low,70
14.62,83.03,7.3,43,14,No,Hot Work,Morning,Low,High,Low,Medium,70
93.93,71.81,2.8,47,19,No,Normal,Night,High,Medium,High,Low,50
99.64,20.0,8.35,45,3,No,Normal,Night,Medium,Low,High,High,40
16.96,35.75,7.03,80,11,No,Confined Space,Morning,Low,Low,Low,Medium,90
2.27,58.45,1.06,25,5,No,Confined Space,Morning,Low,Low,Low,Low,100
39.88,28.42,8.64,34,22,No,Hot Work,Night,Low,Low,Low,High,60
14.75,70.84,1.37,33,3,No,Confined Space,Night,Low,Medium,Low,Low,80
48.11,94.26,2.15,36,3,Yes,Normal,Night,Low,High,Low,Low,60
74.72,34.16,7.96,83,6,No,Confined Space,Night,Medium,Low,Medium,Medium,65
41.44,50.14,4.99,42,30,Yes,Hot Work,Night,Low,Low,Low,Low,70
52.97,25.11,4.19,64,20,Yes,Normal,Night,Low,Low,Medium,Low,80
53.68,92.79,1.6,88,18,No,Confined Space,Night,Low,High,Medium,Low,70
20.89,59.19,2.96,49,24,No,Hot Work,Morning,Low,Low,Low,Low,90
79.42,52.97,1.95,55,7,No,Normal,Morning,Medium,Low,High,Low,85
44.88,33.08,3.27,84,7,Yes,Confined Space,Morning,Low,Low,Low,Low,90
70.15,63.95,8.37,24,18,No,Hot Work,Night,Medium,Medium,Medium,High,45
4.18,53.1,1.56,54,10,No,Hot Work,Night,Low,Low,Low,Low,90
56.7,65.42,8.11,25,28,Yes,Confined Space,Morning,Low,Medium,Medium,High,50
33.63,76.05,7.81,74,10,No,Hot Work,Night,Low,Medium,Low,Medium,70
23.18,33.65,3.91,82,17,Yes,Normal,Evening,Low,Low,Low,Low,90
23.3,75.95,7.85,35,14,Yes,Hot Work,Evening,Low,Medium,Low,Medium,70
18.34,52.75,3.02,60,2,No,Normal,Night,Low,Low,Low,Low,90
94.37,51.73,8.57,88,18,No,Hot Work,Evening,Medium,Low,High,High,50
66.38,99.28,7.32,89,24,No,Hot Work,Morning,Medium,High,Medium,Medium,45
72.93,46.7,7.64,24,25,Yes,Hot Work,Night,Medium,Low,Medium,Medium,45
70.75,80.74,1.16,26,30,No,Confined Space,Night,Medium,High,Medium,Low,45
80.45,83.65,2.91,72,19,No,Hot Work,Night,High,High,High,Low,40
59.72,77.08,2.88,34,22,No,Confined Space,Night,Low,Medium,Medium,Low,70
18.12,36.5,6.04,88,22,Yes,Confined Space,Evening,Low,Low,Low,Medium,70
53.31,94.17,3.42,89,16,No,Confined Space,Morning,Low,High,Medium,Low,80
61.91,98.23,5.29,56,4,No,Confined Space,Night,Medium,High,Medium,Medium,45
37.54,24.88,7.95,20,25,Yes,Hot Work,Night,Low,Low,Low,Medium,60
28.03,76.26,1.04,90,18,Yes,Confined Space,Morning,Low,Medium,Low,Low,80
41.21,83.17,4.6,36,11,Yes,Hot Work,Morning,Low,High,Low,Low,70
8.41,29.13,7.69,90,4,No,Normal,Evening,Low,Low,Low,Medium,90
85.16,97.74,9.79,29,17,Yes,Normal,Evening,High,High,High,High,20
10.41,99.38,4.1,62,23,Yes,Normal,Morning,Low,High,Low,Low,60
15.09,64.12,2.89,39,15,No,Hot Work,Evening,Low,Medium,Low,Low,90
85.87,70.08,8.57,60,13,No,Hot Work,Morning,High,Medium,High,High,40
6.74,72.41,2.46,78,14,Yes,Normal,Evening,Low,Medium,Low,Low,80
91.28,79.81,6.56,77,14,Yes,Confined Space,Evening,High,Medium,High,Medium,40
32.14,87.43,4.01,73,17,No,Hot Work,Night,Low,High,Low,Low,70
92.1,38.85,3.99,71,8,Yes,Normal,Night,Medium,Low,High,Low,50
93.62,40.56,4.94,88,29,No,Hot Work,Night,Medium,Low,High,Low,50
82.9,32.77,2.27,39,27,No,Confined Space,Evening,Medium,Low,High,Low,60
83.8,73.61,8.23,62,9,Yes,Confined Space,Night,High,Medium,High,High,20
20.04,89.01,4.44,28,12,No,Confined Space,Evening,Low,High,Low,Low,80
5.68,79.2,2.82,51,12,Yes,Confined Space,Night,Low,Medium,Low,Low,70
64.89,98.78,9.72,24,8,Yes,Confined Space,Morning,Medium,High,Medium,High,35
15.87,98.33,4.69,87,22,Yes,Confined Space,Morning,Low,High,Low,Low,60
59.38,95.35,2.69,55,25,No,Confined Space,Morning,Low,High,Medium,Low,70
30.98,35.52,1.32,40,12,No,Hot Work,Morning,Low,Low,Low,Low,100
4.57,83.24,1.65,47,30,No,Confined Space,Morning,Low,High,Low,Low,70
23.86,56.14,9.28,44,8,Yes,Confined Space,Morning,Low,Low,Low,High,70
46.6,28.79,1.64,68,30,Yes,Hot Work,Night,Low,Low,Low,Low,70
92.49,93.22,5.59,31,1,Yes,Normal,Night,High,High,High,Medium,20
57.87,83.63,2.18,89,1,Yes,Confined Space,Morning,Low,High,Medium,Low,70
19.19,88.62,1.53,26,9,No,Normal,Night,Low,High,Low,Low,70
62.75,26.4,4.63,79,12,Yes,Hot Work,Morning,Medium,Low,Medium,Low,75
83.0,73.83,6.18,47,16,No,Confined Space,Morning,High,Medium,High,Medium,50
86.35,54.33,3.63,86,15,Yes,Hot Work,Morning,Medium,Low,High,Low,60
15.55,52.74,4.23,65,9,No,Hot Work,Morning,Low,Low,Low,Low,100
0.73,87.45,3.96,61,25,Yes,Confined Space,Night,Low,High,Low,Low,50
6.39,65.09,5.19,66,22,No,Confined Space,Night,Low,Medium,Low,Medium,60
47.34,58.15,1.94,34,9,No,Confined Space,Night,Low,Low,Low,Low,90
5.6,35.38,1.96,61,6,No,Normal,Evening,Low,Low,Low,Low,100
57.21,62.29,9.71,47,24,No,Hot Work,Morning,Low,Medium,Medium,High,60
78.49,41.68,1.66,81,17,Yes,Confined Space,Night,Medium,Low,High,Low,65
43.54,94.51,7.77,38,15,No,Confined Space,Night,Low,High,Low,Medium,60
53.22,54.63,9.75,74,25,Yes,Hot Work,Night,Low,Low,Medium,High,50
33.63,53.86,2.13,31,16,Yes,Normal,Night,Low,Low,Low,Low,80
43.57,46.89,5.93,54,27,No,Confined Space,Night,Low,Low,Low,Medium,70
91.89,27.81,5.73,62,15,Yes,Confined Space,Evening,Medium,Low,High,Medium,50
25.12,96.93,4.57,89,14,Yes,Normal,Morning,Low,High,Low,Low,70
95.02,47.1,1.24,64,24,Yes,Confined Space,Morning,Medium,Low,High,Low,50
63.29,47.53,9.87,82,24,No,Confined Space,Night,Medium,Low,Medium,High,45
94.12,83.86,7.96,36,25,No,Confined Space,Morning,High,High,High,Medium,30
88.93,48.81,2.83,26,22,No,Normal,Night,Medium,Low,High,Low,50
97.98,82.89,2.53,80,16,Yes,Confined Space,Morning,High,High,High,Low,40
63.39,51.22,2.92,25,25,Yes,Normal,Evening,Medium,Low,Medium,Low,65
55.19,69.79,3.49,22,14,No,Hot Work,Night,Low,Medium,Medium,Low,80
23.03,34.75,1.28,23,14,Yes,Normal,Evening,Low,Low,Low,Low,90
56.43,37.71,3.54,52,10,Yes,Confined Space,Evening,Low,Low,Medium,Low,90
71.45,76.42,5.45,45,26,No,Normal,Evening,Medium,Medium,Medium,Medium,55
96.38,54.52,4.07,80,19,No,Confined Space,Night,Medium,Low,High,Low,60
99.21,37.14,7.09,27,2,Yes,Normal,Morning,Medium,Low,High,Medium,50
30.45,41.46,8.49,40,10,No,Confined Space,Night,Low,Low,Low,High,70
87.33,21.74,2.69,47,16,Yes,Hot Work,Night,Medium,Low,High,Low,50
58.59,53.9,7.52,34,27,Yes,Confined Space,Morning,Low,Low,Medium,Medium,70
87.84,89.18,9.48,50,22,No,Normal,Evening,High,High,High,High,20
59.29,39.01,8.26,64,30,No,Hot Work,Evening,Low,Low,Medium,High,70
32.43,59.7,7.99,23,8,No,Confined Space,Night,Low,Low,Low,Medium,80
96.03,42.76,6.11,88,13,No,Normal,Night,Medium,Low,High,Medium,50
61.62,26.26,1.11,78,4,Yes,Confined Space,Night,Medium,Low,Medium,Low,65
89.92,60.33,6.42,86,27,Yes,Confined Space,Evening,Medium,Medium,High,Medium,30
77.18,64.23,1.31,84,6,No,Confined Space,Morning,Medium,Medium,High,Low,75
90.48,89.15,8.11,38,24,No,Hot Work,Evening,High,High,High,High,20
11.42,77.87,7.49,61,14,No,Normal,Evening,Low,Medium,Low,Medium,80
79.0,67.31,1.77,80,2,Yes,Confined Space,Evening,Medium,Medium,High,Low,65
15.26,64.36,1.4,77,17,No,Hot Work,Morning,Low,Medium,Low,Low,90
30.65,21.58,9.27,76,21,Yes,Hot Work,Night,Low,Low,Low,High,50
44.82,44.26,3.69,38,16,No,Hot Work,Evening,Low,Low,Low,Low,100
74.91,49.83,6.54,63,26,No,Hot Work,Evening,Medium,Low,Medium,Medium,65
59.22,42.37,6.59,59,8,Yes,Normal,Night,Low,Low,Medium,Medium,70
50.96,98.28,4.4,82,2,Yes,Confined Space,Evening,Low,High,Medium,Low,70
56.95,83.89,2.31,48,8,Yes,Hot Work,Night,Low,High,Medium,Low,60
2.47,76.67,8.43,37,18,No,Confined Space,Morning,Low,Medium,Low,High,70
54.37,95.05,2.65,49,14,Yes,Normal,Evening,Low,High,Medium,Low,70
95.54,22.62,5.19,80,7,No,Confined Space,Morning,Medium,Low,High,Medium,60
84.74,82.26,10.0,65,21,No,Confined Space,Evening,High,High,High,High,20
4.65,36.77,1.63,63,24,Yes,Hot Work,Morning,Low,Low,Low,Low,80
63.63,55.62,6.21,35,7,No,Normal,Morning,Medium,Low,Medium,Medium,75
5.27,42.3,9.14,35,29,Yes,Confined Space,Morning,Low,Low,Low,High,60
76.17,83.44,7.13,39,13,Yes,Normal,Night,Medium,High,High,Medium,35
11.34,36.0,1.88,38,25,Yes,Hot Work,Morning,Low,Low,Low,Low,80
37.33,83.26,8.58,37,29,Yes,Normal,Evening,Low,High,Low,High,40
48.56,78.91,2.38,84,16,No,Confined Space,Night,Low,Medium,Low,Low,80
41.92,62.65,3.77,39,3,No,Normal,Morning,Low,Medium,Low,Low,90
48.12,94.98,9.38,24,7,No,Hot Work,Night,Low,High,Low,High,50
47.93,81.41,8.34,65,4,Yes,Normal,Night,Low,High,Low,High,40
29.09,68.53,9.09,66,13,No,Normal,Night,Low,Medium,Low,High,60
58.87,99.05,6.03,29,1,No,Hot Work,Evening,Low,High,Medium,Medium,70
16.93,84.26,3.36,53,29,No,Confined Space,Night,Low,High,Low,Low,60
96.29,87.04,8.84,88,12,No,Confined Space,Night,High,High,High,High,20
8.51,55.13,3.04,50,28,Yes,Hot Work,Morning,Low,Low,Low,Low,80
17.82,60.82,9.73,80,23,Yes,Normal,Evening,Low,Medium,Low,High,50
59.51,21.96,4.6,41,14,No,Confined Space,Morning,Low,Low,Medium,Low,100
59.0,80.8,5.11,65,12,No,Normal,Morning,Low,High,Medium,Medium,70
47.61,54.46,7.76,47,30,Yes,Normal,Night,Low,Low,Low,Medium,60
85.52,67.2,4.97,40,2,Yes,Confined Space,Night,Medium,Medium,High,Low,40
50.5,68.83,6.1,73,12,Yes,Hot Work,Morning,Low,Medium,Medium,Medium,70
96.46,57.51,3.38,90,28,Yes,Hot Work,Morning,Medium,Low,High,Low,50
25.1,56.34,2.39,40,19,Yes,Confined Space,Morning,Low,Low,Low,Low,90
25.98,49.11,1.58,83,9,No,Normal,Night,Low,Low,Low,Low,90
98.95,65.12,6.29,66,4,No,Confined Space,Night,Medium,Medium,High,Medium,40
24.53,85.36,7.73,47,16,Yes,Normal,Morning,Low,High,Low,Medium,60
33.73,47.05,2.09,46,26,No,Confined Space,Evening,Low,Low,Low,Low,90
33.57,27.01,8.83,53,27,No,Normal,Night,Low,Low,Low,High,60
1.17,24.3,7.86,51,27,Yes,Hot Work,Night,Low,Low,Low,Medium,60
89.2,50.67,6.15,34,12,No,Hot Work,Evening,Medium,Low,High,Medium,60
22.7,38.82,9.92,87,7,Yes,Hot Work,Evening,Low,Low,Low,High,70
10.55,79.73,7.93,20,11,No,Normal,Morning,Low,Medium,Low,Medium,80
49.2,36.12,9.05,28,3,No,Normal,Night,Low,Low,Low,High,70
5.67,25.69,7.87,82,9,No,Confined Space,Evening,Low,Low,Low,Medium,90
51.71,20.22,4.14,35,5,No,Confined Space,Night,Low,Low,Medium,Low,90
92.9,52.98,9.8,88,25,No,Hot Work,Morning,Medium,Low,High,High,40
86.79,88.58,8.0,81,10,No,Confined Space,Morning,High,High,High,Medium,40
3.36,77.34,4.23,40,8,Yes,Normal,Night,Low,Medium,Low,Low,70
19.06,77.37,1.54,36,7,Yes,Confined Space,Night,Low,Medium,Low,Low,70
42.6,88.39,6.03,43,11,No,Hot Work,Evening,Low,High,Low,Medium,70
86.78,65.5,2.8,28,21,No,Hot Work,Morning,Medium,Medium,High,Low,50
8.29,64.54,4.16,38,23,No,Confined Space,Evening,Low,Medium,Low,Low,80
99.91,52.78,1.96,53,3,Yes,Normal,Morning,Medium,Low,High,Low,60
8.25,22.54,1.17,54,21,No,Confined Space,Morning,Low,Low,Low,Low,90
56.1,54.48,7.6,68,13,No,Hot Work,Evening,Low,Low,Medium,Medium,90
88.84,88.52,1.22,57,9,Yes,Hot Work,Evening,High,High,High,Low,40
37.4,72.01,7.9,64,4,Yes,Hot Work,Night,Low,Medium,Low,Medium,60
20.48,87.84,3.43,88,16,No,Confined Space,Evening,Low,High,Low,Low,80
34.24,43.7,5.27,76,15,Yes,Normal,Night,Low,Low,Low,Medium,70
81.09,93.98,7.82,44,18,Yes,Normal,Evening,High,High,High,Medium,30
13.74,74.06,5.59,48,23,Yes,Normal,Night,Low,Medium,Low,Medium,50
24.7,87.68,3.37,80,21,Yes,Confined Space,Evening,Low,High,Low,Low,60
60.04,98.84,4.63,34,3,Yes,Normal,Night,Medium,High,Medium,Low,45
54.39,34.48,6.69,47,2,Yes,Hot Work,Evening,Low,Low,Medium,Medium,80
34.19,26.14,1.6,54,23,No,Hot Work,Night,Low,Low,Low,Low,80
81.85,76.96,9.4,22,25,Yes,Confined Space,Evening,High,Medium,High,High,20
73.37,86.78,2.12,68,23,No,Hot Work,Morning,Medium,High,Medium,Low,55
35.5,62.28,2.42,34,24,No,Confined Space,Morning,Low,Medium,Low,Low,80
21.22,62.63,9.49,21,17,Yes,Confined Space,Evening,Low,Medium,Low,High,60
62.87,97.74,3.25,85,3,Yes,Normal,Evening,Medium,High,Medium,Low,55
61.63,30.55,7.3,28,12,Yes,Normal,Night,Medium,Low,Medium,Medium,55
70.65,33.61,7.64,74,17,No,Hot Work,Night,Medium,Low,Medium,Medium,65
99.59,88.13,4.46,43,28,Yes,Hot Work,Evening,High,High,High,Low,30
51.56,26.97,4.24,75,23,No,Normal,Morning,Low,Low,Medium,Low,90
43.64,45.1,5.95,42,30,Yes,Confined Space,Morning,Low,Low,Low,Medium,70
26.06,33.06,3.1,58,30,Yes,Hot Work,Evening,Low,Low,Low,Low,80
97.92,56.24,1.73,36,1,Yes,Normal,Morning,Medium,Low,High,Low,60
0.73,56.62,3.7,24,1,Yes,Hot Work,Morning,Low,Low,Low,Low,90
57.24,63.0,7.89,69,10,Yes,Normal,Morning,Low,Medium,Medium,Medium,70
72.49,88.82,8.69,48,16,Yes,Confined Space,Night,Medium,High,Medium,High,25
68.15,49.41,8.88,67,8,No,Hot Work,Morning,Medium,Low,Medium,High,65
42.73,89.8,4.29,47,12,No,Normal,Night,Low,High,Low,Low,70
21.25,58.16,1.62,64,20,Yes,Confined Space,Night,Low,Low,Low,Low,80
55.43,68.17,4.29,34,21,Yes,Hot Work,Morning,Low,Medium,Medium,Low,70
13.12,99.31,6.11,26,12,No,Confined Space,Night,Low,High,Low,Medium,60
25.7,25.13,4.4,86,30,No,Hot Work,Morning,Low,Low,Low,Low,90
44.78,91.1,4.98,31,27,Yes,Confined Space,Morning,Low,High,Low,Low,60
15.28,20.04,7.2,83,26,No,Normal,Evening,Low,Low,Low,Medium,80
6.34,32.99,3.87,90,29,No,Normal,Night,Low,Low,Low,Low,80
96.06,51.65,8.38,70,24,Yes,Hot Work,Evening,Medium,Low,High,High,30
39.69,78.1,3.2,38,3,Yes,Confined Space,Night,Low,Medium,Low,Low,70
86.26,50.74,1.48,77,7,Yes,Hot Work,Night,Medium,Low,High,Low,50
74.92,65.63,2.88,86,17,Yes,Confined Space,Night,Medium,Medium,Medium,Low,55
34.35,20.88,4.34,72,8,No,Hot Work,Evening,Low,Low,Low,Low,100
37.85,30.24,7.89,27,13,Yes,Confined Space,Morning,Low,Low,Low,Medium,80
97.1,36.04,8.45,39,6,No,Hot Work,Morning,Medium,Low,High,High,50
68.79,36.06,3.19,85,17,No,Confined Space,Night,Medium,Low,Medium,Low,75
58.2,24.5,8.93,56,7,No,Confined Space,Night,Low,Low,Medium,High,70
13.1,59.73,7.7,71,3,No,Normal,Evening,Low,Low,Low,Medium,90
74.46,20.63,4.11,83,14,Yes,Hot Work,Night,Medium,Low,Medium,Low,65
38.19,72.22,5.55,45,1,No,Hot Work,Morning,Low,Medium,Low,Medium,80
26.03,78.77,8.65,39,14,No,Confined Space,Night,Low,Medium,Low,High,60
80.7,93.36,8.34,58,4,No,Hot Work,Evening,High,High,High,High,30
80.93,77.44,8.07,90,18,Yes,Normal,Morning,High,Medium,High,High,30
5.54,79.9,6.22,60,5,No,Hot Work,Evening,Low,Medium,Low,Medium,80
43.38,35.72,3.93,70,24,No,Hot Work,Night,Low,Low,Low,Low,80
96.46,83.36,5.77,36,8,No,Hot Work,Evening,High,High,High,Medium,40
65.33,73.42,7.3,61,24,Yes,Confined Space,Morning,Medium,Medium,Medium,Medium,45
10.66,36.8,7.0,68,30,Yes,Normal,Morning,Low,Low,Low,Medium,70
60.94,46.61,8.56,27,13,Yes,Hot Work,Night,Medium,Low,Medium,High,45
31.52,36.53,3.37,78,20,No,Confined Space,Evening,Low,Low,Low,Low,100
12.55,99.83,9.78,54,26,No,Normal,Evening,Low,High,Low,High,50
2.53,30.19,6.43,38,13,Yes,Hot Work,Night,Low,Low,Low,Medium,70
29.85,63.07,7.82,36,1,No,Hot Work,Night,Low,Medium,Low,Medium,70
87.67,78.81,4.77,85,29,No,Hot Work,Night,High,Medium,High,Low,40
78.24,89.03,2.1,57,22,Yes,Hot Work,Morning,Medium,High,High,Low,45
33.61,43.49,1.02,72,24,Yes,Confined Space,Evening,Low,Low,Low,Low,80
86.91,27.57,7.9,28,27,No,Hot Work,Evening,Medium,Low,High,Medium,50
49.0,59.87,8.91,62,14,Yes,Hot Work,Morning,Low,Low,Low,High,70
70.66,39.39,7.37,55,10,No,Hot Work,Morning,Medium,Low,Medium,Medium,75
73.67,74.72,5.14,87,18,No,Hot Work,Morning,Medium,Medium,Medium,Medium,65
96.71,56.65,4.03,29,23,No,Normal,Evening,Medium,Low,High,Low,60
74.73,62.14,8.81,64,30,No,Hot Work,Evening,Medium,Medium,Medium,High,45
94.19,48.87,2.99,44,16,No,Normal,Night,Medium,Low,High,Low,60
35.26,30.92,10.0,24,6,No,Confined Space,Night,Low,Low,Low,High,70
96.16,55.66,7.25,70,4,Yes,Confined Space,Night,Medium,Low,High,Medium,40
43.6,74.98,6.06,71,5,Yes,Confined Space,Morning,Low,Medium,Low,Medium,70
11.43,33.52,2.73,50,6,No,Normal,Morning,Low,Low,Low,Low,100
93.34,35.71,2.79,26,3,No,Normal,Evening,Medium,Low,High,Low,70
91.64,72.48,5.72,47,30,Yes,Normal,Evening,High,Medium,High,Medium,30
90.7,76.43,8.43,52,15,Yes,Confined Space,Night,High,Medium,High,High,20
99.2,65.45,6.36,37,10,Yes,Confined Space,Morning,Medium,Medium,High,Medium,40
93.09,60.77,1.05,61,25,Yes,Confined Space,Evening,Medium,Medium,High,Low,40
6.4,77.78,8.26,21,1,Yes,Normal,Evening,Low,Medium,Low,High,60
2.03,27.54,3.66,61,21,Yes,Normal,Evening,Low,Low,Low,Low,80
37.04,76.97,1.03,21,13,Yes,Normal,Evening,Low,Medium,Low,Low,80
36.43,54.99,6.59,73,4,No,Hot Work,Evening,Low,Low,Low,Medium,90
80.75,96.53,6.65,80,24,No,Hot Work,Night,High,High,High,Medium,20
30.75,73.81,3.1,65,1,No,Hot Work,Evening,Low,Medium,Low,Low,90
9.16,27.45,5.21,66,29,No,Normal,Evening,Low,Low,Low,Medium,80
70.72,89.18,7.62,84,2,Yes,Normal,Morning,Medium,High,Medium,Medium,45
45.95,31.06,1.98,27,9,No,Hot Work,Night,Low,Low,Low,Low,90
26.99,98.53,1.9,62,9,No,Hot Work,Night,Low,High,Low,Low,70
56.38,27.92,2.9,44,7,Yes,Hot Work,Night,Low,Low,Medium,Low,80
54.59,88.66,7.04,29,26,Yes,Hot Work,Evening,Low,High,Medium,Medium,50
75.72,68.02,4.11,84,13,Yes,Normal,Evening,Medium,Medium,High,Low,65
99.37,65.04,5.96,52,21,Yes,Confined Space,Morning,Medium,Medium,High,Medium,30
55.02,83.47,1.84,60,2,No,Hot Work,Evening,Low,High,Medium,Low,80
65.85,76.94,5.24,30,1,No,Hot Work,Evening,Medium,Medium,Medium,Medium,65
47.73,30.7,5.84,35,10,Yes,Confined Space,Evening,Low,Low,Low,Medium,80
55.1,83.15,6.22,39,21,No,Hot Work,Night,Low,High,Medium,Medium,50
9.83,97.1,2.42,43,6,No,Hot Work,Night,Low,High,Low,Low,70
47.61,85.46,4.61,89,26,No,Hot Work,Evening,Low,High,Low,Low,70
41.67,35.84,5.44,52,22,No,Normal,Morning,Low,Low,Low,Medium,80
46.7,59.55,2.17,37,29,No,Hot Work,Night,Low,Low,Low,Low,80
63.58,65.36,6.92,72,9,Yes,Normal,Evening,Medium,Medium,Medium,Medium,55
9.44,93.62,1.82,63,10,No,Hot Work,Night,Low,High,Low,Low,70
73.15,42.74,1.38,69,2,Yes,Confined Space,Evening,Medium,Low,Medium,Low,75
67.25,42.44,1.79,80,22,Yes,Hot Work,Morning,Medium,Low,Medium,Low,65
60.02,30.6,5.18,83,20,No,Confined Space,Night,Medium,Low,Medium,Medium,65
50.55,25.79,3.71,80,22,Yes,Hot Work,Night,Low,Low,Medium,Low,70
44.01,25.87,1.22,61,8,Yes,Hot Work,Night,Low,Low,Low,Low,80
62.81,98.06,8.29,62,25,No,Normal,Morning,Medium,High,Medium,High,35
84.25,82.66,9.97,31,10,No,Hot Work,Evening,High,High,High,High,30
86.98,83.56,2.07,48,21,Yes,Confined Space,Morning,High,High,High,Low,30
84.37,94.05,5.48,61,1,Yes,Confined Space,Night,High,High,High,Medium,20
71.37,73.46,4.72,61,12,No,Confined Space,Morning,Medium,Medium,Medium,Low,75
20.09,61.74,6.97,27,25,Yes,Confined Space,Morning,Low,Medium,Low,Medium,60
6.46,33.11,9.38,49,1,Yes,Hot Work,Night,Low,Low,Low,High,60
68.95,37.28,4.5,29,28,No,Normal,Night,Medium,Low,Medium,Low,65
84.89,94.84,7.08,74,12,No,Confined Space,Evening,High,High,High,Medium,40
76.21,69.5,4.64,70,25,No,Confined Space,Night,Medium,Medium,High,Low,55
90.44,43.38,2.71,81,23,Yes,Confined Space,Night,Medium,Low,High,Low,40
5.07,66.75,2.81,31,13,No,Confined Space,Morning,Low,Medium,Low,Low,90
19.91,28.38,2.4,57,15,Yes,Normal,Evening,Low,Low,Low,Low,90
89.26,38.47,4.84,89,12,No,Normal,Evening,Medium,Low,High,Low,70
50.97,62.01,2.94,90,24,Yes,Normal,Evening,Low,Medium,Medium,Low,70
18.58,63.58,8.6,47,12,No,Confined Space,Evening,Low,Medium,Low,High,70
56.73,82.43,3.31,63,17,Yes,Confined Space,Evening,Low,High,Medium,Low,70
97.13,61.88,2.8,32,4,Yes,Confined Space,Evening,Medium,Medium,High,Low,50
78.16,31.63,2.04,74,10,Yes,Normal,Evening,Medium,Low,High,Low,75
56.23,76.46,9.68,67,19,Yes,Hot Work,Evening,Low,Medium,Medium,High,60
0.21,76.22,4.98,83,19,Yes,Confined Space,Night,Low,Medium,Low,Low,70
42.76,81.44,1.22,55,1,No,Normal,Morning,Low,High,Low,Low,80
3.76,36.48,5.38,56,3,No,Normal,Night,Low,Low,Low,Medium,80
45.02,39.32,6.12,59,2,No,Confined Space,Evening,Low,Low,Low,Medium,90
11.93,80.33,5.33,73,28,No,Confined Space,Night,Low,High,Low,Medium,50
14.16,57.78,3.92,57,9,No,Normal,Night,Low,Low,Low,Low,90
83.23,78.59,3.7,37,28,No,Hot Work,Morning,High,Medium,High,Low,50
37.96,79.27,9.69,24,27,No,Hot Work,Night,Low,Medium,Low,High,50
4.5,49.33,5.13,90,5,No,Hot Work,Night,Low,Low,Low,Medium,80
36.97,52.45,3.73,78,28,Yes,Hot Work,Evening,Low,Low,Low,Low,80
82.93,83.45,5.28,48,12,No,Confined Space,Morning,High,High,High,Medium,40
46.33,98.83,7.66,24,1,Yes,Hot Work,Evening,Low,High,Low,Medium,60
69.16,28.83,6.92,75,7,Yes,Normal,Morning,Medium,Low,Medium,Medium,65
78.43,24.82,7.05,63,17,Yes,Confined Space,Night,Medium,Low,High,Medium,55
78.63,47.82,4.62,61,22,Yes,Hot Work,Night,Medium,Low,High,Low,55
3.57,62.17,4.22,69,5,No,Hot Work,Evening,Low,Medium,Low,Low,90
66.95,79.22,2.96,76,23,No,Confined Space,Evening,Medium,Medium,Medium,Low,65
52.39,45.78,7.64,31,17,Yes,Hot Work,Night,Low,Low,Medium,Medium,70
99.48,88.11,6.12,39,30,No,Normal,Morning,High,High,High,Medium,30
49.07,33.6,4.16,73,23,No,Normal,Morning,Low,Low,Low,Low,90
82.26,40.69,9.85,82,5,No,Normal,Morning,Medium,Low,High,High,50
2.28,49.32,2.53,88,2,No,Normal,Evening,Low,Low,Low,Low,100
10.48,58.82,7.49,48,26,No,Confined Space,Morning,Low,Low,Low,Medium,80
32.87,30.08,9.26,42,5,Yes,Hot Work,Night,Low,Low,Low,High,60
61.53,89.24,1.85,83,10,No,Hot Work,Morning,Medium,High,Medium,Low,65
19.32,65.13,6.24,72,20,No,Confined Space,Night,Low,Medium,Low,Medium,70
44.05,25.41,2.92,28,28,No,Normal,Evening,Low,Low,Low,Low,90
79.52,98.65,4.62,67,28,No,Normal,Evening,Medium,High,High,Low,55
43.72,74.69,9.92,72,29,No,Confined Space,Evening,Low,Medium,Low,High,60
64.35,59.84,5.48,23,29,Yes,Hot Work,Morning,Medium,Low,Medium,Medium,55
34.23,48.85,8.75,87,16,No,Normal,Night,Low,Low,Low,High,70
58.73,44.59,8.96,58,27,No,Confined Space,Night,Low,Low,Medium,High,60
84.47,46.66,4.37,85,30,Yes,Hot Work,Night,Medium,Low,High,Low,40
11.91,55.84,3.59,43,29,Yes,Confined Space,Evening,Low,Low,Low,Low,80
89.98,34.61,5.8,69,18,Yes,Confined Space,Morning,Medium,Low,High,Medium,50
57.79,33.84,1.19,37,25,No,Confined Space,Evening,Low,Low,Medium,Low,90
81.57,76.29,5.88,24,10,No,Hot Work,Morning,High,Medium,High,Medium,50
59.6,68.86,3.78,74,18,Yes,Hot Work,Evening,Low,Medium,Medium,Low,80
41.08,71.18,2.41,76,16,Yes,Normal,Night,Low,Medium,Low,Low,70
22.83,65.62,8.32,35,2,Yes,Confined Space,Evening,Low,Medium,Low,High,60
68.85,97.05,1.48,20,6,No,Confined Space,Night,Medium,High,Medium,Low,55
34.37,52.9,4.44,50,12,No,Confined Space,Evening,Low,Low,Low,Low,100
49.67,84.26,7.42,81,24,Yes,Confined Space,Night,Low,High,Low,Medium,40
25.7,75.06,6.24,56,6,Yes,Hot Work,Morning,Low,Medium,Low,Medium,70
68.61,49.46,4.18,65,3,No,Normal,Night,Medium,Low,Medium,Low,75
97.06,97.79,2.46,49,7,No,Hot Work,Evening,High,High,High,Low,50
26.87,50.74,3.42,47,25,Yes,Normal,Morning,Low,Low,Low,Low,80
74.23,94.79,2.09,52,8,Yes,Confined Space,Evening,Medium,High,Medium,Low,55
29.42,53.63,6.65,89,1,Yes,Confined Space,Evening,Low,Low,Low,Medium,80
69.65,43.77,3.92,78,14,Yes,Hot Work,Evening,Medium,Low,Medium,Low,75
89.82,56.28,2.46,49,25,No,Hot Work,Morning,Medium,Low,High,Low,60
94.48,81.76,5.42,72,15,Yes,Normal,Evening,High,High,High,Medium,30
96.84,57.67,9.48,24,12,Yes,Confined Space,Morning,Medium,Low,High,High,40
30.35,52.92,9.0,32,2,Yes,Normal,Night,Low,Low,Low,High,60
90.93,79.49,4.71,24,8,No,Normal,Morning,High,Medium,High,Low,60
15.42,81.39,8.64,21,16,Yes,Normal,Evening,Low,High,Low,High,50
54.1,92.25,6.22,83,15,No,Confined Space,Evening,Low,High,Medium,Medium,70
73.22,50.08,1.8,71,29,No,Confined Space,Morning,Medium,Low,Medium,Low,75
38.59,41.77,4.08,69,30,Yes,Normal,Morning,Low,Low,Low,Low,80
96.73,64.55,4.27,50,12,Yes,Hot Work,Evening,Medium,Medium,High,Low,50
31.41,86.12,8.39,61,6,Yes,Normal,Morning,Low,High,Low,High,50
28.9,68.87,5.76,79,11,No,Confined Space,Morning,Low,Medium,Low,Medium,80
4.88,62.46,3.17,50,3,Yes,Normal,Evening,Low,Medium,Low,Low,80
11.72,95.03,4.21,49,5,No,Hot Work,Night,Low,High,Low,Low,70
80.01,22.43,4.4,59,26,No,Hot Work,Morning,Medium,Low,High,Low,60
53.25,38.69,9.92,36,2,No,Confined Space,Morning,Low,Low,Medium,High,80
56.88,77.74,9.14,83,27,No,Confined Space,Evening,Low,Medium,Medium,High,60
9.37,52.66,1.09,48,6,No,Normal,Night,Low,Low,Low,Low,90
23.29,60.1,3.1,56,26,No,Hot Work,Night,Low,Medium,Low,Low,70
87.44,64.35,9.41,85,30,No,Normal,Night,Medium,Medium,High,High,20
75.68,60.31,3.71,69,25,No,Confined Space,Morning,Medium,Medium,High,Low,65
39.68,72.51,9.34,55,12,Yes,Confined Space,Evening,Low,Medium,Low,High,60
65.64,76.99,5.74,81,13,Yes,Hot Work,Night,Medium,Medium,Medium,Medium,45
76.17,82.78,6.87,74,13,No,Hot Work,Night,Medium,High,High,Medium,45
44.28,20.6,2.41,46,26,No,Confined Space,Morning,Low,Low,Low,Low,90
54.61,69.98,9.6,56,8,No,Confined Space,Evening,Low,Medium,Medium,High,70
57.67,90.52,1.47,21,27,No,Hot Work,Evening,Low,High,Medium,Low,70
31.23,81.74,9.52,32,9,No,Normal,Morning,Low,High,Low,High,60
1.39,97.54,3.48,77,10,Yes,Confined Space,Morning,Low,High,Low,Low,70
39.97,88.02,4.31,62,30,No,Hot Work,Night,Low,High,Low,Low,60
96.53,39.41,1.45,26,13,Yes,Hot Work,Evening,Medium,Low,High,Low,60
43.36,59.31,1.1,61,26,No,Hot Work,Morning,Low,Low,Low,Low,90
15.33,43.8,5.11,65,10,No,Normal,Morning,Low,Low,Low,Medium,90
9.39,23.42,7.59,46,5,Yes,Normal,Evening,Low,Low,Low,Medium,80
66.92,25.58,5.18,26,24,No,Hot Work,Morning,Medium,Low,Medium,Medium,65
44.27,99.14,8.21,28,28,No,Normal,Night,Low,High,Low,High,40
51.1,76.68,8.23,62,28,Yes,Hot Work,Night,Low,Medium,Medium,High,40
16.5,40.49,8.55,28,3,No,Confined Space,Night,Low,Low,Low,High,70
8.82,41.91,1.81,74,5,Yes,Confined Space,Night,Low,Low,Low,Low,80
56.93,81.71,4.09,80,1,No,Normal,Night,Low,High,Medium,Low,70
40.71,26.03,2.36,82,14,Yes,Normal,Morning,Low,Low,Low,Low,90
18.35,63.0,7.05,62,9,No,Confined Space,Evening,Low,Medium,Low,Medium,80
13.13,21.09,6.09,35,28,Yes,Normal,Night,Low,Low,Low,Medium,60
41.27,77.28,1.76,39,19,No,Normal,Morning,Low,Medium,Low,Low,90
23.88,47.89,5.43,75,2,No,Hot Work,Night,Low,Low,Low,Medium,80
45.81,35.77,2.65,56,6,Yes,Normal,Evening,Low,Low,Low,Low,90
56.34,64.58,2.92,62,7,Yes,Hot Work,Evening,Low,Medium,Medium,Low,80
78.0,82.23,8.91,44,15,Yes,Normal,Night,Medium,High,High,High,25
64.49,47.4,3.59,29,12,No,Normal,Night,Medium,Low,Medium,Low,75
52.82,92.0,4.66,73,24,Yes,Normal,Morning,Low,High,Medium,Low,60
99.9,87.11,9.14,40,19,Yes,Confined Space,Evening,High,High,High,High,20
73.42,51.78,5.39,41,19,No,Normal,Evening,Medium,Low,Medium,Medium,75
67.83,32.71,4.46,42,7,Yes,Hot Work,Evening,Medium,Low,Medium,Low,75
84.0,94.55,3.38,70,30,No,Hot Work,Morning,High,High,High,Low,40
84.1,54.96,9.42,82,8,No,Confined Space,Evening,Medium,Low,High,High,50
8.19,55.94,8.81,39,7,No,Hot Work,Morning,Low,Low,Low,High,80
11.34,37.47,7.47,43,4,No,Normal,Night,Low,Low,Low,Medium,80
76.83,89.84,8.03,84,13,Yes,Confined Space,Evening,Medium,High,High,High,35
3.76,81.33,7.86,69,20,Yes,Hot Work,Night,Low,High,Low,Medium,50
61.84,81.36,9.53,83,27,Yes,Hot Work,Night,Medium,High,Medium,High,15
23.22,69.81,2.46,67,5,No,Confined Space,Evening,Low,Medium,Low,Low,90
42.4,36.32,9.87,30,18,No,Normal,Night,Low,Low,Low,High,70
96.39,55.89,2.1,42,19,No,Normal,Morning,Medium,Low,High,Low,70
78.41,76.7,5.99,28,11,Yes,Normal,Morning,Medium,Medium,High,Medium,55
24.68,29.07,6.84,54,15,No,Normal,Night,Low,Low,Low,Medium,80
80.48,65.95,4.69,29,10,No,Normal,Morning,Medium,Medium,High,Low,60
25.33,52.78,3.73,27,17,No,Confined Space,Evening,Low,Low,Low,Low,100
48.62,95.9,1.06,27,29,No,Normal,Night,Low,High,Low,Low,60
28.26,33.48,9.82,29,20,No,Normal,Morning,Low,Low,Low,High,80
25.46,26.49,5.17,62,4,No,Hot Work,Morning,Low,Low,Low,Medium,90
46.45,73.01,8.29,44,6,No,Confined Space,Morning,Low,Medium,Low,High,70
53.05,84.94,7.37,65,3,No,Hot Work,Morning,Low,High,Medium,Medium,70
38.53,78.57,8.66,28,18,No,Normal,Evening,Low,Medium,Low,High,70
41.8,64.09,2.24,85,8,No,Normal,Night,Low,Medium,Low,Low,80
21.04,97.52,5.25,65,11,Yes,Hot Work,Night,Low,High,Low,Medium,50
70.07,70.16,7.64,60,29,Yes,Normal,Evening,Medium,Medium,Medium,Medium,45
25.4,73.08,3.59,85,20,No,Hot Work,Morning,Low,Medium,Low,Low,90
13.46,60.71,6.93,20,25,Yes,Normal,Evening,Low,Medium,Low,Medium,60
92.58,62.71,3.65,63,11,Yes,Hot Work,Evening,Medium,Medium,High,Low,50
82.12,43.73,9.64,25,15,Yes,Confined Space,Night,Medium,Low,High,High,30
7.09,40.89,7.29,21,10,Yes,Confined Space,Evening,Low,Low,Low,Medium,80
33.72,87.7,9.97,82,5,Yes,Confined Space,Morning,Low,High,Low,High,50
22.2,42.23,8.65,21,2,No,Normal,Night,Low,Low,Low,High,70
19.9,70.36,6.15,74,27,No,Normal,Morning,Low,Medium,Low,Medium,70
96.6,91.76,7.42,38,4,Yes,Confined Space,Night,High,High,High,Medium,20
81.79,69.8,7.79,27,7,Yes,Confined Space,Morning,Medium,Medium,High,Medium,40
82.73,24.32,1.62,20,6,Yes,Confined Space,Evening,Medium,Low,High,Low,60
90.49,76.73,1.53,21,16,Yes,Hot Work,Evening,High,Medium,High,Low,50
72.26,45.94,4.86,88,21,No,Normal,Evening,Medium,Low,Medium,Low,75
32.2,32.89,1.52,80,15,Yes,Confined Space,Evening,Low,Low,Low,Low,90
47.33,58.93,4.32,62,3,No,Hot Work,Morning,Low,Low,Low,Low,100
53.29,53.49,5.3,45,7,No,Hot Work,Night,Low,Low,Medium,Medium,80
80.39,39.42,1.26,53,26,Yes,Normal,Evening,Medium,Low,High,Low,50
40.81,87.74,7.69,27,19,No,Hot Work,Morning,Low,High,Low,Medium,70
89.47,36.0,7.1,29,16,No,Hot Work,Evening,Medium,Low,High,Medium,60
66.33,76.29,4.93,66,6,No,Normal,Evening,Medium,Medium,Medium,Low,75
85.53,77.24,1.06,75,3,Yes,Hot Work,Morning,High,Medium,High,Low,50
54.64,62.01,8.95,55,27,Yes,Confined Space,Evening,Low,Medium,Medium,High,50
33.28,51.63,9.5,36,6,No,Confined Space,Evening,Low,Low,Low,High,80
12.97,73.39,6.58,41,4,Yes,Confined Space,Night,Low,Medium,Low,Medium,60
17.26,94.09,1.51,72,25,Yes,Hot Work,Morning,Low,High,Low,Low,60
35.44,74.3,2.28,35,2,No,Confined Space,Night,Low,Medium,Low,Low,80
8.54,47.22,2.03,82,18,Yes,Confined Space,Evening,Low,Low,Low,Low,90
14.88,89.57,6.08,28,19,No,Confined Space,Morning,Low,High,Low,Medium,70
78.31,65.58,1.76,41,8,No,Hot Work,Night,Medium,Medium,High,Low,65
10.9,86.07,4.7,29,6,Yes,Hot Work,Night,Low,High,Low,Low,60
38.41,75.91,1.16,23,11,No,Hot Work,Morning,Low,Medium,Low,Low,90
25.02,40.53,6.85,49,29,No,Hot Work,Night,Low,Low,Low,Medium,70
64.72,92.1,3.44,56,21,No,Confined Space,Night,Medium,High,Medium,Low,45
71.03,54.64,4.82,41,16,Yes,Normal,Night,Medium,Low,Medium,Low,65
64.11,95.98,9.75,59,7,Yes,Confined Space,Night,Medium,High,Medium,High,25
8.5,55.43,8.22,33,30,No,Hot Work,Morning,Low,Low,Low,High,70
94.1,95.13,4.17,36,23,No,Normal,Night,High,High,High,Low,30
96.58,66.25,3.06,36,9,No,Confined Space,Morning,Medium,Medium,High,Low,60
29.05,42.76,9.08,35,28,Yes,Confined Space,Morning,Low,Low,Low,High,60
48.01,37.85,3.04,63,20,Yes,Hot Work,Morning,Low,Low,Low,Low,90
19.09,88.62,8.54,35,27,Yes,Hot Work,Evening,Low,High,Low,High,40
65.92,52.28,2.08,28,6,Yes,Hot Work,Morning,Medium,Low,Medium,Low,75
69.41,77.09,5.54,23,20,Yes,Normal,Night,Medium,Medium,Medium,Medium,45
27.17,29.46,9.01,64,26,No,Confined Space,Evening,Low,Low,Low,High,70
38.4,74.35,7.44,58,6,Yes,Confined Space,Night,Low,Medium,Low,Medium,60
98.76,82.56,4.36,79,16,No,Confined Space,Night,High,High,High,Low,40
62.83,51.69,3.26,57,19,Yes,Confined Space,Night,Medium,Low,Medium,Low,65
34.85,58.15,2.96,48,20,No,Confined Space,Morning,Low,Low,Low,Low,100
70.57,88.45,5.93,45,29,Yes,Normal,Night,Medium,High,Medium,Medium,25
59.0,67.85,5.04,89,29,Yes,Normal,Morning,Low,Medium,Medium,Medium,60
11.04,78.72,6.4,58,29,Yes,Hot Work,Morning,Low,Medium,Low,Medium,60
88.0,88.61,9.06,72,19,No,Normal,Evening,High,High,High,High,30
23.46,83.66,3.26,75,18,Yes,Confined Space,Morning,Low,High,Low,Low,70
75.48,64.5,7.48,84,9,Yes,Normal,Evening,Medium,Medium,High,Medium,55
9.14,75.5,7.59,83,1,Yes,Confined Space,Morning,Low,Medium,Low,Medium,70
90.74,79.93,7.88,89,23,No,Confined Space,Evening,High,Medium,High,Medium,40
21.59,76.51,3.12,61,21,Yes,Normal,Morning,Low,Medium,Low,Low,70
16.26,62.64,1.02,44,1,No,Hot Work,Evening,Low,Medium,Low,Low,90
89.63,81.98,9.78,77,10,No,Normal,Evening,High,High,High,High,30
63.33,82.26,6.94,35,16,Yes,Confined Space,Night,Medium,High,Medium,Medium,35
95.11,27.62,1.84,73,11,No,Normal,Morning,Medium,Low,High,Low,70
21.25,94.63,6.08,78,19,No,Confined Space,Night,Low,High,Low,Medium,60
29.05,71.74,4.58,31,11,No,Confined Space,Evening,Low,Medium,Low,Low,90
66.62,61.74,7.0,65,7,Yes,Hot Work,Night,Medium,Medium,Medium,Medium,45
40.05,96.15,6.23,44,6,Yes,Normal,Night,Low,High,Low,Medium,50
22.24,79.44,3.2,58,27,No,Hot Work,Morning,Low,Medium,Low,Low,80
2.7,45.67,2.57,29,3,No,Normal,Morning,Low,Low,Low,Low,100
20.16,60.44,8.37,53,22,No,Hot Work,Morning,Low,Medium,Low,High,60
97.66,98.2,1.83,45,9,Yes,Hot Work,Night,High,High,High,Low,30
28.51,22.9,9.57,66,6,No,Hot Work,Night,Low,Low,Low,High,70
37.78,99.81,7.46,40,25,Yes,Confined Space,Evening,Low,High,Low,Medium,50
87.16,36.63,3.85,60,8,Yes,Hot Work,Night,Medium,Low,High,Low,50
64.02,30.58,2.43,41,24,No,Confined Space,Morning,Medium,Low,Medium,Low,75
78.37,97.92,2.63,41,11,No,Confined Space,Morning,Medium,High,High,Low,65
76.98,91.71,2.15,68,18,No,Hot Work,Night,Medium,High,High,Low,55
51.1,70.34,3.57,63,18,No,Normal,Morning,Low,Medium,Medium,Low,90
67.53,93.68,3.07,73,10,No,Confined Space,Evening,Medium,High,Medium,Low,65
85.92,41.34,9.33,47,7,Yes,Confined Space,Night,Medium,Low,High,High,30
82.11,88.64,8.74,71,26,Yes,Normal,Morning,High,High,High,High,10
85.24,66.55,4.54,24,10,Yes,Normal,Morning,Medium,Medium,High,Low,50
71.69,74.64,6.0,76,19,No,Confined Space,Evening,Medium,Medium,Medium,Medium,65
69.9,39.1,7.65,88,3,No,Confined Space,Evening,Medium,Low,Medium,Medium,75
34.84,40.37,4.61,36,21,Yes,Confined Space,Night,Low,Low,Low,Low,70
7.68,25.01,8.58,50,8,Yes,Hot Work,Night,Low,Low,Low,High,60
60.06,78.18,9.22,52,18,No,Normal,Morning,Medium,Medium,Medium,High,55
18.54,82.79,7.41,69,17,Yes,Hot Work,Evening,Low,High,Low,Medium,60
78.85,61.29,6.27,77,26,No,Confined Space,Morning,Medium,Medium,High,Medium,55
58.88,56.1,3.13,46,24,Yes,Hot Work,Evening,Low,Low,Medium,Low,80
13.26,32.17,4.39,75,30,No,Normal,Night,Low,Low,Low,Low,80
34.61,39.4,7.65,39,15,Yes,Normal,Night,Low,Low,Low,Medium,70
10.07,89.41,1.58,56,13,Yes,Confined Space,Night,Low,High,Low,Low,60
53.56,42.88,8.09,24,6,No,Hot Work,Evening,Low,Low,Medium,High,80
66.42,36.35,7.27,52,14,Yes,Hot Work,Evening,Medium,Low,Medium,Medium,65
88.08,93.39,6.13,27,9,Yes,Normal,Night,High,High,High,Medium,20
36.7,73.86,7.14,48,16,No,Hot Work,Night,Low,Medium,Low,Medium,70
24.71,38.12,3.79,84,30,No,Confined Space,Morning,Low,Low,Low,Low,90
66.24,91.72,4.4,43,10,No,Normal,Evening,Medium,High,Medium,Low,65
64.52,21.67,4.42,86,13,No,Hot Work,Evening,Medium,Low,Medium,Low,85
47.45,38.01,6.71,28,24,Yes,Hot Work,Morning,Low,Low,Low,Medium,70
27.26,73.57,1.79,83,8,No,Confined Space,Evening,Low,Medium,Low,Low,90
15.94,20.3,5.47,51,20,No,Confined Space,Evening,Low,Low,Low,Medium,90
33.8,68.15,7.81,41,17,No,Confined Space,Evening,Low,Medium,Low,Medium,80
57.79,52.37,5.85,56,28,Yes,Hot Work,Evening,Low,Low,Medium,Medium,70
13.04,37.96,4.04,66,24,No,Normal,Morning,Low,Low,Low,Low,90
15.38,97.53,9.46,51,27,Yes,Hot Work,Evening,Low,High,Low,High,40
91.36,31.05,2.76,30,8,Yes,Confined Space,Evening,Medium,Low,High,Low,60
23.28,32.1,9.27,25,30,Yes,Normal,Morning,Low,Low,Low,High,60
73.77,71.46,9.49,80,30,Yes,Hot Work,Morning,Medium,Medium,Medium,High,35
53.0,38.91,2.47,75,12,Yes,Normal,Evening,Low,Low,Medium,Low,90
60.42,72.81,1.59,85,4,No,Normal,Night,Medium,Medium,Medium,Low,65
63.86,36.71,2.39,54,11,No,Hot Work,Evening,Medium,Low,Medium,Low,85
90.69,36.87,3.16,84,19,Yes,Confined Space,Night,Medium,Low,High,Low,50
94.47,94.46,1.76,32,9,Yes,Normal,Evening,High,High,High,Low,40
66.82,67.77,3.19,22,16,Yes,Hot Work,Night,Medium,Medium,Medium,Low,55
38.58,46.81,5.51,45,2,No,Confined Space,Night,Low,Low,Low,Medium,80
89.22,59.01,3.95,65,26,Yes,Normal,Morning,Medium,Low,High,Low,50
36.33,86.82,1.44,30,14,Yes,Confined Space,Morning,Low,High,Low,Low,70
18.55,26.03,7.28,76,6,No,Hot Work,Evening,Low,Low,Low,Medium,90
74.49,82.37,2.44,54,20,No,Hot Work,Morning,Medium,High,Medium,Low,65
83.4,59.9,6.81,77,19,Yes,Confined Space,Morning,Medium,Low,High,Medium,50
68.54,85.48,5.15,57,25,Yes,Normal,Morning,Medium,High,Medium,Medium,35
35.37,42.86,1.37,52,27,No,Normal,Morning,Low,Low,Low,Low,90
48.78,62.82,5.99,56,15,No,Confined Space,Night,Low,Medium,Low,Medium,70
26.92,62.84,3.34,41,21,Yes,Confined Space,Morning,Low,Medium,Low,Low,70
53.99,24.04,1.27,86,20,Yes,Hot Work,Evening,Low,Low,Medium,Low,90
70.78,36.13,5.08,45,2,Yes,Normal,Night,Medium,Low,Medium,Medium,55
81.7,87.73,4.12,26,22,Yes,Normal,Night,High,High,High,Low,20
45.41,22.59,3.99,34,1,Yes,Normal,Night,Low,Low,Low,Low,80
38.51,72.36,6.81,74,3,No,Confined Space,Evening,Low,Medium,Low,Medium,80
27.0,56.85,2.87,69,14,No,Confined Space,Evening,Low,Low,Low,Low,100
24.75,75.21,5.29,36,17,Yes,Hot Work,Evening,Low,Medium,Low,Medium,70
93.92,29.62,9.94,68,30,No,Normal,Night,Medium,Low,High,High,30
58.49,43.51,8.13,31,2,No,Hot Work,Evening,Low,Low,Medium,High,80
98.01,57.76,3.57,43,5,No,Confined Space,Morning,Medium,Low,High,Low,70
87.4,32.85,7.16,62,22,Yes,Hot Work,Evening,Medium,Low,High,Medium,40
49.18,34.44,8.99,60,19,Yes,Hot Work,Night,Low,Low,Low,High,60
41.49,96.38,7.66,79,24,Yes,Hot Work,Evening,Low,High,Low,Medium,50
97.74,48.98,1.92,54,2,Yes,Hot Work,Evening,Medium,Low,High,Low,60
46.22,30.57,8.22,73,7,No,Hot Work,Evening,Low,Low,Low,High,80
24.8,61.18,5.54,52,21,No,Hot Work,Morning,Low,Medium,Low,Medium,70
68.13,40.0,2.2,80,29,No,Confined Space,Night,Medium,Low,Medium,Low,65
4.49,35.13,1.52,42,13,No,Confined Space,Night,Low,Low,Low,Low,90
13.05,31.19,6.39,73,30,Yes,Normal,Morning,Low,Low,Low,Medium,70
9.55,21.4,1.33,73,3,No,Confined Space,Morning,Low,Low,Low,Low,100
90.83,43.58,2.3,73,7,No,Hot Work,Morning,Medium,Low,High,Low,70
53.1,29.55,4.81,69,13,No,Confined Space,Night,Low,Low,Medium,Low,90
12.28,95.46,9.17,87,10,Yes,Normal,Evening,Low,High,Low,High,50
93.99,56.85,4.37,52,19,No,Confined Space,Evening,Medium,Low,High,Low,70
74.26,65.33,1.01,60,18,Yes,Confined Space,Morning,Medium,Medium,Medium,Low,65
6.5,86.78,1.25,32,25,No,Hot Work,Evening,Low,High,Low,Low,70
90.53,47.21,8.05,79,5,Yes,Hot Work,Evening,Medium,Low,High,High,40
85.34,87.94,9.16,80,30,Yes,Hot Work,Night,High,High,High,High,0
78.69,65.85,4.11,87,7,Yes,Confined Space,Night,Medium,Medium,High,Low,55
12.18,84.38,9.35,31,26,Yes,Hot Work,Night,Low,High,Low,High,30
36.1,82.27,9.39,26,14,Yes,Hot Work,Night,Low,High,Low,High,40
21.36,70.89,2.08,61,12,Yes,Normal,Morning,Low,Medium,Low,Low,80
75.95,21.13,2.61,79,21,Yes,Hot Work,Morning,Medium,Low,High,Low,65
33.95,27.81,3.59,80,2,No,Normal,Night,Low,Low,Low,Low,90
16.47,39.29,6.15,50,23,Yes,Confined Space,Night,Low,Low,Low,Medium,60
77.53,77.02,3.7,79,30,Yes,Hot Work,Evening,Medium,Medium,High,Low,55
71.64,69.79,1.71,32,27,Yes,Hot Work,Morning,Medium,Medium,Medium,Low,55
99.85,30.38,8.51,33,18,Yes,Hot Work,Evening,Medium,Low,High,High,40
56.9,83.83,1.34,72,11,No,Normal,Night,Low,High,Medium,Low,70
36.85,30.65,8.69,75,25,No,Normal,Night,Low,Low,Low,High,60
36.46,47.29,9.52,85,21,No,Confined Space,Evening,Low,Low,Low,High,70
62.9,85.88,3.53,20,25,Yes,Normal,Night,Medium,High,Medium,Low,35
79.04,58.97,4.95,85,3,No,Confined Space,Morning,Medium,Low,High,Low,85
81.14,65.21,4.18,86,30,Yes,Hot Work,Evening,Medium,Medium,High,Low,40
38.69,85.73,7.43,82,4,Yes,Normal,Evening,Low,High,Low,Medium,60
50.59,30.67,9.32,53,30,Yes,Hot Work,Night,Low,Low,Medium,High,50
29.94,87.11,6.06,72,2,Yes,Normal,Night,Low,High,Low,Medium,50
65.88,56.36,9.5,59,28,No,Hot Work,Night,Medium,Low,Medium,High,45
49.03,21.58,9.34,70,22,Yes,Confined Space,Night,Low,Low,Low,High,50
59.43,64.21,2.28,23,17,No,Normal,Evening,Low,Medium,Medium,Low,90
62.97,79.85,9.72,77,29,No,Confined Space,Morning,Medium,Medium,Medium,High,45
6.59,86.88,6.21,38,2,No,Normal,Night,Low,High,Low,Medium,60
13.28,42.81,9.83,28,17,Yes,Hot Work,Night,Low,Low,Low,High,60
39.98,87.82,8.3,25,7,Yes,Hot Work,Evening,Low,High,Low,High,50
92.99,53.41,5.49,30,13,No,Confined Space,Night,Medium,Low,High,Medium,50
3.58,90.32,9.01,20,23,No,Hot Work,Morning,Low,High,Low,High,50
60.8,86.79,4.2,28,7,No,Normal,Night,Medium,High,Medium,Low,55
71.44,36.32,2.36,50,18,No,Hot Work,Night,Medium,Low,Medium,Low,75
36.09,23.35,7.44,62,5,Yes,Confined Space,Morning,Low,Low,Low,Medium,80
86.59,21.74,8.58,63,15,No,Normal,Morning,Medium,Low,High,High,50
47.83,72.53,8.13,52,21,Yes,Confined Space,Morning,Low,Medium,Low,High,50
51.28,52.76,8.83,48,16,Yes,Hot Work,Morning,Low,Low,Medium,High,70
11.05,21.13,5.72,39,12,Yes,Hot Work,Evening,Low,Low,Low,Medium,80
60.65,83.29,1.07,62,1,Yes,Hot Work,Evening,Medium,High,Medium,Low,55
30.25,69.99,3.21,78,19,Yes,Confined Space,Evening,Low,Medium,Low,Low,80
67.17,89.8,3.56,79,26,No,Normal,Evening,Medium,High,Medium,Low,55
36.12,31.37,4.54,75,23,No,Confined Space,Night,Low,Low,Low,Low,80
77.89,38.1,1.95,82,7,No,Confined Space,Evening,Medium,Low,High,Low,85
7.31,59.41,7.96,82,5,No,Confined Space,Night,Low,Low,Low,Medium,80
53.76,91.96,8.83,50,23,No,Confined Space,Morning,Low,High,Medium,High,50
32.54,93.73,1.06,40,12,Yes,Confined Space,Evening,Low,High,Low,Low,70
62.96,73.71,6.84,68,28,Yes,Confined Space,Morning,Medium,Medium,Medium,Medium,45
56.5,29.36,3.88,87,24,Yes,Normal,Night,Low,Low,Medium,Low,70
86.43,39.47,1.99,37,2,No,Confined Space,Night,Medium,Low,High,Low,60
81.1,51.15,8.73,52,25,No,Normal,Night,Medium,Low,High,High,30
24.86,77.64,1.61,24,2,Yes,Confined Space,Night,Low,Medium,Low,Low,70
46.27,69.99,5.97,41,3,No,Hot Work,Night,Low,Medium,Low,Medium,70
95.03,43.73,9.05,59,13,No,Hot Work,Morning,Medium,Low,High,High,50
33.57,34.0,9.23,21,1,No,Confined Space,Night,Low,Low,Low,High,70
9.38,38.61,8.32,27,11,Yes,Normal,Evening,Low,Low,Low,High,70
86.15,40.34,9.57,28,29,No,Hot Work,Evening,Medium,Low,High,High,40
59.9,70.44,3.3,49,27,No,Hot Work,Evening,Low,Medium,Medium,Low,80
57.86,85.18,9.75,41,11,Yes,Hot Work,Morning,Low,High,Medium,High,50
4.81,40.63,2.62,72,4,Yes,Normal,Evening,Low,Low,Low,Low,90
73.44,83.25,1.7,88,13,No,Hot Work,Evening,Medium,High,Medium,Low,65
74.5,88.96,8.37,49,5,Yes,Confined Space,Morning,Medium,High,Medium,High,35
29.82,26.3,9.09,51,6,No,Hot Work,Night,Low,Low,Low,High,70
64.23,59.94,4.35,62,10,No,Confined Space,Evening,Medium,Low,Medium,Low,85
63.53,53.16,8.54,49,6,Yes,Normal,Evening,Medium,Low,Medium,High,55
12.24,97.95,8.73,89,2,Yes,Normal,Night,Low,High,Low,High,40
51.14,27.19,3.7,54,26,Yes,Hot Work,Morning,Low,Low,Medium,Low,80
76.6,58.39,2.39,76,25,Yes,Hot Work,Evening,Medium,Low,High,Low,65
2.0,97.45,2.78,73,9,No,Normal,Evening,Low,High,Low,Low,80
20.8,80.89,2.17,43,26,Yes,Normal,Morning,Low,High,Low,Low,60
76.73,58.99,3.07,63,26,Yes,Normal,Morning,Medium,Low,High,Low,65
3.84,49.73,4.95,90,8,No,Normal,Evening,Low,Low,Low,Low,100
15.13,30.72,8.55,70,17,No,Confined Space,Night,Low,Low,Low,High,70
81.93,38.88,8.38,23,17,Yes,Normal,Evening,Medium,Low,High,High,40
20.44,52.07,9.66,29,2,Yes,Normal,Evening,Low,Low,Low,High,70
21.23,71.0,3.39,47,5,No,Confined Space,Morning,Low,Medium,Low,Low,90
61.66,40.87,9.56,86,8,Yes,Normal,Evening,Medium,Low,Medium,High,55
16.65,36.86,2.07,65,27,No,Confined Space,Night,Low,Low,Low,Low,80
21.79,76.92,5.81,79,9,No,Normal,Night,Low,Medium,Low,Medium,70
8.49,78.46,1.52,56,4,Yes,Normal,Morning,Low,Medium,Low,Low,80
41.98,94.0,5.33,90,20,No,Hot Work,Evening,Low,High,Low,Medium,70
37.01,85.54,3.1,35,26,Yes,Hot Work,Night,Low,High,Low,Low,50
66.42,72.07,7.52,54,12,Yes,Confined Space,Night,Medium,Medium,Medium,Medium,45
80.17,35.13,5.08,48,1,No,Hot Work,Morning,Medium,Low,High,Medium,60
72.79,67.63,1.77,76,16,Yes,Confined Space,Night,Medium,Medium,Medium,Low,55
55.65,39.3,7.64,63,22,No,Normal,Night,Low,Low,Medium,Medium,70
71.33,40.07,7.22,75,29,No,Normal,Morning,Medium,Low,Medium,Medium,65
6.86,48.09,4.46,42,3,No,Confined Space,Morning,Low,Low,Low,Low,100
1.78,74.18,3.63,48,13,No,Confined Space,Night,Low,Medium,Low,Low,80
58.34,39.04,7.33,25,20,No,Normal,Morning,Low,Low,Medium,Medium,90
66.01,44.19,9.08,62,3,Yes,Confined Space,Evening,Medium,Low,Medium,High,55
45.08,52.41,8.05,44,2,Yes,Normal,Night,Low,Low,Low,High,60
23.9,50.37,3.42,54,28,Yes,Confined Space,Morning,Low,Low,Low,Low,80
88.23,85.15,1.01,77,21,No,Confined Space,Night,High,High,High,Low,30
34.07,37.59,4.89,78,1,No,Normal,Morning,Low,Low,Low,Low,100
94.85,28.95,5.53,42,2,No,Confined Space,Night,Medium,Low,High,Medium,50
40.71,31.87,1.25,61,29,No,Confined Space,Evening,Low,Low,Low,Low,90
60.75,69.2,2.05,84,27,No,Confined Space,Night,Medium,Medium,Medium,Low,55
18.73,42.71,4.37,42,18,No,Hot Work,Night,Low,Low,Low,Low,90
17.74,75.51,1.87,87,30,Yes,Confined Space,Night,Low,Medium,Low,Low,60
18.1,45.08,2.22,38,20,Yes,Normal,Morning,Low,Low,Low,Low,90
57.27,97.88,4.33,37,10,No,Hot Work,Morning,Low,High,Medium,Low,80
55.86,39.27,5.81,48,15,No,Normal,Morning,Low,Low,Medium,Medium,90
16.36,94.87,5.95,55,11,Yes,Confined Space,Night,Low,High,Low,Medium,50
72.72,50.65,2.85,86,15,No,Hot Work,Night,Medium,Low,Medium,Low,75
93.08,69.08,8.44,57,30,Yes,Normal,Evening,Medium,Medium,High,High,20
25.39,86.98,2.15,49,20,No,Confined Space,Night,Low,High,Low,Low,70
47.47,50.73,5.55,27,1,No,Normal,Morning,Low,Low,Low,Medium,90
85.34,51.88,5.89,31,8,No,Confined Space,Evening,Medium,Low,High,Medium,60
3.09,75.51,5.05,59,24,Yes,Hot Work,Morning,Low,Medium,Low,Medium,60
74.07,28.03,2.92,79,12,No,Hot Work,Night,Medium,Low,Medium,Low,75
57.76,78.91,2.27,68,15,Yes,Confined Space,Night,Low,Medium,Medium,Low,70
6.09,81.57,8.72,57,17,No,Normal,Night,Low,High,Low,High,50
7.5,33.56,7.28,59,11,Yes,Hot Work,Morning,Low,Low,Low,Medium,80
33.07,47.69,8.65,27,30,Yes,Normal,Evening,Low,Low,Low,High,60
97.17,24.79,4.62,53,30,Yes,Hot Work,Evening,Medium,Low,High,Low,50
47.21,40.1,1.42,44,14,No,Normal,Morning,Low,Low,Low,Low,100
98.11,44.78,5.09,32,24,Yes,Hot Work,Night,Medium,Low,High,Medium,30
36.1,77.78,7.25,32,6,No,Normal,Evening,Low,Medium,Low,Medium,80
21.92,72.44,5.92,38,7,No,Hot Work,Morning,Low,Medium,Low,Medium,80
55.82,65.26,9.11,80,26,Yes,Normal,Evening,Low,Medium,Medium,High,50
56.48,33.45,9.49,35,4,Yes,Confined Space,Evening,Low,Low,Medium,High,70
84.33,82.35,1.07,27,28,No,Normal,Evening,High,High,High,Low,40
28.77,86.49,2.9,61,11,Yes,Hot Work,Night,Low,High,Low,Low,60
8.08,84.73,1.2,31,13,No,Confined Space,Morning,Low,High,Low,Low,80
24.9,26.83,1.17,75,25,Yes,Confined Space,Morning,Low,Low,Low,Low,80
52.73,90.75,2.22,59,14,No,Hot Work,Evening,Low,High,Medium,Low,80
73.99,41.81,6.78,42,1,Yes,Confined Space,Night,Medium,Low,Medium,Medium,55
51.46,81.6,8.6,58,10,No,Normal,Morning,Low,High,Medium,High,60
87.8,98.0,8.29,36,12,No,Normal,Morning,High,High,High,High,30
19.58,87.26,4.64,58,29,Yes,Hot Work,Morning,Low,High,Low,Low,60
83.37,37.63,3.79,71,2,No,Confined Space,Evening,Medium,Low,High,Low,70
21.79,82.11,8.24,28,9,No,Hot Work,Morning,Low,High,Low,High,60
1.78,64.79,3.02,29,2,No,Confined Space,Morning,Low,Medium,Low,Low,90
55.44,30.11,8.93,73,3,No,Normal,Morning,Low,Low,Medium,High,80
81.09,39.47,5.57,21,29,No,Normal,Morning,Medium,Low,High,Medium,50
29.11,67.61,8.58,68,16,Yes,Normal,Morning,Low,Medium,Low,High,60
10.62,26.25,9.1,21,2,Yes,Normal,Morning,Low,Low,Low,High,70
21.26,43.05,9.32,40,29,No,Normal,Evening,Low,Low,Low,High,70
31.05,90.7,9.35,68,5,Yes,Hot Work,Evening,Low,High,Low,High,50
62.67,94.67,4.95,37,6,Yes,Hot Work,Evening,Medium,High,Medium,Low,55
50.76,48.82,2.62,35,8,No,Confined Space,Evening,Low,Low,Medium,Low,100
25.07,87.86,4.5,89,4,Yes,Confined Space,Morning,Low,High,Low,Low,70
96.72,62.83,3.08,71,18,No,Hot Work,Evening,Medium,Medium,High,Low,60
16.34,56.83,2.82,85,8,Yes,Hot Work,Morning,Low,Low,Low,Low,90
79.54,94.05,8.15,27,24,Yes,Normal,Night,Medium,High,High,High,15
40.44,48.32,6.34,67,3,Yes,Normal,Night,Low,Low,Low,Medium,70
59.86,93.89,5.53,43,29,No,Confined Space,Evening,Low,High,Medium,Medium,60
45.98,41.85,5.7,73,27,No,Hot Work,Night,Low,Low,Low,Medium,70
40.86,50.13,9.62,83,3,Yes,Hot Work,Morning,Low,Low,Low,High,70
26.05,50.3,9.86,43,26,No,Normal,Morning,Low,Low,Low,High,70
49.85,62.48,7.44,55,17,No,Hot Work,Morning,Low,Medium,Low,Medium,80
75.38,46.43,2.31,46,8,No,Hot Work,Night,Medium,Low,High,Low,75
70.23,40.0,4.22,51,19,No,Hot Work,Evening,Medium,Low,Medium,Low,85
69.74,37.58,5.67,84,22,No,Hot Work,Morning,Medium,Low,Medium,Medium,65
75.79,68.42,2.21,87,21,No,Hot Work,Morning,Medium,Medium,High,Low,65
11.62,24.8,8.75,30,8,Yes,Confined Space,Night,Low,Low,Low,High,60
79.79,76.98,4.46,77,5,No,Hot Work,Evening,Medium,Medium,High,Low,75
65.79,70.76,8.33,23,24,Yes,Confined Space,Night,Medium,Medium,Medium,High,25
70.29,64.68,7.77,47,20,No,Hot Work,Morning,Medium,Medium,Medium,Medium,65
53.51,93.34,4.12,57,11,Yes,Normal,Morning,Low,High,Medium,Low,70
2.98,63.08,6.43,84,12,Yes,Hot Work,Night,Low,Medium,Low,Medium,60
1.4,73.79,8.81,43,30,Yes,Hot Work,Night,Low,Medium,Low,High,40
94.43,34.29,3.15,59,25,No,Normal,Evening,Medium,Low,High,Low,60
31.64,81.5,8.95,59,27,No,Confined Space,Morning,Low,High,Low,High,50
77.86,23.74,9.62,71,3,Yes,Confined Space,Morning,Medium,Low,High,High,55
0.17,98.93,3.56,40,16,Yes,Normal,Morning,Low,High,Low,Low,70
98.26,54.34,6.92,59,3,No,Hot Work,Evening,Medium,Low,High,Medium,60
96.56,56.09,5.67,90,22,Yes,Confined Space,Night,Medium,Low,High,Medium,30
15.41,91.68,1.8,62,5,No,Hot Work,Evening,Low,High,Low,Low,80
30.11,81.58,6.43,38,6,Yes,Hot Work,Morning,Low,High,Low,Medium,60
96.9,61.29,4.34,84,7,Yes,Hot Work,Night,Medium,Medium,High,Low,40
90.16,81.59,1.06,22,9,Yes,Hot Work,Evening,High,High,High,Low,40
54.51,34.28,4.03,81,20,No,Normal,Night,Low,Low,Medium,Low,90
59.39,89.44,3.73,32,7,No,Normal,Evening,Low,High,Medium,Low,80
86.46,52.39,8.82,62,30,No,Confined Space,Morning,Medium,Low,High,High,40
92.74,44.15,4.59,31,17,Yes,Hot Work,Evening,Medium,Low,High,Low,60
67.88,25.25,6.49,69,17,No,Hot Work,Night,Medium,Low,Medium,Medium,65
36.45,71.81,4.27,31,18,No,Hot Work,Morning,Low,Medium,Low,Low,90
76.01,59.89,1.05,73,11,Yes,Normal,Morning,Medium,Low,High,Low,75
95.68,57.55,4.74,47,7,No,Normal,Morning,Medium,Low,High,Low,70
6.13,70.81,9.48,44,2,No,Confined Space,Night,Low,Medium,Low,High,60
74.92,64.44,1.8,83,27,No,Confined Space,Morning,Medium,Medium,Medium,Low,65
94.03,60.61,8.03,32,27,No,Normal,Evening,Medium,Medium,High,High,30
82.45,76.3,2.89,65,22,Yes,Normal,Morning,High,Medium,High,Low,40
35.38,99.78,6.12,28,22,No,Hot Work,Evening,Low,High,Low,Medium,60
12.59,50.12,7.15,36,23,No,Confined Space,Night,Low,Low,Low,Medium,70
40.65,67.53,4.0,39,4,No,Normal,Morning,Low,Medium,Low,Low,90
89.02,92.01,8.94,56,14,No,Confined Space,Evening,High,High,High,High,30
43.27,90.3,4.28,37,26,Yes,Hot Work,Night,Low,High,Low,Low,50
92.36,30.16,2.69,30,3,Yes,Hot Work,Evening,Medium,Low,High,Low,60
43.99,23.82,7.57,29,9,No,Normal,Night,Low,Low,Low,Medium,80
9.73,60.37,3.38,37,13,Yes,Normal,Night,Low,Medium,Low,Low,70
68.59,69.82,4.07,57,3,Yes,Normal,Morning,Medium,Medium,Medium,Low,65
56.2,49.81,5.5,63,14,No,Confined Space,Evening,Low,Low,Medium,Medium,90
81.23,55.03,9.65,85,22,No,Confined Space,Evening,Medium,Low,High,High,40
5.57,41.21,3.61,75,11,Yes,Normal,Evening,Low,Low,Low,Low,90
96.37,68.12,4.41,31,28,No,Hot Work,Morning,Medium,Medium,High,Low,50
93.24,34.7,4.97,44,22,No,Hot Work,Evening,Medium,Low,High,Low,60
31.48,55.09,4.49,33,28,Yes,Confined Space,Night,Low,Low,Low,Low,70
79.4,31.5,8.37,74,23,No,Hot Work,Morning,Medium,Low,High,High,55
49.85,23.62,6.37,77,6,No,Normal,Morning,Low,Low,Low,Medium,90
11.52,97.56,2.54,25,6,No,Hot Work,Evening,Low,High,Low,Low,80
5.58,70.56,7.67,44,20,Yes,Normal,Evening,Low,Medium,Low,Medium,70
97.43,24.97,1.2,38,16,Yes,Normal,Night,Medium,Low,High,Low,50
80.99,40.33,9.83,81,9,Yes,Normal,Morning,Medium,Low,High,High,40
3.1,94.04,5.1,73,20,Yes,Hot Work,Evening,Low,High,Low,Medium,60
86.19,87.88,1.94,39,4,Yes,Normal,Morning,High,High,High,Low,40
77.95,80.98,4.06,47,6,Yes,Confined Space,Morning,Medium,High,High,Low,55
62.7,48.25,3.28,58,15,No,Normal,Night,Medium,Low,Medium,Low,75
13.16,30.87,3.83,33,5,Yes,Normal,Night,Low,Low,Low,Low,80
73.89,37.68,2.97,33,7,No,Normal,Morning,Medium,Low,Medium,Low,85
62.86,34.49,5.94,30,14,Yes,Hot Work,Morning,Medium,Low,Medium,Medium,65
66.71,34.53,3.03,72,13,Yes,Normal,Evening,Medium,Low,Medium,Low,75
89.58,85.46,1.59,50,21,No,Normal,Night,High,High,High,Low,30
18.93,42.96,2.0,57,12,Yes,Hot Work,Night,Low,Low,Low,Low,80
62.45,53.11,3.41,50,20,Yes,Confined Space,Morning,Medium,Low,Medium,Low,75
67.17,89.57,9.52,32,15,Yes,Normal,Night,Medium,High,Medium,High,25
17.41,54.96,5.5,54,9,Yes,Confined Space,Night,Low,Low,Low,Medium,70
24.75,87.37,8.93,50,4,Yes,Normal,Evening,Low,High,Low,High,50
55.99,42.05,5.77,37,22,Yes,Confined Space,Evening,Low,Low,Medium,Medium,70
96.43,66.33,4.26,69,20,No,Hot Work,Evening,Medium,Medium,High,Low,60
57.23,92.71,4.31,62,15,Yes,Hot Work,Morning,Low,High,Medium,Low,70
4.03,45.37,5.49,37,25,No,Normal,Evening,Low,Low,Low,Medium,80
97.47,54.23,5.06,59,6,No,Hot Work,Evening,Medium,Low,High,Medium,60
30.15,23.98,7.08,44,4,Yes,Confined Space,Morning,Low,Low,Low,Medium,80
0.35,78.37,6.53,61,29,Yes,Confined Space,Morning,Low,Medium,Low,Medium,60
47.9,67.56,6.03,77,8,Yes,Normal,Evening,Low,Medium,Low,Medium,70
68.52,25.11,3.29,81,8,Yes,Confined Space,Evening,Medium,Low,Medium,Low,75
22.09,31.24,7.39,66,13,Yes,Normal,Morning,Low,Low,Low,Medium,80
56.79,65.66,8.05,77,16,No,Normal,Evening,Low,Medium,Medium,High,70
93.86,88.33,1.24,52,16,Yes,Hot Work,Morning,High,High,High,Low,40
96.45,79.17,4.34,47,22,Yes,Hot Work,Morning,High,Medium,High,Low,40
4.41,40.3,2.57,51,30,No,Normal,Night,Low,Low,Low,Low,80
75.85,45.06,2.97,76,27,Yes,Confined Space,Evening,Medium,Low,High,Low,65
61.59,55.78,4.67,28,20,No,Hot Work,Night,Medium,Low,Medium,Low,75
57.87,49.3,1.65,77,2,No,Normal,Morning,Low,Low,Medium,Low,100
63.23,99.98,4.1,65,27,Yes,Hot Work,Night,Medium,High,Medium,Low,35
37.58,29.59,4.83,48,3,Yes,Hot Work,Night,Low,Low,Low,Low,80
31.94,32.82,1.48,63,21,Yes,Normal,Evening,Low,Low,Low,Low,80
57.42,64.67,9.71,40,24,No,Confined Space,Morning,Low,Medium,Medium,High,60
14.95,77.57,9.98,61,15,No,Hot Work,Evening,Low,Medium,Low,High,70
16.46,25.58,3.39,73,21,Yes,Confined Space,Night,Low,Low,Low,Low,70
83.41,84.12,1.74,81,4,Yes,Normal,Evening,High,High,High,Low,40
23.39,51.99,4.63,87,17,No,Confined Space,Night,Low,Low,Low,Low,90
78.75,23.78,3.38,79,1,No,Confined Space,Evening,Medium,Low,High,Low,85
29.2,81.76,2.35,25,25,Yes,Hot Work,Morning,Low,High,Low,Low,60
53.56,63.58,1.33,65,19,No,Hot Work,Night,Low,Medium,Medium,Low,80
69.97,67.83,5.93,89,27,Yes,Normal,Morning,Medium,Medium,Medium,Medium,45
17.95,49.7,4.24,22,2,Yes,Normal,Evening,Low,Low,Low,Low,90
87.48,44.56,9.34,37,6,No,Normal,Evening,Medium,Low,High,High,50
33.33,45.53,2.44,31,7,Yes,Confined Space,Evening,Low,Low,Low,Low,90
93.5,24.07,2.64,20,23,Yes,Hot Work,Night,Medium,Low,High,Low,40
64.09,96.35,7.71,76,30,Yes,Normal,Evening,Medium,High,Medium,Medium,35
29.37,24.69,9.18,75,21,Yes,Hot Work,Evening,Low,Low,Low,High,60
40.52,22.49,5.52,39,3,No,Confined Space,Morning,Low,Low,Low,Medium,90
83.35,72.15,8.61,22,25,Yes,Hot Work,Morning,High,Medium,High,High,20
67.54,84.02,5.68,82,27,Yes,Hot Work,Morning,Medium,High,Medium,Medium,35
40.3,87.99,2.66,55,6,No,Normal,Morning,Low,High,Low,Low,80
20.41,80.87,3.17,42,18,Yes,Hot Work,Night,Low,High,Low,Low,60
21.32,92.26,7.7,55,8,No,Hot Work,Morning,Low,High,Low,Medium,70
25.82,78.67,8.56,63,10,No,Hot Work,Morning,Low,Medium,Low,High,70
64.81,66.93,1.58,40,14,Yes,Normal,Morning,Medium,Medium,Medium,Low,65
90.16,55.31,8.74,57,1,No,Normal,Night,Medium,Low,High,High,40
80.79,73.02,8.5,51,6,No,Hot Work,Night,High,Medium,High,High,30
84.61,58.36,6.8,69,25,No,Confined Space,Morning,Medium,Low,High,Medium,50
61.01,63.84,6.29,56,24,No,Hot Work,Morning,Medium,Medium,Medium,Medium,55
9.82,29.46,4.83,55,10,No,Normal,Night,Low,Low,Low,Low,90
79.37,95.35,1.95,29,8,Yes,Hot Work,Evening,Medium,High,High,Low,55
69.07,46.91,6.09,34,3,Yes,Normal,Evening,Medium,Low,Medium,Medium,65
65.76,49.36,1.95,69,15,No,Normal,Morning,Medium,Low,Medium,Low,85
3.4,57.77,6.4,27,6,Yes,Hot Work,Night,Low,Low,Low,Medium,70
88.21,61.3,2.25,69,18,No,Normal,Evening,Medium,Medium,High,Low,60
32.31,60.47,9.52,44,11,Yes,Confined Space,Night,Low,Medium,Low,High,50
58.33,62.14,7.17,86,23,Yes,Normal,Morning,Low,Medium,Medium,Medium,60
14.8,83.79,9.75,65,19,No,Confined Space,Night,Low,High,Low,High,50
72.15,55.26,6.35,90,6,No,Confined Space,Morning,Medium,Low,Medium,Medium,75
55.03,41.97,9.75,65,18,Yes,Confined Space,Evening,Low,Low,Medium,High,70
87.58,26.39,8.81,70,30,No,Normal,Night,Medium,Low,High,High,30
60.0,33.09,8.83,84,17,Yes,Confined Space,Night,Low,Low,Medium,High,60
5.92,70.8,8.15,75,6,No,Hot Work,Night,Low,Medium,Low,High,60
49.72,61.47,1.63,38,1,No,Normal,Night,Low,Medium,Low,Low,80
37.88,28.03,5.23,57,29,Yes,Confined Space,Evening,Low,Low,Low,Medium,70
98.46,30.41,4.37,61,27,No,Hot Work,Night,Medium,Low,High,Low,50
9.73,53.21,2.21,41,6,Yes,Confined Space,Morning,Low,Low,Low,Low,90
97.57,65.83,1.09,39,18,Yes,Normal,Evening,Medium,Medium,High,Low,50
32.28,32.75,3.97,68,11,Yes,Normal,Morning,Low,Low,Low,Low,90
52.88,91.08,9.25,38,19,No,Hot Work,Night,Low,High,Medium,High,50
57.53,73.56,5.43,51,23,Yes,Normal,Morning,Low,Medium,Medium,Medium,60
62.39,69.14,2.33,52,11,No,Hot Work,Evening,Medium,Medium,Medium,Low,75
75.47,46.88,3.99,67,24,No,Hot Work,Morning,Medium,Low,High,Low,75
65.08,22.79,4.73,51,21,No,Confined Space,Evening,Medium,Low,Medium,Low,75
11.97,56.2,5.28,67,2,Yes,Hot Work,Night,Low,Low,Low,Medium,70
13.08,89.09,5.02,87,8,Yes,Normal,Evening,Low,High,Low,Medium,60
61.5,62.46,1.43,68,8,Yes,Hot Work,Night,Medium,Medium,Medium,Low,55
33.4,99.98,7.14,48,13,Yes,Hot Work,Morning,Low,High,Low,Medium,60
25.37,75.79,9.17,38,25,Yes,Hot Work,Morning,Low,Medium,Low,High,50
33.36,33.47,4.21,76,16,Yes,Confined Space,Evening,Low,Low,Low,Low,90
23.86,97.22,5.79,43,6,Yes,Normal,Morning,Low,High,Low,Medium,60
84.08,58.59,4.86,64,18,Yes,Confined Space,Morning,Medium,Low,High,Low,60
64.13,23.66,4.61,47,5,Yes,Confined Space,Morning,Medium,Low,Medium,Low,75
92.98,46.7,3.41,28,22,Yes,Confined Space,Morning,Medium,Low,High,Low,50
36.44,60.01,7.27,39,6,Yes,Normal,Night,Low,Medium,Low,Medium,60
60.98,78.82,7.48,72,25,Yes,Confined Space,Morning,Medium,Medium,Medium,Medium,45
13.33,47.19,5.29,76,30,Yes,Confined Space,Night,Low,Low,Low,Medium,60
13.65,60.57,8.33,22,25,Yes,Normal,Night,Low,Medium,Low,High,40
48.57,37.44,1.37,82,21,Yes,Normal,Morning,Low,Low,Low,Low,80
81.94,78.79,3.67,28,21,No,Hot Work,Evening,High,Medium,High,Low,50
74.83,53.85,6.87,43,12,Yes,Confined Space,Evening,Medium,Low,Medium,Medium,65
25.51,93.82,4.98,78,12,No,Hot Work,Evening,Low,High,Low,Low,80
23.72,65.63,8.4,77,1,No,Hot Work,Night,Low,Medium,Low,High,60
5.24,47.07,8.95,24,24,Yes,Hot Work,Night,Low,Low,Low,High,50
81.49,62.61,1.1,70,3,No,Normal,Morning,Medium,Medium,High,Low,60
25.08,72.5,3.75,38,11,Yes,Normal,Morning,Low,Medium,Low,Low,80
36.86,24.33,4.82,57,17,Yes,Normal,Morning,Low,Low,Low,Low,90
16.58,37.73,4.07,82,13,Yes,Hot Work,Evening,Low,Low,Low,Low,90
43.58,49.68,3.67,65,23,Yes,Hot Work,Morning,Low,Low,Low,Low,80
24.21,51.3,9.86,61,13,Yes,Confined Space,Evening,Low,Low,Low,High,70
40.82,80.52,8.56,20,24,No,Hot Work,Morning,Low,High,Low,High,50
32.77,54.42,8.63,63,6,No,Normal,Evening,Low,Low,Low,High,80
43.52,59.48,9.75,33,29,No,Normal,Evening,Low,Low,Low,High,70
25.4,25.1,6.69,30,17,Yes,Normal,Night,Low,Low,Low,Medium,70
11.13,45.48,2.02,61,27,Yes,Hot Work,Night,Low,Low,Low,Low,70
91.14,48.95,1.96,59,3,No,Normal,Evening,Medium,Low,High,Low,70
33.9,42.12,6.37,31,23,Yes,Hot Work,Night,Low,Low,Low,Medium,60
37.78,77.9,5.27,67,7,No,Confined Space,Morning,Low,Medium,Low,Medium,80
66.71,68.29,3.16,71,1,Yes,Confined Space,Evening,Medium,Medium,Medium,Low,65
89.47,71.93,5.99,21,21,Yes,Confined Space,Evening,High,Medium,High,Medium,30
88.3,51.71,6.54,34,27,Yes,Confined Space,Evening,Medium,Low,High,Medium,40
17.23,42.05,4.19,47,15,Yes,Hot Work,Morning,Low,Low,Low,Low,90
47.62,74.59,9.86,26,8,Yes,Confined Space,Evening,Low,Medium,Low,High,60
45.86,73.68,8.12,64,1,Yes,Normal,Night,Low,Medium,Low,High,50
24.77,84.37,9.25,48,2,Yes,Hot Work,Night,Low,High,Low,High,40
56.9,35.31,4.69,52,1,Yes,Normal,Morning,Low,Low,Medium,Low,90
84.43,44.46,7.9,90,21,Yes,Confined Space,Evening,Medium,Low,High,Medium,40
77.34,87.69,7.18,79,7,No,Confined Space,Evening,Medium,High,High,Medium,55
11.16,60.39,8.62,37,17,Yes,Normal,Morning,Low,Medium,Low,High,60
66.81,53.07,9.87,51,9,Yes,Normal,Evening,Medium,Low,Medium,High,55
79.16,59.91,5.4,77,25,No,Hot Work,Evening,Medium,Low,High,Medium,65
13.48,63.44,2.79,76,2,No,Confined Space,Morning,Low,Medium,Low,Low,90
95.15,39.76,2.83,87,24,Yes,Hot Work,Night,Medium,Low,High,Low,40
95.63,47.61,7.26,74,9,No,Normal,Morning,Medium,Low,High,Medium,60
40.01,79.15,4.95,81,23,Yes,Normal,Night,Low,Medium,Low,Low,60
24.72,38.58,3.93,49,30,Yes,Hot Work,Evening,Low,Low,Low,Low,80
68.59,42.39,6.08,76,23,Yes,Normal,Evening,Medium,Low,Medium,Medium,55
12.01,71.09,6.13,23,9,Yes,Confined Space,Night,Low,Medium,Low,Medium,60
70.02,60.13,7.07,46,13,No,Hot Work,Morning,Medium,Medium,Medium,Medium,65
9.12,41.66,8.52,46,28,No,Normal,Morning,Low,Low,Low,High,70
60.58,65.49,2.84,65,11,No,Normal,Night,Medium,Medium,Medium,Low,65
52.95,77.95,5.78,87,25,No,Confined Space,Morning,Low,Medium,Medium,Medium,70
60.14,78.99,8.09,70,26,No,Confined Space,Morning,Medium,Medium,Medium,High,45
81.59,44.86,6.09,27,9,Yes,Normal,Evening,Medium,Low,High,Medium,50
64.75,78.61,1.69,89,10,Yes,Confined Space,Morning,Medium,Medium,Medium,Low,65
1.0,57.29,9.61,33,27,No,Confined Space,Night,Low,Low,Low,High,60
97.39,99.78,2.2,89,17,No,Confined Space,Night,High,High,High,Low,40
22.82,42.32,2.51,44,7,Yes,Confined Space,Evening,Low,Low,Low,Low,90
78.09,34.91,8.97,72,15,No,Confined Space,Evening,Medium,Low,High,High,65
34.79,24.73,1.73,83,16,No,Hot Work,Morning,Low,Low,Low,Low,100
10.78,33.94,7.94,61,23,Yes,Hot Work,Night,Low,Low,Low,Medium,60
45.91,96.87,9.03,53,12,No,Normal,Night,Low,High,Low,High,50
71.29,91.07,8.53,20,19,No,Hot Work,Night,Medium,High,Medium,High,35
45.98,57.97,9.68,21,29,No,Normal,Evening,Low,Low,Low,High,70
74.52,29.59,1.69,38,9,No,Hot Work,Night,Medium,Low,Medium,Low,75
79.56,60.84,6.05,23,16,No,Hot Work,Morning,Medium,Medium,High,Medium,65
97.96,77.19,9.77,34,5,Yes,Normal,Night,High,Medium,High,High,20
0.85,42.4,6.12,60,2,Yes,Normal,Evening,Low,Low,Low,Medium,80
52.25,43.19,1.29,87,29,No,Confined Space,Night,Low,Low,Medium,Low,80
69.76,80.59,2.36,88,3,No,Hot Work,Evening,Medium,High,Medium,Low,65
44.28,39.31,6.19,60,5,Yes,Hot Work,Evening,Low,Low,Low,Medium,80
31.16,58.42,8.15,23,14,No,Confined Space,Evening,Low,Low,Low,High,80
70.61,89.79,4.21,74,21,No,Normal,Night,Medium,High,Medium,Low,45
64.68,76.21,4.02,36,30,No,Hot Work,Night,Medium,Medium,Medium,Low,55
58.63,45.97,9.8,22,27,No,Normal,Evening,Low,Low,Medium,High,70
2.98,73.38,6.78,84,12,Yes,Hot Work,Evening,Low,Medium,Low,Medium,70
53.45,50.94,5.54,76,3,No,Normal,Evening,Low,Low,Medium,Medium,90
62.31,97.15,2.06,83,12,No,Hot Work,Morning,Medium,High,Medium,Low,65
62.02,33.63,3.3,89,9,Yes,Normal,Night,Medium,Low,Medium,Low,65
63.72,85.87,2.45,21,11,No,Normal,Night,Medium,High,Medium,Low,55
92.07,74.27,4.94,56,6,No,Hot Work,Night,High,Medium,High,Low,50
61.68,38.0,4.98,28,20,No,Confined Space,Evening,Medium,Low,Medium,Low,85
27.6,34.15,6.59,52,17,No,Confined Space,Evening,Low,Low,Low,Medium,90
78.95,38.76,3.91,65,21,Yes,Hot Work,Night,Medium,Low,High,Low,55
94.52,61.77,8.65,54,28,Yes,Hot Work,Morning,Medium,Medium,High,High,20
53.3,45.06,7.96,52,21,Yes,Confined Space,Evening,Low,Low,Medium,Medium,70
64.18,33.66,7.63,71,9,Yes,Hot Work,Morning,Medium,Low,Medium,Medium,65
1.65,22.22,4.84,83,20,No,Confined Space,Evening,Low,Low,Low,Low,100
60.23,56.16,5.56,49,28,No,Confined Space,Evening,Medium,Low,Medium,Medium,65
86.92,81.87,5.71,76,24,Yes,Confined Space,Morning,High,High,High,Medium,20
12.85,95.54,8.49,33,19,No,Hot Work,Evening,Low,High,Low,High,60
30.87,21.21,8.28,22,6,No,Confined Space,Night,Low,Low,Low,High,70
6.89,52.65,4.49,35,28,No,Confined Space,Evening,Low,Low,Low,Low,90
98.23,29.94,7.3,21,12,No,Normal,Morning,Medium,Low,High,Medium,60
64.72,88.26,8.91,46,19,Yes,Confined Space,Night,Medium,High,Medium,High,25
56.85,67.17,1.3,45,22,Yes,Hot Work,Evening,Low,Medium,Medium,Low,70
52.81,44.46,7.15,49,5,No,Confined Space,Night,Low,Low,Medium,Medium,80
89.97,74.24,4.79,65,4,No,Confined Space,Night,High,Medium,High,Low,50
90.76,70.47,8.45,59,7,No,Hot Work,Evening,High,Medium,High,High,40
14.52,95.53,3.71,29,2,Yes,Normal,Morning,Low,High,Low,Low,70
74.98,43.64,9.42,77,2,Yes,Hot Work,Night,Medium,Low,Medium,High,45
0.77,30.9,7.88,73,19,Yes,Confined Space,Morning,Low,Low,Low,Medium,80
27.58,95.72,3.33,52,28,No,Hot Work,Morning,Low,High,Low,Low,70
35.37,70.9,8.46,46,8,Yes,Normal,Morning,Low,Medium,Low,High,60
7.24,32.12,1.74,32,16,Yes,Confined Space,Evening,Low,Low,Low,Low,90
20.3,94.29,5.89,54,16,Yes,Normal,Morning,Low,High,Low,Medium,60
4.92,62.59,7.12,76,19,Yes,Hot Work,Night,Low,Medium,Low,Medium,60
60.34,23.84,5.93,33,9,Yes,Hot Work,Night,Medium,Low,Medium,Medium,55
96.93,33.54,6.99,26,4,No,Confined Space,Morning,Medium,Low,High,Medium,60
54.66,95.51,3.72,71,25,Yes,Normal,Morning,Low,High,Medium,Low,60
77.5,68.05,2.91,36,17,No,Hot Work,Evening,Medium,Medium,High,Low,75
97.81,45.91,6.91,83,27,Yes,Confined Space,Night,Medium,Low,High,Medium,30
80.0,94.15,8.44,29,12,Yes,Normal,Morning,Medium,High,High,High,35
65.57,93.7,3.93,63,18,No,Hot Work,Night,Medium,High,Medium,Low,55
97.58,44.83,4.99,42,22,Yes,Normal,Morning,Medium,Low,High,Low,50
40.32,70.12,5.79,52,2,No,Normal,Morning,Low,Medium,Low,Medium,80
32.54,99.52,2.53,40,1,No,Hot Work,Evening,Low,High,Low,Low,80
79.05,29.14,6.9,23,22,No,Normal,Evening,Medium,Low,High,Medium,65
76.66,21.18,6.86,23,19,No,Hot Work,Night,Medium,Low,High,Medium,65
39.52,68.74,4.91,26,21,Yes,Normal,Night,Low,Medium,Low,Low,60
49.13,63.17,6.63,81,18,Yes,Hot Work,Morning,Low,Medium,Low,Medium,70
42.21,74.52,7.7,72,25,Yes,Normal,Evening,Low,Medium,Low,Medium,60
25.18,59.9,9.29,30,6,Yes,Hot Work,Night,Low,Low,Low,High,60
36.12,62.23,4.09,30,14,No,Hot Work,Night,Low,Medium,Low,Low,80
99.34,97.71,9.45,21,15,Yes,Confined Space,Morning,High,High,High,High,20
38.07,38.53,1.41,86,2,No,Hot Work,Evening,Low,Low,Low,Low,100
72.64,64.3,2.32,85,8,Yes,Hot Work,Night,Medium,Medium,Medium,Low,55
33.41,72.36,3.66,85,11,Yes,Normal,Night,Low,Medium,Low,Low,70
36.31,35.03,9.5,58,14,Yes,Confined Space,Night,Low,Low,Low,High,60
58.25,63.74,7.13,80,5,Yes,Normal,Evening,Low,Medium,Medium,Medium,70
66.41,71.39,5.3,70,4,No,Confined Space,Morning,Medium,Medium,Medium,Medium,65
65.3,68.69,7.01,30,14,No,Normal,Evening,Medium,Medium,Medium,Medium,65
15.31,77.1,4.96,55,4,Yes,Hot Work,Morning,Low,Medium,Low,Low,80
47.16,30.32,9.12,73,8,Yes,Confined Space,Evening,Low,Low,Low,High,70
81.2,22.17,9.31,61,3,No,Confined Space,Night,Medium,Low,High,High,40
65.23,66.76,7.39,57,6,Yes,Confined Space,Evening,Medium,Medium,Medium,Medium,55
36.43,23.82,9.9,54,20,Yes,Confined Space,Morning,Low,Low,Low,High,70
60.14,54.39,4.39,26,22,No,Hot Work,Evening,Medium,Low,Medium,Low,75
97.2,79.68,5.75,59,22,No,Confined Space,Night,High,Medium,High,Medium,30
5.65,37.25,3.23,64,3,No,Hot Work,Evening,Low,Low,Low,Low,100
58.8,32.13,3.6,63,4,Yes,Normal,Evening,Low,Low,Medium,Low,90
93.3,58.01,5.64,53,6,No,Confined Space,Evening,Medium,Low,High,Medium,60
22.15,35.66,6.72,26,14,Yes,Normal,Night,Low,Low,Low,Medium,70
63.13,79.78,1.78,48,16,No,Hot Work,Evening,Medium,Medium,Medium,Low,75
13.48,74.16,2.15,48,19,No,Normal,Night,Low,Medium,Low,Low,80
91.34,23.7,9.72,36,29,No,Confined Space,Night,Medium,Low,High,High,30
86.37,31.06,9.42,53,27,Yes,Confined Space,Evening,Medium,Low,High,High,30
41.27,75.61,7.1,40,16,Yes,Normal,Night,Low,Medium,Low,Medium,60
95.03,99.91,6.43,52,13,Yes,Confined Space,Morning,High,High,High,Medium,30
36.35,71.73,4.15,29,19,Yes,Normal,Evening,Low,Medium,Low,Low,80
38.69,58.89,7.46,34,21,Yes,Confined Space,Morning,Low,Low,Low,Medium,70
82.07,59.21,9.95,46,20,No,Confined Space,Morning,Medium,Low,High,High,50
1.91,37.85,2.89,88,30,No,Normal,Evening,Low,Low,Low,Low,90
5.19,32.52,2.05,85,28,No,Hot Work,Evening,Low,Low,Low,Low,90
41.04,74.2,7.07,71,13,No,Hot Work,Evening,Low,Medium,Low,Medium,80
22.17,31.6,6.09,58,16,No,Confined Space,Night,Low,Low,Low,Medium,80
84.34,99.26,9.99,55,27,No,Normal,Night,High,High,High,High,10
20.19,44.57,7.04,43,3,Yes,Normal,Morning,Low,Low,Low,Medium,80
2.84,87.24,2.84,87,28,No,Confined Space,Morning,Low,High,Low,Low,70
64.35,28.41,2.38,20,14,Yes,Confined Space,Night,Medium,Low,Medium,Low,65
15.36,99.95,6.2,55,7,Yes,Normal,Evening,Low,High,Low,Medium,60
80.75,74.83,3.25,90,23,Yes,Confined Space,Morning,High,Medium,High,Low,40
14.99,99.35,8.16,53,16,No,Normal,Morning,Low,High,Low,High,60
18.02,46.15,5.1,84,30,Yes,Hot Work,Morning,Low,Low,Low,Medium,70
56.57,37.05,3.75,58,6,Yes,Hot Work,Night,Low,Low,Medium,Low,80
67.8,76.93,8.37,72,23,No,Hot Work,Night,Medium,Medium,Medium,High,35
86.55,81.86,7.28,29,30,No,Confined Space,Night,High,High,High,Medium,20
1.53,23.61,1.34,82,29,Yes,Confined Space,Evening,Low,Low,Low,Low,80
77.4,71.97,4.91,43,21,Yes,Hot Work,Evening,Medium,Medium,High,Low,55
85.31,66.57,3.69,82,12,No,Hot Work,Morning,Medium,Medium,High,Low,60
8.89,84.75,7.86,47,6,No,Confined Space,Evening,Low,High,Low,Medium,70
43.63,26.01,6.48,57,23,No,Normal,Evening,Low,Low,Low,Medium,80
16.94,72.77,9.68,29,11,No,Normal,Evening,Low,Medium,Low,High,70
84.03,26.77,8.14,68,2,No,Confined Space,Night,Medium,Low,High,High,40
42.22,29.89,9.99,23,28,No,Confined Space,Morning,Low,Low,Low,High,70
67.92,81.6,2.02,44,18,Yes,Hot Work,Night,Medium,High,Medium,Low,45
33.56,26.18,5.36,85,4,Yes,Normal,Morning,Low,Low,Low,Medium,80
85.15,22.88,6.11,76,26,Yes,Hot Work,Evening,Medium,Low,High,Medium,40
99.88,37.78,4.33,58,20,No,Hot Work,Evening,Medium,Low,High,Low,70
65.61,64.86,4.06,29,5,Yes,Hot Work,Morning,Medium,Medium,Medium,Low,65
47.83,56.85,7.59,27,11,No,Normal,Morning,Low,Low,Low,Medium,90
39.77,72.38,7.81,71,11,No,Normal,Evening,Low,Medium,Low,Medium,80
46.22,53.66,7.31,25,7,No,Normal,Night,Low,Low,Low,Medium,80
12.64,47.08,7.68,25,2,No,Hot Work,Morning,Low,Low,Low,Medium,90
95.89,98.21,2.4,30,6,Yes,Normal,Morning,High,High,High,Low,40
3.46,28.58,1.39,77,11,Yes,Hot Work,Night,Low,Low,Low,Low,80
23.36,23.6,8.86,39,21,Yes,Confined Space,Evening,Low,Low,Low,High,60
14.7,99.36,6.23,89,12,No,Normal,Morning,Low,High,Low,Medium,70
70.23,56.46,8.21,34,2,No,Hot Work,Night,Medium,Low,Medium,High,55
35.05,66.73,9.46,46,22,No,Hot Work,Evening,Low,Medium,Low,High,60
21.64,64.44,3.12,37,20,No,Normal,Evening,Low,Medium,Low,Low,90
89.35,83.07,9.47,25,19,No,Normal,Morning,High,High,High,High,30
70.06,52.32,1.47,66,3,No,Hot Work,Evening,Medium,Low,Medium,Low,85
43.13,82.59,2.23,67,30,Yes,Normal,Night,Low,High,Low,Low,50
4.91,43.52,1.65,79,9,No,Normal,Night,Low,Low,Low,Low,90
5.69,67.39,5.72,26,10,Yes,Hot Work,Morning,Low,Medium,Low,Medium,70
19.22,91.74,5.79,49,26,Yes,Hot Work,Evening,Low,High,Low,Medium,50
92.82,91.54,8.11,34,29,Yes,Confined Space,Morning,High,High,High,High,10
34.66,38.48,9.75,67,26,No,Confined Space,Morning,Low,Low,Low,High,70
6.81,53.5,8.34,24,11,Yes,Hot Work,Morning,Low,Low,Low,High,70
28.19,80.77,3.56,20,23,No,Hot Work,Night,Low,High,Low,Low,60
32.77,42.31,3.24,80,6,Yes,Normal,Morning,Low,Low,Low,Low,90
82.92,85.54,7.97,83,20,No,Confined Space,Morning,High,High,High,Medium,40
88.97,88.81,7.64,55,30,Yes,Confined Space,Morning,High,High,High,Medium,20
34.48,43.12,3.03,60,13,Yes,Confined Space,Morning,Low,Low,Low,Low,90
58.46,94.79,7.56,24,26,Yes,Confined Space,Evening,Low,High,Medium,Medium,50
8.74,85.98,1.41,26,7,Yes,Hot Work,Night,Low,High,Low,Low,60
78.02,91.28,8.49,22,1,Yes,Hot Work,Night,Medium,High,High,High,25
57.23,69.59,2.76,52,9,No,Confined Space,Night,Low,Medium,Medium,Low,80
40.69,60.51,5.34,39,3,No,Confined Space,Evening,Low,Medium,Low,Medium,80
34.86,86.35,4.31,69,3,No,Normal,Evening,Low,High,Low,Low,80
46.17,32.64,1.92,46,9,Yes,Confined Space,Night,Low,Low,Low,Low,80
90.92,69.15,4.81,55,29,Yes,Hot Work,Night,Medium,Medium,High,Low,30
54.57,74.66,4.84,47,3,No,Hot Work,Night,Low,Medium,Medium,Low,80
88.77,51.48,5.36,80,23,Yes,Hot Work,Night,Medium,Low,High,Medium,30
4.63,33.84,4.8,21,6,Yes,Hot Work,Evening,Low,Low,Low,Low,90
99.42,73.36,1.34,72,28,Yes,Normal,Evening,High,Medium,High,Low,40
6.76,98.56,3.57,86,14,Yes,Normal,Night,Low,High,Low,Low,60
57.18,39.2,2.47,54,10,Yes,Confined Space,Night,Low,Low,Medium,Low,80
43.95,83.78,7.13,81,1,Yes,Normal,Night,Low,High,Low,Medium,50
27.99,63.32,5.6,43,19,Yes,Normal,Night,Low,Medium,Low,Medium,60
67.84,49.62,4.84,78,13,Yes,Hot Work,Morning,Medium,Low,Medium,Low,75
21.33,82.65,1.55,83,4,Yes,Normal,Morning,Low,High,Low,Low,70
33.31,83.81,3.25,60,17,No,Normal,Night,Low,High,Low,Low,70
71.85,85.7,9.27,86,19,Yes,Normal,Morning,Medium,High,Medium,High,35
29.01,62.26,8.39,58,24,No,Normal,Evening,Low,Medium,Low,High,60
12.58,61.68,6.94,63,17,No,Normal,Evening,Low,Medium,Low,Medium,80
78.07,70.3,2.12,41,18,Yes,Normal,Evening,Medium,Medium,High,Low,65
4.15,93.74,6.69,89,18,No,Confined Space,Night,Low,High,Low,Medium,60
91.74,99.64,8.54,85,21,Yes,Confined Space,Morning,High,High,High,High,10
40.3,92.35,4.18,86,8,Yes,Hot Work,Night,Low,High,Low,Low,60
20.36,22.33,2.36,70,23,Yes,Confined Space,Morning,Low,Low,Low,Low,80
56.49,73.67,1.61,76,16,Yes,Normal,Night,Low,Medium,Medium,Low,70
93.18,87.23,2.62,54,24,No,Normal,Evening,High,High,High,Low,40
24.8,45.74,2.32,49,30,Yes,Confined Space,Night,Low,Low,Low,Low,70
32.01,42.65,6.44,69,8,No,Confined Space,Night,Low,Low,Low,Medium,80
15.63,82.29,6.46,41,9,Yes,Normal,Morning,Low,High,Low,Medium,60
83.48,93.16,5.02,84,6,No,Normal,Morning,High,High,High,Medium,40
92.64,92.05,3.25,56,29,No,Confined Space,Night,High,High,High,Low,30
25.86,33.87,8.62,74,8,Yes,Hot Work,Night,Low,Low,Low,High,60
73.3,66.81,5.79,82,1,Yes,Confined Space,Night,Medium,Medium,Medium,Medium,45
92.67,47.06,4.77,31,16,No,Confined Space,Evening,Medium,Low,High,Low,70
91.69,25.66,6.59,64,6,Yes,Hot Work,Morning,Medium,Low,High,Medium,50
77.4,97.42,2.07,40,27,No,Hot Work,Evening,Medium,High,High,Low,55
95.88,63.73,7.96,59,22,No,Normal,Morning,Medium,Medium,High,Medium,40
38.87,59.38,5.09,40,11,No,Confined Space,Night,Low,Low,Low,Medium,80
12.58,71.22,5.44,80,17,Yes,Confined Space,Evening,Low,Medium,Low,Medium,70
18.44,84.19,9.14,35,10,No,Hot Work,Evening,Low,High,Low,High,60
10.67,32.99,1.25,39,24,No,Hot Work,Morning,Low,Low,Low,Low,90
6.21,64.92,3.29,56,2,No,Normal,Night,Low,Medium,Low,Low,80
19.58,59.64,4.66,20,12,Yes,Normal,Evening,Low,Low,Low,Low,90
78.91,69.43,2.63,59,23,Yes,Normal,Night,Medium,Medium,High,Low,45
83.5,92.2,3.07,71,20,No,Normal,Night,High,High,High,Low,40
59.5,33.98,7.56,85,28,Yes,Hot Work,Morning,Low,Low,Medium,Medium,70
9.43,83.07,1.86,81,30,No,Hot Work,Evening,Low,High,Low,Low,70
24.01,41.18,3.2,52,28,No,Normal,Morning,Low,Low,Low,Low,90
27.25,64.15,3.46,72,6,No,Confined Space,Morning,Low,Medium,Low,Low,90
18.75,55.65,9.79,44,4,No,Normal,Night,Low,Low,Low,High,70
54.13,43.34,2.77,73,15,Yes,Hot Work,Evening,Low,Low,Medium,Low,90
38.84,22.69,6.83,63,20,No,Confined Space,Morning,Low,Low,Low,Medium,90
25.77,21.3,1.45,74,20,No,Normal,Evening,Low,Low,Low,Low,100
41.94,27.39,3.01,72,19,Yes,Hot Work,Morning,Low,Low,Low,Low,90
86.53,71.97,9.82,41,8,Yes,Confined Space,Night,High,Medium,High,High,20
47.35,32.65,7.09,30,23,Yes,Confined Space,Evening,Low,Low,Low,Medium,70
52.83,68.33,3.48,20,12,Yes,Confined Space,Morning,Low,Medium,Medium,Low,80
83.47,69.0,4.5,86,8,Yes,Normal,Night,Medium,Medium,High,Low,40
16.03,31.39,4.49,30,17,No,Confined Space,Evening,Low,Low,Low,Low,100
43.33,32.4,4.25,32,22,No,Hot Work,Evening,Low,Low,Low,Low,90
77.15,63.7,9.65,54,1,Yes,Confined Space,Night,Medium,Medium,High,High,35
17.19,44.06,2.15,50,18,Yes,Hot Work,Night,Low,Low,Low,Low,80
60.83,51.72,4.85,51,16,Yes,Normal,Morning,Medium,Low,Medium,Low,75
38.97,29.86,8.27,53,27,Yes,Confined Space,Evening,Low,Low,Low,High,60
44.81,28.6,8.55,22,1,No,Confined Space,Evening,Low,Low,Low,High,80
43.18,96.95,3.25,78,28,Yes,Normal,Night,Low,High,Low,Low,50
97.98,55.68,4.4,50,16,Yes,Hot Work,Morning,Medium,Low,High,Low,60
22.34,98.99,8.99,78,9,Yes,Hot Work,Night,Low,High,Low,High,40
66.98,22.47,4.75,40,19,Yes,Normal,Night,Medium,Low,Medium,Low,65
82.38,27.42,8.62,67,13,Yes,Confined Space,Morning,Medium,Low,High,High,40
92.5,45.26,4.54,86,28,Yes,Normal,Evening,Medium,Low,High,Low,50
26.35,99.54,5.96,66,14,No,Hot Work,Morning,Low,High,Low,Medium,70
49.53,93.41,9.38,70,16,No,Confined Space,Night,Low,High,Low,High,50
8.83,36.16,2.02,81,18,No,Hot Work,Night,Low,Low,Low,Low,90
61.7,69.37,2.34,88,25,No,Confined Space,Evening,Medium,Medium,Medium,Low,65
93.32,86.78,9.42,66,18,Yes,Hot Work,Morning,High,High,High,High,20
36.22,99.32,8.97,41,15,Yes,Normal,Morning,Low,High,Low,High,50
57.51,87.59,9.61,81,22,Yes,Hot Work,Morning,Low,High,Medium,High,40
18.18,79.52,7.98,50,8,No,Normal,Evening,Low,Medium,Low,Medium,80
65.74,73.8,9.44,75,16,Yes,Hot Work,Night,Medium,Medium,Medium,High,35
0.94,63.36,1.94,59,18,Yes,Normal,Night,Low,Medium,Low,Low,70
25.85,33.78,6.4,34,30,No,Confined Space,Morning,Low,Low,Low,Medium,80
68.22,67.91,5.39,82,9,No,Normal,Evening,Medium,Medium,Medium,Medium,65
42.61,80.78,3.62,37,3,Yes,Confined Space,Night,Low,High,Low,Low,60
31.66,66.71,3.05,54,12,No,Hot Work,Morning,Low,Medium,Low,Low,90
38.62,84.24,7.35,87,6,No,Normal,Morning,Low,High,Low,Medium,70
38.05,20.17,8.5,21,1,No,Hot Work,Night,Low,Low,Low,High,70
23.29,44.79,8.81,45,10,No,Confined Space,Night,Low,Low,Low,High,70
23.42,45.6,3.86,41,26,No,Confined Space,Night,Low,Low,Low,Low,80
3.66,78.83,6.38,82,20,No,Confined Space,Evening,Low,Medium,Low,Medium,80
59.97,46.96,1.83,58,9,No,Confined Space,Evening,Low,Low,Medium,Low,100
28.94,60.46,7.44,58,17,Yes,Normal,Night,Low,Medium,Low,Medium,60
16.79,57.95,4.75,69,18,No,Hot Work,Morning,Low,Low,Low,Low,100
45.04,66.63,2.69,47,29,No,Normal,Morning,Low,Medium,Low,Low,80
90.5,75.74,2.81,54,8,Yes,Hot Work,Evening,High,Medium,High,Low,50
57.99,44.34,9.65,69,25,Yes,Normal,Night,Low,Low,Medium,High,50
91.64,64.41,7.16,42,25,No,Normal,Evening,Medium,Medium,High,Medium,40
76.99,65.98,3.92,38,10,No,Normal,Evening,Medium,Medium,High,Low,75
81.08,86.82,9.29,69,3,No,Normal,Morning,High,High,High,High,30
63.75,52.22,2.1,26,26,No,Confined Space,Morning,Medium,Low,Medium,Low,75
94.53,24.75,6.12,34,4,No,Normal,Morning,Medium,Low,High,Medium,60
26.18,39.52,4.26,85,29,Yes,Hot Work,Evening,Low,Low,Low,Low,80
65.76,63.64,2.83,68,7,No,Normal,Evening,Medium,Medium,Medium,Low,75
49.27,27.16,5.55,85,16,No,Normal,Night,Low,Low,Low,Medium,80
7.86,41.0,6.85,69,14,No,Normal,Morning,Low,Low,Low,Medium,90
93.08,27.72,2.84,42,8,No,Normal,Night,Medium,Low,High,Low,60
50.32,75.91,8.07,80,6,No,Hot Work,Evening,Low,Medium,Medium,High,70
78.7,48.56,9.53,87,21,Yes,Confined Space,Morning,Medium,Low,High,High,45
81.2,25.55,1.58,23,25,Yes,Confined Space,Morning,Medium,Low,High,Low,50
55.48,89.64,9.44,47,5,Yes,Confined Space,Morning,Low,High,Medium,High,50
89.44,25.63,3.18,82,4,Yes,Normal,Morning,Medium,Low,High,Low,60
20.06,79.96,3.95,84,23,No,Normal,Night,Low,Medium,Low,Low,70
74.82,69.13,9.26,20,6,No,Hot Work,Morning,Medium,Medium,Medium,High,55
71.72,34.5,9.84,25,11,Yes,Confined Space,Morning,Medium,Low,Medium,High,55
65.27,51.05,3.89,84,26,No,Confined Space,Night,Medium,Low,Medium,Low,65
77.56,38.69,5.41,35,24,No,Hot Work,Night,Medium,Low,High,Medium,55
99.67,73.95,1.24,39,23,No,Normal,Night,High,Medium,High,Low,40
25.39,47.22,6.33,26,1,Yes,Hot Work,Evening,Low,Low,Low,Medium,80
32.96,98.72,5.47,76,7,No,Normal,Morning,Low,High,Low,Medium,70
1.64,28.5,8.7,71,3,Yes,Confined Space,Evening,Low,Low,Low,High,70
57.42,73.64,4.37,47,22,No,Hot Work,Night,Low,Medium,Medium,Low,70
94.86,23.89,2.7,25,23,No,Confined Space,Evening,Medium,Low,High,Low,60
84.91,27.94,7.71,64,23,No,Normal,Morning,Medium,Low,High,Medium,50
96.72,67.12,3.08,89,10,Yes,Normal,Night,Medium,Medium,High,Low,40
10.39,27.92,3.84,30,29,No,Hot Work,Night,Low,Low,Low,Low,80
87.37,73.35,2.0,44,21,Yes,Hot Work,Night,High,Medium,High,Low,30
84.95,37.88,7.95,56,29,Yes,Confined Space,Evening,Medium,Low,High,Medium,40
28.32,91.68,1.5,84,4,Yes,Hot Work,Evening,Low,High,Low,Low,70
12.56,72.41,9.44,22,11,Yes,Confined Space,Night,Low,Medium,Low,High,50
20.42,96.08,5.38,58,5,No,Confined Space,Morning,Low,High,Low,Medium,70
0.13,30.6,3.22,27,28,No,Confined Space,Evening,Low,Low,Low,Low,90
19.41,38.56,6.22,37,20,No,Normal,Night,Low,Low,Low,Medium,80
71.51,87.58,7.74,27,12,No,Confined Space,Night,Medium,High,Medium,Medium,45
9.38,95.76,4.89,37,16,No,Normal,Evening,Low,High,Low,Low,80
71.6,79.49,4.99,57,28,Yes,Hot Work,Night,Medium,Medium,Medium,Low,45
79.05,37.9,2.09,63,4,No,Normal,Morning,Medium,Low,High,Low,85
2.05,63.23,5.48,73,24,No,Normal,Evening,Low,Medium,Low,Medium,70
79.38,70.74,5.85,42,13,No,Hot Work,Evening,Medium,Medium,High,Medium,65
52.84,49.63,8.95,77,8,Yes,Confined Space,Morning,Low,Low,Medium,High,70
21.0,83.19,8.75,35,3,No,Hot Work,Evening,Low,High,Low,High,60
62.64,21.08,4.28,67,22,No,Normal,Morning,Medium,Low,Medium,Low,75
9.71,92.59,3.37,69,29,Yes,Hot Work,Evening,Low,High,Low,Low,60
68.96,85.78,4.58,26,23,Yes,Confined Space,Morning,Medium,High,Medium,Low,45
12.77,22.4,9.93,42,27,No,Hot Work,Morning,Low,Low,Low,High,70
67.77,21.9,7.37,60,7,No,Normal,Morning,Medium,Low,Medium,Medium,75
81.77,89.89,6.16,25,30,No,Confined Space,Night,High,High,High,Medium,20
34.18,48.48,2.42,53,7,No,Confined Space,Morning,Low,Low,Low,Low,100
63.66,95.16,7.74,72,9,No,Hot Work,Night,Medium,High,Medium,Medium,45
9.85,22.89,5.71,89,16,No,Hot Work,Evening,Low,Low,Low,Medium,90
75.52,64.41,4.02,41,13,Yes,Hot Work,Evening,Medium,Medium,High,Low,65
91.05,84.96,8.03,44,25,Yes,Hot Work,Morning,High,High,High,High,10
48.55,95.6,6.75,45,30,Yes,Normal,Morning,Low,High,Low,Medium,50
80.7,92.38,8.1,32,25,No,Hot Work,Morning,High,High,High,High,20
70.88,72.43,4.03,80,23,No,Normal,Evening,Medium,Medium,Medium,Low,65
99.63,23.91,2.97,74,1,No,Hot Work,Night,Medium,Low,High,Low,60
19.82,38.67,7.84,36,28,No,Confined Space,Night,Low,Low,Low,Medium,70
23.47,39.56,3.96,70,25,Yes,Normal,Night,Low,Low,Low,Low,70
83.03,94.07,4.36,77,14,Yes,Hot Work,Night,High,High,High,Low,30
0.75,41.03,1.29,50,29,No,Normal,Night,Low,Low,Low,Low,80
75.48,39.72,9.67,37,29,No,Hot Work,Morning,Medium,Low,High,High,55
89.76,56.23,9.06,60,26,No,Hot Work,Morning,Medium,Low,High,High,40
98.67,81.65,2.48,60,2,No,Confined Space,Morning,High,High,High,Low,50
16.02,77.24,7.6,63,23,Yes,Confined Space,Evening,Low,Medium,Low,Medium,60
40.85,53.8,2.8,89,30,Yes,Hot Work,Evening,Low,Low,Low,Low,80
78.96,89.33,9.33,76,1,Yes,Confined Space,Morning,Medium,High,High,High,35
75.08,26.89,8.45,40,22,Yes,Normal,Evening,Medium,Low,High,High,45
95.26,65.54,3.48,42,10,Yes,Normal,Evening,Medium,Medium,High,Low,50
62.19,59.25,5.08,79,29,Yes,Confined Space,Morning,Medium,Low,Medium,Medium,55
31.73,36.64,5.11,40,22,Yes,Normal,Night,Low,Low,Low,Medium,60
4.98,46.49,1.61,88,4,No,Confined Space,Evening,Low,Low,Low,Low,100
75.88,80.12,2.24,26,8,Yes,Confined Space,Evening,Medium,High,High,Low,55
9.39,82.23,8.35,48,5,Yes,Hot Work,Night,Low,High,Low,High,40
11.98,69.71,5.25,29,5,Yes,Confined Space,Evening,Low,Medium,Low,Medium,70
53.52,38.78,7.24,62,19,No,Hot Work,Night,Low,Low,Medium,Medium,80
55.43,42.82,1.58,21,16,No,Confined Space,Night,Low,Low,Medium,Low,90
96.47,83.93,4.58,87,3,No,Confined Space,Evening,High,High,High,Low,50
89.84,80.15,1.96,31,30,Yes,Confined Space,Morning,High,High,High,Low,30
29.22,82.93,6.24,22,4,No,Confined Space,Night,Low,High,Low,Medium,60
75.27,26.43,6.79,28,22,Yes,Hot Work,Night,Medium,Low,High,Medium,45
17.68,76.07,4.66,22,22,Yes,Confined Space,Morning,Low,Medium,Low,Low,70
6.63,27.79,1.02,76,14,No,Confined Space,Morning,Low,Low,Low,Low,100
19.23,69.04,7.12,20,21,Yes,Hot Work,Night,Low,Medium,Low,Medium,50
87.4,74.01,4.06,77,29,No,Hot Work,Evening,High,Medium,High,Low,50
33.0,25.76,4.85,82,19,Yes,Confined Space,Evening,Low,Low,Low,Low,90
93.59,33.15,9.77,55,12,No,Normal,Morning,Medium,Low,High,High,50
92.84,73.7,7.56,35,26,No,Hot Work,Morning,High,Medium,High,Medium,40
69.81,69.68,1.92,85,10,Yes,Hot Work,Night,Medium,Medium,Medium,Low,55
76.61,32.74,7.42,81,23,Yes,Confined Space,Morning,Medium,Low,High,Medium,55
98.47,52.69,8.57,56,12,No,Confined Space,Evening,Medium,Low,High,High,50
91.93,49.97,4.82,25,7,No,Normal,Morning,Medium,Low,High,Low,70
98.54,51.83,4.07,20,1,Yes,Confined Space,Evening,Medium,Low,High,Low,60
61.66,60.85,1.04,66,18,Yes,Hot Work,Night,Medium,Medium,Medium,Low,55
83.92,87.23,3.74,73,6,Yes,Confined Space,Morning,High,High,High,Low,40
65.05,33.96,9.67,36,2,Yes,Normal,Morning,Medium,Low,Medium,High,55
15.73,81.94,8.35,34,6,No,Hot Work,Evening,Low,High,Low,High,60
74.93,91.85,5.89,50,19,Yes,Hot Work,Evening,Medium,High,Medium,Medium,45
97.87,53.47,9.49,80,5,Yes,Normal,Morning,Medium,Low,High,High,40
31.05,91.26,1.94,59,25,Yes,Hot Work,Morning,Low,High,Low,Low,60
81.25,72.46,5.67,49,2,No,Confined Space,Morning,High,Medium,High,Medium,50
28.03,90.37,8.9,70,1,Yes,Hot Work,Morning,Low,High,Low,High,50
91.02,32.24,7.67,59,9,No,Normal,Night,Medium,Low,High,Medium,50
71.32,75.66,2.23,88,25,Yes,Hot Work,Evening,Medium,Medium,Medium,Low,55
36.83,31.54,8.79,56,21,No,Hot Work,Night,Low,Low,Low,High,60
74.32,52.89,9.31,55,15,No,Confined Space,Evening,Medium,Low,Medium,High,65
18.18,78.56,7.72,66,20,No,Confined Space,Morning,Low,Medium,Low,Medium,80
86.97,41.92,6.91,56,6,No,Normal,Night,Medium,Low,High,Medium,50
25.47,79.75,4.39,30,27,Yes,Normal,Evening,Low,Medium,Low,Low,70
41.9,98.69,8.55,45,7,Yes,Normal,Evening,Low,High,Low,High,50
21.01,86.9,4.18,51,17,Yes,Normal,Evening,Low,High,Low,Low,70
92.0,84.14,8.5,48,30,Yes,Confined Space,Night,High,High,High,High,0
25.76,78.94,8.77,39,28,No,Hot Work,Night,Low,Medium,Low,High,50
3.48,99.68,8.66,46,1,No,Normal,Night,Low,High,Low,High,50
6.8,36.43,5.7,69,14,No,Hot Work,Evening,Low,Low,Low,Medium,90
60.93,58.58,4.73,64,3,No,Confined Space,Morning,Medium,Low,Medium,Low,85
38.39,41.62,4.59,31,13,No,Confined Space,Morning,Low,Low,Low,Low,100
5.45,99.21,9.25,58,25,Yes,Confined Space,Evening,Low,High,Low,High,40
35.67,46.46,8.37,37,1,Yes,Confined Space,Night,Low,Low,Low,High,60
27.1,71.34,3.03,22,4,Yes,Normal,Night,Low,Medium,Low,Low,70
37.99,71.78,8.66,47,14,No,Confined Space,Night,Low,Medium,Low,High,60
15.75,71.03,9.07,36,13,Yes,Confined Space,Night,Low,Medium,Low,High,50
49.51,21.14,2.65,67,29,No,Normal,Night,Low,Low,Low,Low,80
56.41,86.51,3.99,56,15,Yes,Confined Space,Night,Low,High,Medium,Low,60
21.77,75.61,6.18,71,21,Yes,Hot Work,Morning,Low,Medium,Low,Medium,60
90.03,48.19,9.44,89,12,Yes,Normal,Night,Medium,Low,High,High,30
25.62,56.48,6.12,85,7,No,Confined Space,Evening,Low,Low,Low,Medium,90
43.1,38.88,6.82,72,10,Yes,Normal,Morning,Low,Low,Low,Medium,80
26.27,72.96,7.74,75,12,Yes,Hot Work,Morning,Low,Medium,Low,Medium,70
78.8,98.63,7.5,76,2,No,Confined Space,Morning,Medium,High,High,Medium,55
65.47,23.88,5.22,56,10,Yes,Hot Work,Evening,Medium,Low,Medium,Medium,65
40.87,62.89,3.85,36,28,Yes,Confined Space,Evening,Low,Medium,Low,Low,70
8.45,83.0,5.64,75,22,Yes,Confined Space,Evening,Low,High,Low,Medium,50
19.26,27.46,3.82,73,8,No,Confined Space,Evening,Low,Low,Low,Low,100
33.57,76.33,3.23,74,7,No,Hot Work,Morning,Low,Medium,Low,Low,90
31.82,80.16,7.13,44,12,Yes,Hot Work,Morning,Low,High,Low,Medium,60
69.96,72.38,4.58,51,2,Yes,Confined Space,Morning,Medium,Medium,Medium,Low,65
88.5,35.28,4.73,29,26,Yes,Confined Space,Morning,Medium,Low,High,Low,50
10.65,73.38,7.44,35,23,Yes,Hot Work,Night,Low,Medium,Low,Medium,50
63.51,65.89,2.2,61,8,Yes,Hot Work,Night,Medium,Medium,Medium,Low,55
3.17,56.57,7.69,25,20,No,Confined Space,Night,Low,Low,Low,Medium,80
28.86,78.91,8.74,59,13,No,Normal,Evening,Low,Medium,Low,High,70
41.24,98.86,8.04,40,10,No,Hot Work,Evening,Low,High,Low,High,60
61.61,95.84,2.9,52,2,No,Normal,Night,Medium,High,Medium,Low,55
6.59,37.64,4.13,55,15,No,Confined Space,Night,Low,Low,Low,Low,90
88.28,88.54,7.84,35,23,No,Confined Space,Morning,High,High,High,Medium,30
14.26,72.99,2.27,38,5,No,Confined Space,Morning,Low,Medium,Low,Low,90
13.4,84.53,6.62,62,8,Yes,Normal,Night,Low,High,Low,Medium,50
8.56,67.39,4.17,88,21,No,Normal,Evening,Low,Medium,Low,Low,80
9.27,76.39,5.59,25,13,Yes,Hot Work,Morning,Low,Medium,Low,Medium,70
18.5,51.29,6.62,51,10,Yes,Confined Space,Evening,Low,Low,Low,Medium,80
53.46,64.98,2.65,86,24,Yes,Hot Work,Night,Low,Medium,Medium,Low,60
3.68,92.93,6.17,46,7,No,Normal,Evening,Low,High,Low,Medium,70
58.08,96.58,8.84,54,13,No,Normal,Night,Low,High,Medium,High,50
65.45,94.16,6.13,51,11,No,Hot Work,Night,Medium,High,Medium,Medium,45
1.42,66.24,3.43,77,21,No,Normal,Night,Low,Medium,Low,Low,70
2.45,25.9,3.81,48,28,Yes,Confined Space,Morning,Low,Low,Low,Low,80
78.6,39.78,2.74,46,23,Yes,Normal,Morning,Medium,Low,High,Low,65
79.02,60.43,3.39,22,2,Yes,Normal,Morning,Medium,Medium,High,Low,65
82.26,40.63,2.64,60,25,Yes,Confined Space,Evening,Medium,Low,High,Low,50
64.17,68.16,9.07,32,1,No,Hot Work,Morning,Medium,Medium,Medium,High,55
1.25,24.73,5.78,45,25,Yes,Confined Space,Night,Low,Low,Low,Medium,60
2.6,75.08,2.99,43,17,No,Normal,Night,Low,Medium,Low,Low,80
74.79,38.68,9.74,30,29,No,Normal,Night,Medium,Low,Medium,High,45
11.34,82.1,4.95,44,19,Yes,Confined Space,Morning,Low,High,Low,Low,70
2.83,54.6,2.15,63,24,Yes,Normal,Night,Low,Low,Low,Low,70
89.28,67.83,4.66,21,15,No,Normal,Evening,Medium,Medium,High,Low,60
82.99,85.9,2.28,69,25,No,Hot Work,Morning,High,High,High,Low,40
40.15,75.76,1.8,48,5,No,Confined Space,Night,Low,Medium,Low,Low,80
54.94,52.34,2.94,29,19,Yes,Confined Space,Morning,Low,Low,Medium,Low,90
40.51,95.18,6.05,52,23,No,Confined Space,Morning,Low,High,Low,Medium,60
88.65,28.92,2.61,87,27,Yes,Confined Space,Night,Medium,Low,High,Low,40
47.75,40.0,2.1,39,27,No,Normal,Evening,Low,Low,Low,Low,90
21.74,95.01,3.88,40,11,No,Confined Space,Night,Low,High,Low,Low,70
27.83,91.58,6.58,88,17,Yes,Normal,Night,Low,High,Low,Medium,50
59.26,99.2,6.43,30,27,No,Hot Work,Evening,Low,High,Medium,Medium,60
67.73,77.11,6.13,25,11,No,Confined Space,Evening,Medium,Medium,Medium,Medium,65
91.44,22.63,7.3,65,26,No,Normal,Morning,Medium,Low,High,Medium,50
64.3,32.25,9.18,88,25,No,Normal,Evening,Medium,Low,Medium,High,55
69.97,89.18,3.53,65,12,Yes,Hot Work,Morning,Medium,High,Medium,Low,55
92.27,66.45,3.0,36,19,No,Confined Space,Evening,Medium,Medium,High,Low,60
13.59,27.82,4.43,52,24,Yes,Hot Work,Morning,Low,Low,Low,Low,80
45.82,95.55,3.48,32,3,Yes,Confined Space,Evening,Low,High,Low,Low,70
77.37,87.62,3.83,29,11,Yes,Hot Work,Night,Medium,High,High,Low,45
12.42,65.48,4.23,43,9,Yes,Hot Work,Morning,Low,Medium,Low,Low,80
30.24,99.23,8.54,49,23,Yes,Confined Space,Evening,Low,High,Low,High,40
89.37,73.55,4.07,40,24,No,Normal,Morning,High,Medium,High,Low,50
94.24,97.63,1.59,31,26,No,Normal,Evening,High,High,High,Low,40
37.05,33.8,5.35,71,3,Yes,Hot Work,Morning,Low,Low,Low,Medium,80
83.21,69.11,4.52,80,21,Yes,Hot Work,Morning,Medium,Medium,High,Low,40
88.36,50.4,6.18,24,28,No,Normal,Night,Medium,Low,High,Medium,40
53.8,90.03,3.0,35,5,Yes,Confined Space,Morning,Low,High,Medium,Low,70
36.42,73.09,4.5,84,27,No,Hot Work,Morning,Low,Medium,Low,Low,80
51.63,63.48,7.35,48,21,Yes,Hot Work,Night,Low,Medium,Medium,Medium,50
3.92,76.51,5.26,40,1,Yes,Normal,Morning,Low,Medium,Low,Medium,70
16.56,66.77,5.67,82,5,No,Hot Work,Night,Low,Medium,Low,Medium,70
0.77,50.9,3.61,71,6,No,Normal,Evening,Low,Low,Low,Low,100
30.26,32.92,5.63,41,20,Yes,Confined Space,Morning,Low,Low,Low,Medium,80
35.01,83.0,8.15,59,30,No,Hot Work,Evening,Low,High,Low,High,50
20.36,54.04,8.81,38,18,No,Hot Work,Evening,Low,Low,Low,High,80
10.17,77.24,3.02,59,5,Yes,Confined Space,Night,Low,Medium,Low,Low,70
23.32,93.09,2.49,36,9,No,Normal,Morning,Low,High,Low,Low,80
48.81,48.45,9.46,54,16,Yes,Confined Space,Morning,Low,Low,Low,High,70
9.44,51.09,2.76,84,4,No,Confined Space,Night,Low,Low,Low,Low,90
51.45,29.6,1.99,29,4,Yes,Normal,Evening,Low,Low,Medium,Low,90
17.93,35.34,4.88,65,15,Yes,Confined Space,Morning,Low,Low,Low,Low,90
32.66,23.8,9.31,57,6,Yes,Normal,Night,Low,Low,Low,High,60
38.84,90.85,5.8,64,15,Yes,Hot Work,Night,Low,High,Low,Medium,50
3.8,45.75,7.45,36,29,No,Hot Work,Night,Low,Low,Low,Medium,70
48.67,96.26,7.19,69,1,No,Confined Space,Morning,Low,High,Low,Medium,70
73.69,84.73,9.61,45,16,Yes,Normal,Morning,Medium,High,Medium,High,35
92.41,46.84,2.52,38,29,No,Normal,Morning,Medium,Low,High,Low,60
79.08,40.25,6.56,68,20,Yes,Normal,Morning,Medium,Low,High,Medium,65
68.09,57.02,7.05,35,18,No,Normal,Night,Medium,Low,Medium,Medium,65
86.9,20.05,3.93,46,5,No,Hot Work,Morning,Medium,Low,High,Low,70
62.17,39.48,8.04,39,18,No,Hot Work,Evening,Medium,Low,Medium,High,65
1.17,91.34,8.92,66,14,No,Confined Space,Night,Low,High,Low,High,50
96.06,34.69,9.91,39,6,No,Confined Space,Morning,Medium,Low,High,High,50
39.73,29.46,4.12,79,1,No,Confined Space,Evening,Low,Low,Low,Low,100
7.93,45.35,1.97,22,16,Yes,Confined Space,Morning,Low,Low,Low,Low,90
4.9,48.57,6.75,44,21,No,Normal,Night,Low,Low,Low,Medium,70
75.97,90.67,6.89,61,8,No,Normal,Evening,Medium,High,High,Medium,55
69.36,56.67,1.02,33,25,No,Confined Space,Evening,Medium,Low,Medium,Low,75
55.9,51.96,7.48,54,1,Yes,Normal,Evening,Low,Low,Medium,Medium,80
15.34,71.38,3.16,81,21,Yes,Normal,Evening,Low,Medium,Low,Low,70
75.59,63.21,2.81,78,7,No,Normal,Night,Medium,Medium,High,Low,65
26.64,86.04,4.79,53,17,No,Hot Work,Morning,Low,High,Low,Low,80
64.64,47.83,3.67,67,8,No,Normal,Morning,Medium,Low,Medium,Low,85
14.69,89.22,5.77,42,28,No,Confined Space,Evening,Low,High,Low,Medium,60
5.8,98.85,5.89,38,17,Yes,Hot Work,Evening,Low,High,Low,Medium,60
95.05,60.03,9.68,78,14,No,Hot Work,Morning,Medium,Medium,High,High,40
80.63,29.31,9.99,90,13,No,Confined Space,Morning,Medium,Low,High,High,50
18.58,71.2,7.06,64,7,No,Confined Space,Morning,Low,Medium,Low,Medium,80
67.59,72.13,3.52,82,17,Yes,Confined Space,Night,Medium,Medium,Medium,Low,55
69.37,55.85,6.31,88,8,No,Hot Work,Evening,Medium,Low,Medium,Medium,75
21.95,62.24,9.27,27,15,Yes,Hot Work,Night,Low,Medium,Low,High,50
51.09,61.11,4.7,54,16,No,Confined Space,Night,Low,Medium,Medium,Low,80
70.57,56.58,3.47,52,3,Yes,Hot Work,Morning,Medium,Low,Medium,Low,75
55.9,22.87,1.54,76,17,No,Normal,Evening,Low,Low,Medium,Low,100
48.27,61.85,2.01,41,14,No,Hot Work,Evening,Low,Medium,Low,Low,90
90.05,46.63,6.54,23,30,No,Confined Space,Morning,Medium,Low,High,Medium,50
8.97,76.75,1.37,35,17,Yes,Confined Space,Night,Low,Medium,Low,Low,70
17.74,78.03,7.57,85,1,Yes,Confined Space,Night,Low,Medium,Low,Medium,60
7.37,49.71,2.1,65,13,Yes,Normal,Evening,Low,Low,Low,Low,90
31.24,74.44,1.18,76,27,No,Confined Space,Evening,Low,Medium,Low,Low,80
38.84,35.92,2.25,69,16,No,Confined Space,Night,Low,Low,Low,Low,90
33.38,54.41,2.82,20,10,No,Normal,Night,Low,Low,Low,Low,90
73.24,54.05,1.65,30,11,Yes,Normal,Night,Medium,Low,Medium,Low,65
72.32,72.86,7.94,76,27,No,Confined Space,Morning,Medium,Medium,Medium,Medium,55
99.21,60.02,2.32,21,30,No,Hot Work,Night,Medium,Medium,High,Low,40
92.88,31.6,4.1,43,7,Yes,Hot Work,Night,Medium,Low,High,Low,50
92.2,39.56,2.07,75,2,Yes,Hot Work,Morning,Medium,Low,High,Low,60
44.89,21.99,7.1,20,19,No,Confined Space,Morning,Low,Low,Low,Medium,90
32.31,25.97,1.74,39,3,Yes,Hot Work,Night,Low,Low,Low,Low,80
92.43,47.77,1.89,76,27,Yes,Confined Space,Night,Medium,Low,High,Low,40
57.08,44.68,6.22,69,25,No,Normal,Morning,Low,Low,Medium,Medium,80
98.77,52.49,6.6,81,8,No,Confined Space,Night,Medium,Low,High,Medium,50
63.63,80.07,6.71,62,5,Yes,Hot Work,Night,Medium,High,Medium,Medium,35
65.86,88.88,2.72,57,15,Yes,Normal,Evening,Medium,High,Medium,Low,55
62.86,41.41,1.53,69,9,No,Normal,Morning,Medium,Low,Medium,Low,85
38.16,56.91,6.51,52,26,Yes,Hot Work,Night,Low,Low,Low,Medium,60
33.19,56.03,4.09,44,28,Yes,Hot Work,Morning,Low,Low,Low,Low,80
9.39,96.78,9.24,37,27,No,Normal,Night,Low,High,Low,High,40
84.74,38.05,7.7,55,25,Yes,Confined Space,Night,Medium,Low,High,Medium,30
35.62,91.97,1.97,48,13,No,Normal,Night,Low,High,Low,Low,70
76.98,74.65,8.77,40,23,No,Normal,Morning,Medium,Medium,High,High,45
81.74,75.92,2.52,85,26,No,Hot Work,Morning,High,Medium,High,Low,50
0.63,21.01,5.36,81,18,Yes,Hot Work,Night,Low,Low,Low,Medium,70
26.01,69.29,8.81,45,14,No,Normal,Night,Low,Medium,Low,High,60
50.18,73.07,7.09,48,23,Yes,Hot Work,Evening,Low,Medium,Medium,Medium,60
99.48,59.34,8.96,86,18,No,Hot Work,Evening,Medium,Low,High,High,50
25.07,78.55,5.4,56,22,Yes,Hot Work,Night,Low,Medium,Low,Medium,50
95.06,28.55,4.08,24,8,No,Hot Work,Evening,Medium,Low,High,Low,70
38.71,26.51,2.99,24,7,No,Normal,Morning,Low,Low,Low,Low,100
20.47,27.5,3.07,28,13,No,Confined Space,Morning,Low,Low,Low,Low,100
80.42,44.91,5.36,50,13,Yes,Normal,Evening,Medium,Low,High,Medium,50
11.69,55.79,3.87,52,21,No,Confined Space,Evening,Low,Low,Low,Low,90
27.32,21.76,5.09,22,9,Yes,Normal,Evening,Low,Low,Low,Medium,80
38.07,98.05,7.59,90,29,No,Confined Space,Night,Low,High,Low,Medium,50
84.82,58.72,3.77,48,6,Yes,Normal,Night,Medium,Low,High,Low,50
21.77,45.84,7.61,52,15,Yes,Hot Work,Morning,Low,Low,Low,Medium,80
15.84,25.28,7.16,61,4,Yes,Hot Work,Night,Low,Low,Low,Medium,70
4.28,89.05,7.16,25,25,No,Confined Space,Night,Low,High,Low,Medium,50
86.97,20.43,3.63,76,13,Yes,Normal,Evening,Medium,Low,High,Low,60
15.83,24.97,1.41,43,28,No,Hot Work,Night,Low,Low,Low,Low,80
0.95,73.74,2.44,41,18,No,Normal,Morning,Low,Medium,Low,Low,90
72.93,25.45,8.04,66,27,Yes,Hot Work,Night,Medium,Low,Medium,High,35
33.96,76.54,6.24,53,21,Yes,Hot Work,Evening,Low,Medium,Low,Medium,60
85.34,89.67,9.95,33,22,No,Confined Space,Evening,High,High,High,High,20
3.13,61.48,4.9,88,29,No,Normal,Night,Low,Medium,Low,Low,70
76.03,41.8,7.21,32,26,No,Normal,Morning,Medium,Low,High,Medium,65
67.44,62.35,2.17,37,9,No,Normal,Morning,Medium,Medium,Medium,Low,75
31.96,99.61,3.14,49,26,No,Confined Space,Night,Low,High,Low,Low,60
49.21,96.31,5.83,71,30,No,Normal,Morning,Low,High,Low,Medium,60
42.04,45.07,3.06,22,5,Yes,Confined Space,Evening,Low,Low,Low,Low,90
96.61,49.75,7.57,43,1,Yes,Hot Work,Evening,Medium,Low,High,Medium,50
32.37,50.98,1.63,35,21,No,Hot Work,Night,Low,Low,Low,Low,80
44.08,57.81,6.66,66,28,Yes,Normal,Morning,Low,Low,Low,Medium,70
84.9,25.61,5.69,35,28,No,Hot Work,Morning,Medium,Low,High,Medium,50
54.78,52.94,6.56,57,9,No,Confined Space,Evening,Low,Low,Medium,Medium,90
66.88,78.97,4.35,36,21,Yes,Normal,Morning,Medium,Medium,Medium,Low,55
74.0,89.18,2.59,24,14,No,Hot Work,Evening,Medium,High,Medium,Low,65
1.44,87.03,9.43,89,7,No,Normal,Evening,Low,High,Low,High,60
87.87,49.82,8.31,43,29,No,Hot Work,Morning,Medium,Low,High,High,40
72.13,78.41,5.89,54,30,Yes,Normal,Evening,Medium,Medium,Medium,Medium,45
25.8,65.84,7.27,48,9,Yes,Normal,Morning,Low,Medium,Low,Medium,70
35.73,52.15,3.03,37,26,Yes,Hot Work,Evening,Low,Low,Low,Low,80
86.01,56.92,3.66,48,8,Yes,Hot Work,Morning,Medium,Low,High,Low,60
44.52,50.75,9.45,64,4,No,Confined Space,Night,Low,Low,Low,High,70
45.57,64.93,4.39,40,2,No,Confined Space,Night,Low,Medium,Low,Low,80
54.86,93.92,3.66,81,24,Yes,Hot Work,Morning,Low,High,Medium,Low,60
27.83,95.02,9.75,73,13,No,Normal,Night,Low,High,Low,High,50
9.47,81.92,8.34,80,4,No,Normal,Evening,Low,High,Low,High,60
77.53,86.01,3.38,77,10,No,Hot Work,Evening,Medium,High,High,Low,65
40.88,27.79,2.0,41,25,Yes,Normal,Night,Low,Low,Low,Low,70
69.95,66.82,7.49,54,26,Yes,Hot Work,Evening,Medium,Medium,Medium,Medium,45
48.38,68.34,7.5,38,20,Yes,Hot Work,Evening,Low,Medium,Low,Medium,70
86.95,61.96,4.66,69,6,No,Normal,Morning,Medium,Medium,High,Low,60
29.97,28.78,7.38,35,15,No,Normal,Night,Low,Low,Low,Medium,80
50.97,96.77,5.82,45,12,No,Hot Work,Evening,Low,High,Medium,Medium,70
94.47,24.0,1.92,70,17,No,Confined Space,Evening,Medium,Low,High,Low,70
25.34,66.82,4.34,30,6,No,Hot Work,Morning,Low,Medium,Low,Low,90
4.9,85.2,1.16,74,5,Yes,Normal,Night,Low,High,Low,Low,60
65.39,84.21,6.8,28,24,Yes,Hot Work,Night,Medium,High,Medium,Medium,25
92.14,61.08,9.28,40,8,No,Confined Space,Evening,Medium,Medium,High,High,40
46.19,58.57,3.76,58,6,Yes,Normal,Evening,Low,Low,Low,Low,90
92.11,88.92,6.73,43,13,No,Hot Work,Morning,High,High,High,Medium,40
75.5,66.7,9.24,50,25,Yes,Normal,Night,Medium,Medium,High,High,25
64.31,87.5,1.08,78,24,No,Confined Space,Morning,Medium,High,Medium,Low,55
24.34,83.39,1.83,54,12,Yes,Confined Space,Night,Low,High,Low,Low,60
96.3,74.5,7.28,47,1,No,Normal,Morning,High,Medium,High,Medium,50
23.25,66.47,4.64,61,21,Yes,Hot Work,Evening,Low,Medium,Low,Low,70
75.5,82.76,2.81,90,8,No,Hot Work,Evening,Medium,High,High,Low,65
96.17,66.96,8.0,88,20,No,Normal,Morning,Medium,Medium,High,Medium,50
8.11,50.21,8.53,27,15,No,Confined Space,Night,Low,Low,Low,High,70
60.05,77.32,2.61,72,22,Yes,Normal,Morning,Medium,Medium,Medium,Low,55
51.29,89.72,7.87,38,11,Yes,Normal,Night,Low,High,Medium,Medium,50
71.39,77.74,4.75,60,11,Yes,Normal,Morning,Medium,Medium,Medium,Low,65
49.22,71.11,9.69,72,9,No,Normal,Evening,Low,Medium,Low,High,70
13.77,76.34,1.11,85,7,No,Normal,Night,Low,Medium,Low,Low,80
93.3,76.15,9.15,65,15,No,Normal,Evening,High,Medium,High,High,40
63.8,69.64,6.29,35,26,Yes,Normal,Night,Medium,Medium,Medium,Medium,35
21.15,46.22,5.38,67,17,No,Normal,Night,Low,Low,Low,Medium,80
57.87,84.86,7.44,27,28,No,Normal,Evening,Low,High,Medium,Medium,60
36.94,71.9,8.45,73,7,Yes,Confined Space,Evening,Low,Medium,Low,High,60
69.3,69.41,1.43,83,28,No,Confined Space,Evening,Medium,Medium,Medium,Low,65
88.83,88.22,9.21,60,14,Yes,Hot Work,Morning,High,High,High,High,20
99.82,44.6,3.13,32,30,No,Hot Work,Morning,Medium,Low,High,Low,60
4.46,48.29,1.11,61,12,Yes,Confined Space,Evening,Low,Low,Low,Low,90
42.6,47.19,7.55,45,24,No,Hot Work,Night,Low,Low,Low,Medium,70
90.03,55.4,1.41,89,5,No,Hot Work,Evening,Medium,Low,High,Low,70
27.68,46.74,4.71,34,22,Yes,Confined Space,Morning,Low,Low,Low,Low,80
24.25,61.11,1.31,67,26,No,Confined Space,Morning,Low,Medium,Low,Low,80
89.99,74.29,2.58,25,11,Yes,Hot Work,Morning,High,Medium,High,Low,50
77.17,67.48,1.54,37,6,Yes,Confined Space,Evening,Medium,Medium,High,Low,65
19.14,87.03,9.92,46,5,Yes,Confined Space,Morning,Low,High,Low,High,50
30.37,53.99,5.38,79,25,No,Hot Work,Morning,Low,Low,Low,Medium,80
30.97,31.51,4.71,88,25,Yes,Normal,Evening,Low,Low,Low,Low,80
6.77,70.72,3.05,71,25,Yes,Hot Work,Morning,Low,Medium,Low,Low,70
91.95,77.88,8.0,25,22,Yes,Confined Space,Morning,High,Medium,High,Medium,30
72.01,82.72,4.16,72,6,Yes,Hot Work,Night,Medium,High,Medium,Low,45
75.18,71.18,3.8,76,24,Yes,Normal,Night,Medium,Medium,High,Low,45
89.79,92.5,5.03,46,21,No,Hot Work,Night,High,High,High,Medium,20
18.41,63.0,4.96,59,27,Yes,Hot Work,Morning,Low,Medium,Low,Low,70
62.11,42.29,6.01,76,13,Yes,Hot Work,Evening,Medium,Low,Medium,Medium,65
45.2,56.18,3.1,63,4,Yes,Confined Space,Evening,Low,Low,Low,Low,90
67.53,23.91,1.94,48,9,No,Normal,Evening,Medium,Low,Medium,Low,85
46.28,24.18,8.47,56,21,Yes,Hot Work,Morning,Low,Low,Low,High,60
56.27,84.35,9.43,44,2,Yes,Confined Space,Night,Low,High,Medium,High,40
67.45,92.08,6.26,87,24,No,Normal,Evening,Medium,High,Medium,Medium,45
82.4,77.71,6.45,52,21,Yes,Normal,Evening,High,Medium,High,Medium,30
94.58,88.86,2.92,43,6,No,Confined Space,Morning,High,High,High,Low,50
3.34,51.29,5.49,70,13,Yes,Confined Space,Morning,Low,Low,Low,Medium,80
93.5,82.87,3.99,60,1,Yes,Hot Work,Morning,High,High,High,Low,40
33.76,90.97,9.87,51,14,Yes,Normal,Night,Low,High,Low,High,40
36.63,37.81,4.03,77,13,Yes,Normal,Morning,Low,Low,Low,Low,90
53.79,94.32,5.91,55,12,Yes,Normal,Night,Low,High,Medium,Medium,50
0.25,61.47,8.8,31,11,No,Hot Work,Morning,Low,Medium,Low,High,70
48.26,93.24,4.12,76,1,Yes,Normal,Morning,Low,High,Low,Low,70
27.41,94.9,7.8,77,21,Yes,Normal,Evening,Low,High,Low,Medium,50
86.86,37.4,9.33,89,3,No,Hot Work,Morning,Medium,Low,High,High,50
31.23,48.33,3.64,38,16,No,Hot Work,Morning,Low,Low,Low,Low,100
33.56,56.54,6.99,49,11,No,Hot Work,Morning,Low,Low,Low,Medium,90
92.57,95.09,3.8,48,30,Yes,Confined Space,Evening,High,High,High,Low,30
43.31,61.52,6.66,37,23,No,Hot Work,Morning,Low,Medium,Low,Medium,70
86.92,68.02,6.6,21,27,No,Normal,Morning,Medium,Medium,High,Medium,40
43.8,44.69,5.2,82,2,No,Confined Space,Evening,Low,Low,Low,Medium,90
85.24,76.85,9.62,55,27,No,Normal,Morning,High,Medium,High,High,30
44.86,84.22,4.67,44,13,Yes,Hot Work,Morning,Low,High,Low,Low,70
88.36,58.4,3.18,53,20,Yes,Confined Space,Night,Medium,Low,High,Low,50
17.12,47.91,5.78,44,10,Yes,Normal,Evening,Low,Low,Low,Medium,80
78.35,77.85,9.2,65,22,No,Normal,Night,Medium,Medium,High,High,35
78.48,85.9,2.4,89,16,Yes,Confined Space,Night,Medium,High,High,Low,45
41.94,24.66,7.33,59,9,No,Normal,Evening,Low,Low,Low,Medium,90
79.39,97.31,2.56,45,2,Yes,Hot Work,Night,Medium,High,High,Low,45
66.64,64.99,5.29,30,10,No,Normal,Morning,Medium,Medium,Medium,Medium,65
89.9,79.63,1.94,28,23,Yes,Normal,Night,High,Medium,High,Low,30
93.07,90.79,7.81,44,15,Yes,Confined Space,Night,High,High,High,Medium,20
8.52,88.2,8.59,41,17,Yes,Normal,Night,Low,High,Low,High,40
78.09,79.03,1.66,85,27,Yes,Normal,Morning,Medium,Medium,High,Low,55
55.87,63.16,5.46,84,19,Yes,Hot Work,Evening,Low,Medium,Medium,Medium,70
87.82,87.68,8.16,31,11,No,Normal,Night,High,High,High,High,20
68.95,77.36,6.18,43,4,No,Hot Work,Morning,Medium,Medium,Medium,Medium,65
16.42,37.63,4.86,67,21,No,Normal,Night,Low,Low,Low,Low,80
85.63,34.13,2.77,55,12,Yes,Normal,Morning,Medium,Low,High,Low,60
59.29,81.7,7.34,76,2,Yes,Confined Space,Night,Low,High,Medium,Medium,50
73.91,75.87,6.45,66,25,Yes,Confined Space,Night,Medium,Medium,Medium,Medium,35
60.87,42.27,1.34,73,10,No,Normal,Evening,Medium,Low,Medium,Low,85
12.34,56.45,1.78,37,15,No,Normal,Morning,Low,Low,Low,Low,100
37.44,28.41,8.3,48,11,Yes,Confined Space,Evening,Low,Low,Low,High,70
34.24,42.12,4.02,60,28,Yes,Hot Work,Morning,Low,Low,Low,Low,80
82.17,48.54,5.61,78,14,No,Hot Work,Evening,Medium,Low,High,Medium,60
91.06,59.39,9.09,20,10,No,Hot Work,Evening,Medium,Low,High,High,50
46.19,83.32,1.21,90,3,No,Confined Space,Morning,Low,High,Low,Low,80
49.34,43.63,9.21,35,22,No,Hot Work,Morning,Low,Low,Low,High,70
89.31,77.54,7.74,57,27,No,Normal,Night,High,Medium,High,Medium,30
76.41,48.94,4.56,28,13,Yes,Hot Work,Evening,Medium,Low,High,Low,75
49.33,76.97,6.42,55,19,Yes,Hot Work,Night,Low,Medium,Low,Medium,60
71.27,72.51,6.08,56,2,No,Confined Space,Morning,Medium,Medium,Medium,Medium,65
91.17,41.55,9.86,64,14,No,Confined Space,Night,Medium,Low,High,High,40
17.23,43.83,7.46,28,27,Yes,Hot Work,Morning,Low,Low,Low,Medium,70
15.67,92.79,7.78,23,27,Yes,Hot Work,Morning,Low,High,Low,Medium,50
97.52,84.68,3.38,27,6,No,Normal,Evening,High,High,High,Low,50
5.33,68.24,1.96,74,24,Yes,Hot Work,Evening,Low,Medium,Low,Low,70
53.13,68.93,5.41,51,20,Yes,Normal,Night,Low,Medium,Medium,Medium,60
6.45,76.91,4.35,68,11,No,Hot Work,Morning,Low,Medium,Low,Low,90
50.3,35.88,5.32,47,14,Yes,Normal,Evening,Low,Low,Medium,Medium,80
53.38,74.53,5.82,20,21,No,Hot Work,Night,Low,Medium,Medium,Medium,60
68.6,20.37,6.25,50,2,No,Confined Space,Night,Medium,Low,Medium,Medium,65
44.48,43.23,2.3,66,2,No,Confined Space,Evening,Low,Low,Low,Low,100
28.81,97.75,4.48,65,3,No,Confined Space,Night,Low,High,Low,Low,70
32.88,27.31,7.6,58,13,Yes,Confined Space,Night,Low,Low,Low,Medium,70
78.0,43.32,7.83,72,21,No,Confined Space,Evening,Medium,Low,High,Medium,65
66.55,74.67,6.88,40,5,No,Normal,Evening,Medium,Medium,Medium,Medium,65
66.92,81.73,1.92,22,25,Yes,Normal,Night,Medium,High,Medium,Low,35
25.09,29.76,6.76,59,2,Yes,Confined Space,Night,Low,Low,Low,Medium,70
90.9,36.36,3.25,58,7,No,Confined Space,Morning,Medium,Low,High,Low,70
70.62,41.08,5.53,24,12,Yes,Hot Work,Evening,Medium,Low,Medium,Medium,65
61.48,50.17,2.18,72,3,Yes,Hot Work,Morning,Medium,Low,Medium,Low,75
21.88,29.18,5.26,75,10,Yes,Normal,Night,Low,Low,Low,Medium,70
91.85,74.83,4.3,40,9,Yes,Confined Space,Evening,High,Medium,High,Low,50
9.05,59.73,3.67,84,26,No,Normal,Morning,Low,Low,Low,Low,90
77.53,35.07,5.23,53,2,No,Normal,Evening,Medium,Low,High,Medium,75
9.67,96.98,2.35,40,1,No,Normal,Night,Low,High,Low,Low,70
59.98,66.63,4.15,79,9,No,Confined Space,Night,Low,Medium,Medium,Low,80
59.11,27.08,3.84,76,1,Yes,Confined Space,Evening,Low,Low,Medium,Low,90
23.55,35.75,6.27,28,14,No,Normal,Evening,Low,Low,Low,Medium,90
80.94,89.35,1.14,60,23,Yes,Confined Space,Night,High,High,High,Low,20
3.1,29.28,4.73,65,11,No,Hot Work,Morning,Low,Low,Low,Low,100
11.51,67.49,8.36,49,25,Yes,Confined Space,Evening,Low,Medium,Low,High,50
88.8,64.11,9.25,90,19,Yes,Hot Work,Night,Medium,Medium,High,High,20
60.37,59.3,9.32,63,27,No,Confined Space,Morning,Medium,Low,Medium,High,55
9.73,26.05,2.74,54,18,No,Normal,Morning,Low,Low,Low,Low,100
4.32,63.83,4.15,50,14,Yes,Confined Space,Evening,Low,Medium,Low,Low,80
56.68,98.94,8.07,36,27,Yes,Normal,Morning,Low,High,Medium,High,40
66.99,76.0,6.15,51,25,No,Normal,Night,Medium,Medium,Medium,Medium,45
30.28,83.49,4.31,37,10,No,Confined Space,Morning,Low,High,Low,Low,80
16.18,37.65,9.2,58,17,Yes,Hot Work,Morning,Low,Low,Low,High,70
24.79,77.42,5.4,74,16,Yes,Hot Work,Evening,Low,Medium,Low,Medium,70
72.18,77.49,7.1,90,14,No,Hot Work,Night,Medium,Medium,Medium,Medium,55
78.15,42.31,9.59,65,24,Yes,Confined Space,Morning,Medium,Low,High,High,45
26.38,23.0,5.13,66,5,Yes,Normal,Morning,Low,Low,Low,Medium,80
15.6,88.74,8.56,33,4,No,Confined Space,Evening,Low,High,Low,High,60
60.17,87.52,8.0,73,18,No,Hot Work,Night,Medium,High,Medium,Medium,45
85.8,20.9,4.58,58,21,Yes,Normal,Morning,Medium,Low,High,Low,50
90.27,70.04,2.68,45,8,Yes,Confined Space,Evening,High,Medium,High,Low,50
17.94,41.94,9.15,87,2,No,Confined Space,Night,Low,Low,Low,High,70
34.15,72.35,9.44,50,13,Yes,Hot Work,Evening,Low,Medium,Low,High,60
83.43,86.49,9.89,46,30,Yes,Normal,Evening,High,High,High,High,10
62.4,53.8,9.03,66,6,No,Hot Work,Evening,Medium,Low,Medium,High,65
4.39,84.95,7.86,85,24,Yes,Normal,Evening,Low,High,Low,Medium,50
11.72,77.61,1.98,47,10,Yes,Hot Work,Morning,Low,Medium,Low,Low,80
12.61,28.96,6.5,36,14,No,Normal,Night,Low,Low,Low,Medium,80
29.83,75.21,8.03,42,2,Yes,Hot Work,Night,Low,Medium,Low,High,50
70.88,63.74,2.81,67,12,No,Hot Work,Morning,Medium,Medium,Medium,Low,75
36.47,44.54,2.88,51,16,No,Normal,Evening,Low,Low,Low,Low,100
56.49,39.19,3.0,28,30,Yes,Normal,Night,Low,Low,Medium,Low,70
47.5,62.21,4.22,67,30,Yes,Normal,Evening,Low,Medium,Low,Low,70
10.05,41.47,1.89,43,30,Yes,Hot Work,Morning,Low,Low,Low,Low,80
51.62,31.17,5.58,73,24,Yes,Confined Space,Evening,Low,Low,Medium,Medium,70
68.75,76.37,4.95,24,5,Yes,Confined Space,Evening,Medium,Medium,Medium,Low,65
96.32,57.26,8.05,75,26,No,Hot Work,Morning,Medium,Low,High,High,40
92.63,85.68,6.9,39,15,Yes,Confined Space,Morning,High,High,High,Medium,30
18.45,84.37,7.08,80,4,No,Normal,Morning,Low,High,Low,Medium,70
96.28,33.81,5.3,82,2,Yes,Hot Work,Night,Medium,Low,High,Medium,40
13.48,69.45,6.61,32,21,No,Confined Space,Night,Low,Medium,Low,Medium,60
74.12,97.25,3.11,81,24,Yes,Normal,Night,Medium,High,Medium,Low,35
59.46,76.68,5.15,71,2,Yes,Hot Work,Evening,Low,Medium,Medium,Medium,70
62.61,32.88,7.95,30,10,Yes,Confined Space,Morning,Medium,Low,Medium,Medium,65
73.78,79.03,6.52,49,4,Yes,Normal,Night,Medium,Medium,Medium,Medium,45
73.73,39.51,4.18,38,23,No,Confined Space,Morning,Medium,Low,Medium,Low,75
17.6,55.46,6.87,76,22,Yes,Hot Work,Night,Low,Low,Low,Medium,60
90.65,55.23,5.62,34,25,Yes,Normal,Night,Medium,Low,High,Medium,30
2.43,83.54,4.61,45,15,Yes,Normal,Morning,Low,High,Low,Low,70
52.88,75.53,8.09,20,17,No,Hot Work,Evening,Low,Medium,Medium,High,70
94.97,62.23,5.0,41,4,No,Normal,Evening,Medium,Medium,High,Low,60
64.69,33.17,7.45,75,22,No,Normal,Night,Medium,Low,Medium,Medium,55
72.44,84.1,8.99,85,2,Yes,Confined Space,Night,Medium,High,Medium,High,25
64.24,75.19,8.42,86,12,No,Hot Work,Evening,Medium,Medium,Medium,High,55
69.09,48.45,7.12,74,22,No,Normal,Night,Medium,Low,Medium,Medium,55
21.13,65.41,3.13,65,9,Yes,Confined Space,Morning,Low,Medium,Low,Low,80
24.23,41.22,2.88,63,23,No,Confined Space,Night,Low,Low,Low,Low,80
0.01,20.65,9.26,84,29,Yes,Hot Work,Morning,Low,Low,Low,High,60
79.81,88.92,6.9,66,29,No,Normal,Night,Medium,High,High,Medium,35
32.92,96.4,2.67,65,3,Yes,Hot Work,Evening,Low,High,Low,Low,70
19.11,55.57,5.28,55,17,Yes,Hot Work,Evening,Low,Low,Low,Medium,80
46.84,89.89,6.83,44,2,Yes,Hot Work,Morning,Low,High,Low,Medium,60
46.61,91.47,6.5,78,16,No,Normal,Morning,Low,High,Low,Medium,70
89.74,54.62,8.94,48,9,Yes,Confined Space,Morning,Medium,Low,High,High,40
70.53,82.01,5.43,89,4,No,Confined Space,Morning,Medium,High,Medium,Medium,55
90.06,49.85,4.06,40,2,Yes,Normal,Morning,Medium,Low,High,Low,60
42.44,50.76,9.81,64,10,No,Hot Work,Night,Low,Low,Low,High,70
20.77,94.57,6.38,24,5,No,Confined Space,Evening,Low,High,Low,Medium,70
10.8,23.62,7.43,22,28,Yes,Hot Work,Night,Low,Low,Low,Medium,60
48.02,57.55,4.79,34,17,No,Hot Work,Morning,Low,Low,Low,Low,100
74.48,92.07,5.25,29,11,Yes,Hot Work,Morning,Medium,High,Medium,Medium,45
15.93,82.23,2.56,90,13,Yes,Hot Work,Morning,Low,High,Low,Low,70
89.58,43.41,9.03,87,9,No,Normal,Morning,Medium,Low,High,High,50
26.0,30.02,7.12,32,30,No,Hot Work,Evening,Low,Low,Low,Medium,80
95.3,54.39,9.14,39,26,No,Confined Space,Morning,Medium,Low,High,High,40
97.36,84.84,2.23,60,23,Yes,Normal,Evening,High,High,High,Low,30
74.09,90.66,3.04,23,26,No,Normal,Morning,Medium,High,Medium,Low,55
65.41,40.2,3.11,88,1,Yes,Hot Work,Evening,Medium,Low,Medium,Low,75
29.39,53.22,3.8,68,11,No,Normal,Evening,Low,Low,Low,Low,100
77.76,97.56,7.57,57,20,No,Confined Space,Night,Medium,High,High,Medium,45
97.35,63.94,5.13,85,12,No,Normal,Morning,Medium,Medium,High,Medium,50
71.39,77.92,6.21,82,11,Yes,Normal,Evening,Medium,Medium,Medium,Medium,55
26.93,60.2,4.24,62,4,Yes,Normal,Morning,Low,Medium,Low,Low,80
78.51,87.06,8.86,62,28,No,Confined Space,Night,Medium,High,High,High,25
94.24,55.33,2.68,62,7,No,Normal,Morning,Medium,Low,High,Low,70
42.97,98.13,1.7,73,27,No,Confined Space,Night,Low,High,Low,Low,60
24.87,68.88,4.94,27,9,No,Confined Space,Evening,Low,Medium,Low,Low,90
94.48,82.19,4.26,87,16,No,Hot Work,Morning,High,High,High,Low,50
2.64,67.99,8.36,30,5,No,Confined Space,Morning,Low,Medium,Low,High,70
80.83,87.99,5.67,71,8,No,Hot Work,Evening,High,High,High,Medium,40
75.62,46.96,6.49,87,8,No,Normal,Night,Medium,Low,High,Medium,65
29.28,43.09,4.18,25,30,Yes,Confined Space,Evening,Low,Low,Low,Low,80
95.53,96.18,5.49,30,25,No,Confined Space,Morning,High,High,High,Medium,30
29.1,79.31,5.59,37,28,No,Confined Space,Morning,Low,Medium,Low,Medium,70
15.57,85.25,9.38,36,24,No,Hot Work,Morning,Low,High,Low,High,50
78.4,66.41,4.43,64,11,Yes,Normal,Morning,Medium,Medium,High,Low,65
31.45,24.51,6.25,24,10,Yes,Confined Space,Evening,Low,Low,Low,Medium,80
95.05,79.49,4.58,20,24,No,Hot Work,Morning,High,Medium,High,Low,50
78.11,99.01,9.74,50,29,Yes,Confined Space,Night,Medium,High,High,High,15
72.93,29.53,5.62,80,30,Yes,Normal,Night,Medium,Low,Medium,Medium,45
5.3,47.25,1.79,72,5,No,Hot Work,Morning,Low,Low,Low,Low,100
13.23,76.3,6.02,50,5,Yes,Normal,Evening,Low,Medium,Low,Medium,70
69.84,64.03,1.6,29,13,No,Hot Work,Evening,Medium,Medium,Medium,Low,75
87.11,73.98,2.98,30,29,Yes,Normal,Morning,High,Medium,High,Low,40
23.4,56.91,1.43,41,7,Yes,Hot Work,Evening,Low,Low,Low,Low,90
28.73,25.77,2.92,61,22,Yes,Confined Space,Night,Low,Low,Low,Low,70
0.4,92.26,9.34,76,12,Yes,Confined Space,Night,Low,High,Low,High,40
59.88,77.51,7.2,23,10,No,Hot Work,Morning,Low,Medium,Medium,Medium,80
86.99,49.23,5.64,37,18,No,Confined Space,Night,Medium,Low,High,Medium,50
54.35,81.27,5.32,67,24,Yes,Confined Space,Morning,Low,High,Medium,Medium,50
56.47,31.68,3.57,89,21,No,Confined Space,Morning,Low,Low,Medium,Low,90
55.13,51.01,3.04,75,5,No,Hot Work,Evening,Low,Low,Medium,Low,100
89.8,69.2,2.68,24,15,No,Hot Work,Evening,Medium,Medium,High,Low,60
78.96,85.79,2.29,72,28,No,Hot Work,Evening,Medium,High,High,Low,55
17.82,55.31,9.45,40,9,Yes,Hot Work,Night,Low,Low,Low,High,60
84.09,99.98,3.04,38,21,Yes,Normal,Morning,High,High,High,Low,30
53.66,24.29,3.66,45,11,No,Confined Space,Morning,Low,Low,Medium,Low,100
50.82,24.71,6.45,58,8,No,Hot Work,Evening,Low,Low,Medium,Medium,90
57.42,68.84,5.42,41,22,Yes,Hot Work,Morning,Low,Medium,Medium,Medium,60
49.81,71.23,2.94,84,15,Yes,Confined Space,Night,Low,Medium,Low,Low,70
15.77,45.65,7.26,62,14,Yes,Confined Space,Night,Low,Low,Low,Medium,70
9.04,25.84,8.68,56,21,Yes,Confined Space,Night,Low,Low,Low,High,50
78.73,24.64,8.27,58,6,No,Normal,Evening,Medium,Low,High,High,65
4.08,81.93,7.91,46,2,Yes,Hot Work,Morning,Low,High,Low,Medium,60
23.95,73.27,6.69,87,19,Yes,Confined Space,Night,Low,Medium,Low,Medium,60
11.96,91.75,3.61,39,16,No,Confined Space,Evening,Low,High,Low,Low,80
7.83,78.21,6.55,70,11,Yes,Hot Work,Night,Low,Medium,Low,Medium,60
22.11,71.12,9.24,76,8,No,Hot Work,Evening,Low,Medium,Low,High,70
96.77,58.13,8.23,84,19,Yes,Normal,Evening,Medium,Low,High,High,40
71.4,45.48,2.01,23,8,No,Hot Work,Evening,Medium,Low,Medium,Low,85
12.42,53.11,7.15,69,24,Yes,Hot Work,Morning,Low,Low,Low,Medium,70
23.66,32.03,6.58,33,17,No,Confined Space,Evening,Low,Low,Low,Medium,90
74.33,58.43,3.85,63,24,No,Hot Work,Night,Medium,Low,Medium,Low,65
40.73,21.52,1.73,53,2,No,Normal,Night,Low,Low,Low,Low,90
57.66,73.26,9.02,53,3,No,Normal,Morning,Low,Medium,Medium,High,70
37.46,36.71,3.7,42,1,Yes,Confined Space,Evening,Low,Low,Low,Low,90
91.45,38.03,9.47,62,27,Yes,Confined Space,Night,Medium,Low,High,High,20
49.09,42.8,7.06,70,5,Yes,Confined Space,Morning,Low,Low,Low,Medium,80
57.18,52.23,9.54,26,5,Yes,Normal,Evening,Low,Low,Medium,High,70
33.69,88.42,5.67,29,10,No,Confined Space,Night,Low,High,Low,Medium,60
73.29,97.37,8.79,51,26,Yes,Hot Work,Night,Medium,High,Medium,High,15
20.88,63.31,1.97,62,14,Yes,Hot Work,Evening,Low,Medium,Low,Low,80
55.75,24.81,9.54,65,20,No,Confined Space,Night,Low,Low,Medium,High,70
88.92,55.26,5.46,20,2,Yes,Hot Work,Evening,Medium,Low,High,Medium,50
67.98,97.53,1.47,63,2,No,Confined Space,Morning,Medium,High,Medium,Low,65
0.87,57.75,6.58,56,19,Yes,Normal,Morning,Low,Low,Low,Medium,80
81.31,62.17,3.78,20,2,Yes,Confined Space,Evening,Medium,Medium,High,Low,50
49.85,42.83,9.45,27,22,Yes,Normal,Evening,Low,Low,Low,High,60
14.64,54.29,3.81,24,14,Yes,Hot Work,Night,Low,Low,Low,Low,80
83.21,25.35,9.52,61,26,No,Normal,Morning,Medium,Low,High,High,40
93.67,25.94,4.04,20,11,No,Normal,Morning,Medium,Low,High,Low,70
59.68,53.93,5.62,35,17,Yes,Hot Work,Night,Low,Low,Medium,Medium,70
34.91,60.53,1.68,30,4,Yes,Confined Space,Night,Low,Medium,Low,Low,70
54.36,59.74,3.93,55,7,No,Confined Space,Morning,Low,Low,Medium,Low,100
15.7,29.9,7.93,63,12,Yes,Hot Work,Evening,Low,Low,Low,Medium,80
6.73,32.52,8.54,57,5,Yes,Confined Space,Morning,Low,Low,Low,High,70
66.9,54.93,8.56,45,3,Yes,Confined Space,Morning,Medium,Low,Medium,High,55
17.57,43.82,9.11,34,11,Yes,Confined Space,Evening,Low,Low,Low,High,70
36.99,92.26,5.77,58,1,Yes,Hot Work,Evening,Low,High,Low,Medium,60
94.99,85.83,5.29,31,18,Yes,Hot Work,Evening,High,High,High,Medium,30
74.82,55.59,8.29,59,14,Yes,Normal,Morning,Medium,Low,Medium,High,55
28.09,73.95,2.29,50,2,No,Normal,Morning,Low,Medium,Low,Low,90
70.66,93.78,8.43,32,16,Yes,Hot Work,Morning,Medium,High,Medium,High,35
51.13,74.49,6.17,43,2,No,Confined Space,Morning,Low,Medium,Medium,Medium,80
78.78,35.46,2.95,74,9,No,Hot Work,Night,Medium,Low,High,Low,75
21.98,20.38,5.32,20,11,No,Hot Work,Morning,Low,Low,Low,Medium,90
6.92,37.65,3.34,34,19,Yes,Normal,Night,Low,Low,Low,Low,80
47.47,76.64,1.73,72,10,Yes,Confined Space,Morning,Low,Medium,Low,Low,80
10.51,98.51,6.57,44,7,Yes,Hot Work,Morning,Low,High,Low,Medium,60
1.95,63.11,4.28,55,11,No,Normal,Morning,Low,Medium,Low,Low,90
96.0,27.93,5.89,21,14,Yes,Hot Work,Evening,Medium,Low,High,Medium,50
32.91,23.85,5.61,58,26,No,Normal,Night,Low,Low,Low,Medium,70
74.04,45.47,8.65,90,14,No,Normal,Night,Medium,Low,Medium,High,55
31.82,77.33,1.08,74,21,No,Hot Work,Night,Low,Medium,Low,Low,70
97.09,67.83,3.9,57,17,No,Confined Space,Night,Medium,Medium,High,Low,50
85.86,49.84,4.36,33,2,No,Normal,Morning,Medium,Low,High,Low,70
28.87,91.25,9.21,70,11,No,Normal,Night,Low,High,Low,High,50
49.01,79.58,3.54,52,21,Yes,Hot Work,Evening,Low,Medium,Low,Low,70
73.61,21.41,6.4,77,8,Yes,Confined Space,Morning,Medium,Low,Medium,Medium,65
3.3,20.7,4.85,65,25,No,Normal,Night,Low,Low,Low,Low,80
36.1,20.85,2.05,30,18,Yes,Confined Space,Night,Low,Low,Low,Low,80
33.7,99.16,9.8,76,1,No,Confined Space,Morning,Low,High,Low,High,60
88.0,62.19,7.08,85,18,Yes,Hot Work,Evening,Medium,Medium,High,Medium,40
87.87,72.44,5.05,49,14,Yes,Confined Space,Evening,High,Medium,High,Medium,40
64.01,54.77,2.24,88,27,Yes,Normal,Night,Medium,Low,Medium,Low,55
64.04,75.05,3.27,66,12,Yes,Confined Space,Morning,Medium,Medium,Medium,Low,65
4.17,90.74,6.45,68,12,Yes,Hot Work,Evening,Low,High,Low,Medium,60
42.14,63.02,5.39,87,3,No,Hot Work,Evening,Low,Medium,Low,Medium,80
90.97,67.44,7.74,84,11,No,Confined Space,Morning,Medium,Medium,High,Medium,50
69.13,42.9,6.46,49,11,No,Hot Work,Evening,Medium,Low,Medium,Medium,75
95.23,66.25,5.17,46,22,Yes,Confined Space,Evening,Medium,Medium,High,Medium,30
62.95,47.36,4.8,46,26,Yes,Normal,Morning,Medium,Low,Medium,Low,65
6.36,29.56,9.52,56,15,Yes,Normal,Morning,Low,Low,Low,High,70
31.58,53.33,6.44,75,10,No,Hot Work,Night,Low,Low,Low,Medium,80
61.91,55.0,7.43,34,17,No,Normal,Evening,Medium,Low,Medium,Medium,75
13.3,33.88,5.07,51,12,Yes,Normal,Morning,Low,Low,Low,Medium,80
24.45,89.95,1.97,62,7,Yes,Confined Space,Morning,Low,High,Low,Low,70
90.69,75.36,1.79,84,30,Yes,Hot Work,Morning,High,Medium,High,Low,40
2.23,51.93,6.7,90,13,Yes,Hot Work,Morning,Low,Low,Low,Medium,80
33.16,35.1,2.28,27,14,Yes,Normal,Evening,Low,Low,Low,Low,90
38.2,55.55,2.12,72,21,Yes,Confined Space,Evening,Low,Low,Low,Low,80
62.36,49.94,5.79,33,15,Yes,Normal,Evening,Medium,Low,Medium,Medium,65
19.78,53.26,9.73,59,26,Yes,Hot Work,Morning,Low,Low,Low,High,60
37.97,64.71,9.67,34,28,Yes,Hot Work,Night,Low,Medium,Low,High,40
8.99,30.13,3.09,37,7,No,Hot Work,Morning,Low,Low,Low,Low,100
59.11,54.1,2.99,29,26,Yes,Confined Space,Night,Low,Low,Medium,Low,70
11.3,69.87,2.33,75,6,No,Normal,Morning,Low,Medium,Low,Low,90
71.99,90.75,5.52,37,26,Yes,Hot Work,Morning,Medium,High,Medium,Medium,35
17.88,26.68,4.93,63,30,No,Hot Work,Morning,Low,Low,Low,Low,90
6.81,98.15,2.4,83,26,Yes,Confined Space,Evening,Low,High,Low,Low,60
71.36,26.33,6.62,88,6,Yes,Confined Space,Evening,Medium,Low,Medium,Medium,65
91.7,52.83,4.42,21,25,Yes,Hot Work,Night,Medium,Low,High,Low,40
11.08,92.13,3.38,32,29,Yes,Confined Space,Night,Low,High,Low,Low,50
39.97,79.37,7.65,20,10,No,Confined Space,Morning,Low,Medium,Low,Medium,80
20.78,87.56,2.9,47,12,No,Hot Work,Evening,Low,High,Low,Low,80
64.26,57.86,9.76,57,8,Yes,Normal,Morning,Medium,Low,Medium,High,55
78.93,87.55,1.95,31,2,Yes,Normal,Morning,Medium,High,High,Low,55
68.77,22.39,7.69,34,27,Yes,Hot Work,Morning,Medium,Low,Medium,Medium,55
86.58,23.25,4.51,78,10,No,Confined Space,Evening,Medium,Low,High,Low,70
18.21,35.32,5.56,85,26,No,Hot Work,Morning,Low,Low,Low,Medium,80
83.04,50.09,7.18,23,25,No,Normal,Night,Medium,Low,High,Medium,40
65.21,78.18,4.37,67,28,Yes,Normal,Evening,Medium,Medium,Medium,Low,55
25.72,52.3,3.3,73,11,Yes,Hot Work,Evening,Low,Low,Low,Low,90
46.31,58.09,9.34,81,24,Yes,Hot Work,Evening,Low,Low,Low,High,60
57.89,22.9,9.6,79,13,Yes,Confined Space,Morning,Low,Low,Medium,High,70
74.09,83.23,8.64,59,2,Yes,Normal,Evening,Medium,High,Medium,High,35
55.36,62.63,3.08,39,11,No,Confined Space,Night,Low,Medium,Medium,Low,80
40.24,88.72,6.73,63,12,No,Hot Work,Evening,Low,High,Low,Medium,70
24.97,98.83,1.03,47,12,No,Confined Space,Night,Low,High,Low,Low,70
50.06,70.97,6.84,62,10,Yes,Confined Space,Morning,Low,Medium,Medium,Medium,70
65.3,86.67,6.22,58,16,Yes,Confined Space,Evening,Medium,High,Medium,Medium,45
30.34,66.95,7.72,65,20,Yes,Hot Work,Evening,Low,Medium,Low,Medium,70
56.46,49.93,7.42,69,24,No,Hot Work,Evening,Low,Low,Medium,Medium,80
6.82,68.65,1.8,49,4,Yes,Confined Space,Evening,Low,Medium,Low,Low,80
80.09,50.84,4.83,52,28,Yes,Confined Space,Evening,Medium,Low,High,Low,50
29.61,41.52,2.91,60,4,Yes,Hot Work,Morning,Low,Low,Low,Low,90
87.1,90.91,8.54,73,12,Yes,Hot Work,Night,High,High,High,High,10
92.31,55.49,7.02,31,18,No,Normal,Night,Medium,Low,High,Medium,50
7.41,44.11,1.95,84,23,Yes,Confined Space,Morning,Low,Low,Low,Low,80
79.89,32.93,2.89,89,21,No,Normal,Night,Medium,Low,High,Low,65
40.5,25.87,6.11,25,11,Yes,Normal,Night,Low,Low,Low,Medium,70
12.13,21.59,8.41,33,26,Yes,Hot Work,Morning,Low,Low,Low,High,60
62.7,46.62,4.82,35,28,No,Confined Space,Evening,Medium,Low,Medium,Low,75
19.74,81.19,9.77,49,1,No,Normal,Night,Low,High,Low,High,50
43.15,44.22,4.16,86,1,Yes,Hot Work,Night,Low,Low,Low,Low,80
39.31,59.55,1.76,55,13,Yes,Hot Work,Night,Low,Low,Low,Low,80
22.84,90.53,2.6,38,9,No,Confined Space,Morning,Low,High,Low,Low,80
62.71,39.0,3.95,40,23,No,Confined Space,Night,Medium,Low,Medium,Low,65
93.53,56.56,4.21,55,2,Yes,Hot Work,Morning,Medium,Low,High,Low,60
41.14,38.27,7.65,57,23,Yes,Normal,Morning,Low,Low,Low,Medium,70
88.88,87.67,8.68,26,20,No,Normal,Morning,High,High,High,High,30
69.49,53.65,6.93,68,1,No,Normal,Morning,Medium,Low,Medium,Medium,75
35.23,47.85,3.44,23,25,Yes,Confined Space,Evening,Low,Low,Low,Low,80
48.65,49.07,4.86,24,14,Yes,Confined Space,Evening,Low,Low,Low,Low,90
29.73,94.72,6.99,71,22,No,Hot Work,Night,Low,High,Low,Medium,50
53.83,87.19,3.84,89,15,Yes,Hot Work,Morning,Low,High,Medium,Low,70
74.6,22.46,4.27,46,22,Yes,Hot Work,Morning,Medium,Low,Medium,Low,65
40.89,92.34,4.73,72,14,No,Confined Space,Evening,Low,High,Low,Low,80
57.18,45.38,4.28,26,24,Yes,Normal,Evening,Low,Low,Medium,Low,80
95.42,37.74,3.53,47,16,No,Hot Work,Night,Medium,Low,High,Low,60
60.32,95.97,6.55,79,21,No,Hot Work,Night,Medium,High,Medium,Medium,35
35.37,86.28,7.45,89,12,Yes,Normal,Night,Low,High,Low,Medium,50
50.66,56.38,1.85,70,5,Yes,Confined Space,Night,Low,Low,Medium,Low,80
71.75,84.12,9.21,26,5,No,Normal,Night,Medium,High,Medium,High,35
50.96,97.65,3.72,83,1,No,Hot Work,Evening,Low,High,Medium,Low,80
78.33,69.7,3.48,50,6,Yes,Normal,Morning,Medium,Medium,High,Low,65
71.66,74.78,2.44,20,25,Yes,Hot Work,Night,Medium,Medium,Medium,Low,45
71.67,39.35,6.82,47,6,No,Hot Work,Morning,Medium,Low,Medium,Medium,75
71.06,92.84,8.07,75,29,Yes,Confined Space,Morning,Medium,High,Medium,High,25
74.54,94.67,7.34,87,11,No,Confined Space,Morning,Medium,High,Medium,Medium,55
38.8,23.09,7.24,53,18,Yes,Hot Work,Morning,Low,Low,Low,Medium,80
48.58,21.07,5.38,73,24,No,Hot Work,Evening,Low,Low,Low,Medium,80
69.86,45.48,8.41,49,2,Yes,Hot Work,Night,Medium,Low,Medium,High,45
99.12,23.34,5.97,82,19,No,Normal,Evening,Medium,Low,High,Medium,60
52.53,60.58,8.22,77,22,No,Normal,Night,Low,Medium,Medium,High,50
67.2,43.05,7.49,33,18,Yes,Normal,Evening,Medium,Low,Medium,Medium,65
28.98,24.66,4.41,79,6,No,Normal,Morning,Low,Low,Low,Low,100
76.25,23.03,3.43,57,12,No,Normal,Night,Medium,Low,High,Low,75
97.89,23.27,8.96,31,17,No,Normal,Morning,Medium,Low,High,High,50
99.45,22.36,1.61,63,12,Yes,Confined Space,Night,Medium,Low,High,Low,50
21.46,83.35,2.43,68,2,Yes,Confined Space,Night,Low,High,Low,Low,60
14.92,20.67,3.48,88,12,Yes,Normal,Night,Low,Low,Low,Low,80
65.4,66.81,2.7,85,19,No,Hot Work,Morning,Medium,Medium,Medium,Low,75
7.5,90.14,4.01,82,24,Yes,Hot Work,Evening,Low,High,Low,Low,60
11.33,52.77,4.97,60,28,Yes,Normal,Morning,Low,Low,Low,Low,80
50.7,56.7,2.76,34,14,Yes,Hot Work,Evening,Low,Low,Medium,Low,90
17.12,72.44,9.9,68,25,Yes,Normal,Evening,Low,Medium,Low,High,50
99.98,73.96,4.17,71,9,No,Hot Work,Evening,High,Medium,High,Low,60
87.28,29.06,2.93,34,12,No,Normal,Evening,Medium,Low,High,Low,70
92.09,62.84,9.21,80,3,Yes,Normal,Morning,Medium,Medium,High,High,30
38.66,95.68,6.38,82,10,Yes,Hot Work,Night,Low,High,Low,Medium,50
48.05,75.96,6.22,71,16,No,Hot Work,Morning,Low,Medium,Low,Medium,80
85.59,47.91,2.86,61,3,Yes,Hot Work,Morning,Medium,Low,High,Low,60
74.15,59.52,2.03,51,16,No,Confined Space,Night,Medium,Low,Medium,Low,75
49.64,34.22,6.58,58,8,No,Hot Work,Night,Low,Low,Low,Medium,80
27.21,81.79,6.31,48,16,Yes,Confined Space,Evening,Low,High,Low,Medium,60
41.37,62.99,3.25,49,25,No,Hot Work,Morning,Low,Medium,Low,Low,80
72.51,48.14,2.06,30,11,No,Confined Space,Morning,Medium,Low,Medium,Low,85
90.46,77.46,7.19,32,13,No,Hot Work,Evening,High,Medium,High,Medium,50
70.5,99.38,6.49,54,20,No,Confined Space,Evening,Medium,High,Medium,Medium,55
48.77,27.35,4.64,23,5,Yes,Confined Space,Morning,Low,Low,Low,Low,90
47.4,42.4,7.56,65,18,No,Confined Space,Morning,Low,Low,Low,Medium,90
19.25,90.19,1.29,53,3,Yes,Hot Work,Evening,Low,High,Low,Low,70
78.31,86.56,4.67,82,26,Yes,Normal,Night,Medium,High,High,Low,35
99.49,94.9,9.26,72,10,No,Confined Space,Evening,High,High,High,High,30
31.43,23.5,5.05,75,17,No,Normal,Night,Low,Low,Low,Medium,80
24.16,63.79,8.04,32,24,No,Hot Work,Night,Low,Medium,Low,High,50
43.88,37.91,3.81,27,13,Yes,Confined Space,Evening,Low,Low,Low,Low,90
8.48,83.22,6.32,43,24,No,Normal,Evening,Low,High,Low,Medium,60
26.91,59.41,6.21,47,28,No,Normal,Evening,Low,Low,Low,Medium,80
91.62,53.36,1.91,45,27,Yes,Normal,Night,Medium,Low,High,Low,40
9.62,77.22,9.3,32,10,Yes,Normal,Night,Low,Medium,Low,High,50
19.59,57.22,7.36,89,17,Yes,Confined Space,Morning,Low,Low,Low,Medium,80
53.81,27.19,9.59,36,26,No,Normal,Night,Low,Low,Medium,High,60
20.96,93.17,2.24,78,30,Yes,Hot Work,Morning,Low,High,Low,Low,60
28.23,44.51,9.71,24,17,Yes,Normal,Morning,Low,Low,Low,High,70
17.84,48.73,1.07,54,6,No,Normal,Morning,Low,Low,Low,Low,100
60.85,92.6,3.09,21,16,Yes,Normal,Morning,Medium,High,Medium,Low,55
50.49,54.14,2.02,85,27,No,Hot Work,Night,Low,Low,Medium,Low,80
70.87,57.04,4.88,66,9,No,Hot Work,Evening,Medium,Low,Medium,Low,85
89.36,65.96,8.26,63,16,Yes,Confined Space,Morning,Medium,Medium,High,High,30
5.05,42.91,4.31,33,16,Yes,Normal,Evening,Low,Low,Low,Low,90
45.81,47.88,9.98,85,14,No,Normal,Morning,Low,Low,Low,High,80
93.5,37.67,1.93,69,24,No,Normal,Night,Medium,Low,High,Low,50
84.48,82.23,7.91,69,16,Yes,Hot Work,Morning,High,High,High,Medium,30
24.82,64.45,4.38,58,24,No,Hot Work,Morning,Low,Medium,Low,Low,80
72.49,58.33,8.44,87,7,Yes,Normal,Morning,Medium,Low,Medium,High,55
10.28,64.48,2.24,49,8,Yes,Hot Work,Night,Low,Medium,Low,Low,70
83.25,66.99,9.03,42,2,No,Confined Space,Morning,Medium,Medium,High,High,40
67.24,43.53,2.42,34,19,Yes,Normal,Night,Medium,Low,Medium,Low,65
4.94,32.8,7.29,78,27,Yes,Hot Work,Night,Low,Low,Low,Medium,60
17.35,50.18,9.02,60,10,Yes,Hot Work,Morning,Low,Low,Low,High,70
20.45,25.43,3.14,89,23,Yes,Hot Work,Night,Low,Low,Low,Low,70
49.23,37.98,2.73,80,22,No,Normal,Evening,Low,Low,Low,Low,90
35.35,64.83,4.2,22,1,Yes,Normal,Evening,Low,Medium,Low,Low,80
90.63,83.91,3.52,76,30,No,Confined Space,Morning,High,High,High,Low,40
93.12,88.42,7.57,33,7,No,Hot Work,Evening,High,High,High,Medium,40
69.97,27.18,9.49,44,27,Yes,Normal,Morning,Medium,Low,Medium,High,45
34.87,57.6,3.49,47,1,Yes,Hot Work,Evening,Low,Low,Low,Low,90
53.86,81.41,9.79,61,23,Yes,Hot Work,Night,Low,High,Medium,High,30
99.09,45.17,9.08,75,18,Yes,Confined Space,Morning,Medium,Low,High,High,40
82.46,29.12,5.36,55,9,No,Hot Work,Night,Medium,Low,High,Medium,50
82.51,49.84,6.99,43,27,Yes,Hot Work,Evening,Medium,Low,High,Medium,40
67.79,21.46,8.06,41,26,Yes,Confined Space,Morning,Medium,Low,Medium,High,45
43.12,35.97,3.18,51,23,Yes,Hot Work,Morning,Low,Low,Low,Low,80
14.67,20.47,6.52,53,30,Yes,Normal,Night,Low,Low,Low,Medium,60
22.97,88.76,9.3,48,17,No,Hot Work,Morning,Low,High,Low,High,60
49.03,67.65,2.03,42,25,No,Hot Work,Evening,Low,Medium,Low,Low,80
83.31,91.31,8.88,37,3,Yes,Confined Space,Evening,High,High,High,High,20
90.0,30.68,5.12,50,23,Yes,Normal,Morning,Medium,Low,High,Medium,40
53.36,57.51,8.93,42,8,Yes,Hot Work,Night,Low,Low,Medium,High,60
81.72,53.88,9.45,64,3,Yes,Normal,Morning,Medium,Low,High,High,40
97.91,78.57,9.11,40,25,Yes,Normal,Night,High,Medium,High,High,10
87.49,91.81,7.14,86,14,Yes,Hot Work,Night,High,High,High,Medium,20
20.12,77.36,2.25,70,27,Yes,Normal,Night,Low,Medium,Low,Low,60
73.81,32.98,7.99,53,23,Yes,Confined Space,Evening,Medium,Low,Medium,Medium,55
78.58,47.18,4.83,86,26,No,Hot Work,Night,Medium,Low,High,Low,65
73.55,61.08,2.1,73,2,Yes,Normal,Morning,Medium,Medium,Medium,Low,65
63.97,79.08,3.25,75,4,Yes,Normal,Morning,Medium,Medium,Medium,Low,65
94.52,74.83,2.05,27,18,Yes,Normal,Night,High,Medium,High,Low,40
68.54,94.19,6.7,81,29,Yes,Normal,Night,Medium,High,Medium,Medium,25
96.47,95.58,8.51,29,2,Yes,Hot Work,Morning,High,High,High,High,20
2.49,31.27,7.33,24,10,Yes,Confined Space,Evening,Low,Low,Low,Medium,80
56.77,46.39,5.1,52,13,No,Hot Work,Morning,Low,Low,Medium,Medium,90
42.74,76.3,6.16,65,21,No,Confined Space,Evening,Low,Medium,Low,Medium,70
60.05,33.44,4.19,31,13,No,Hot Work,Morning,Medium,Low,Medium,Low,85
39.37,55.76,4.39,84,11,Yes,Hot Work,Morning,Low,Low,Low,Low,90
0.38,80.52,1.41,83,12,No,Normal,Morning,Low,High,Low,Low,80
45.26,34.12,5.93,49,3,No,Hot Work,Morning,Low,Low,Low,Medium,90
57.98,61.97,8.11,20,23,Yes,Hot Work,Night,Low,Medium,Medium,High,40
66.34,75.93,8.32,64,14,No,Normal,Evening,Medium,Medium,Medium,High,55
75.43,87.26,5.99,74,20,No,Confined Space,Night,Medium,High,High,Medium,45
96.32,76.44,6.77,66,16,No,Confined Space,Morning,High,Medium,High,Medium,50
92.15,39.17,6.04,85,10,Yes,Confined Space,Morning,Medium,Low,High,Medium,50
50.72,86.09,2.03,67,29,No,Confined Space,Evening,Low,High,Medium,Low,70
27.26,82.14,1.12,43,15,No,Confined Space,Morning,Low,High,Low,Low,80
49.71,54.11,4.07,68,13,Yes,Hot Work,Morning,Low,Low,Low,Low,90
0.23,21.02,1.89,76,11,Yes,Hot Work,Evening,Low,Low,Low,Low,90
24.38,99.44,3.4,20,12,Yes,Normal,Morning,Low,High,Low,Low,70
3.93,69.11,6.61,82,23,Yes,Normal,Evening,Low,Medium,Low,Medium,60
37.22,81.7,5.31,70,17,Yes,Hot Work,Evening,Low,High,Low,Medium,60
52.33,31.9,9.94,40,5,No,Confined Space,Morning,Low,Low,Medium,High,80
40.56,25.95,6.2,75,9,Yes,Hot Work,Morning,Low,Low,Low,Medium,80
6.93,91.17,1.93,49,12,No,Confined Space,Evening,Low,High,Low,Low,80
92.44,30.84,7.85,61,13,Yes,Confined Space,Night,Medium,Low,High,Medium,40
12.82,73.2,5.66,50,17,Yes,Hot Work,Evening,Low,Medium,Low,Medium,70
27.64,89.64,2.95,52,28,Yes,Confined Space,Night,Low,High,Low,Low,50
65.77,36.42,6.13,74,26,No,Hot Work,Evening,Medium,Low,Medium,Medium,65
30.89,61.16,6.33,64,24,Yes,Hot Work,Morning,Low,Medium,Low,Medium,60
71.99,36.83,8.21,36,30,Yes,Normal,Morning,Medium,Low,Medium,High,45
73.76,55.03,8.04,82,23,Yes,Normal,Evening,Medium,Low,Medium,High,45
67.94,25.5,9.09,50,19,No,Hot Work,Morning,Medium,Low,Medium,High,65
22.42,69.66,3.55,59,16,Yes,Confined Space,Morning,Low,Medium,Low,Low,80
66.04,26.86,1.04,45,3,No,Normal,Morning,Medium,Low,Medium,Low,85
66.73,43.9,5.95,28,3,Yes,Hot Work,Morning,Medium,Low,Medium,Medium,65
90.13,97.7,8.5,84,24,No,Hot Work,Night,High,High,High,High,10
15.06,71.09,8.72,48,2,Yes,Confined Space,Night,Low,Medium,Low,High,50
55.83,20.42,8.88,36,6,Yes,Normal,Evening,Low,Low,Medium,High,70
69.91,91.53,9.39,80,23,Yes,Normal,Evening,Medium,High,Medium,High,25
75.45,42.69,4.56,22,7,Yes,Hot Work,Morning,Medium,Low,High,Low,75
8.18,96.62,1.33,77,20,Yes,Confined Space,Night,Low,High,Low,Low,60
77.0,92.18,7.88,78,14,Yes,Normal,Night,Medium,High,High,Medium,35
70.31,73.08,5.47,38,17,Yes,Normal,Morning,Medium,Medium,Medium,Medium,55
87.03,38.73,6.79,85,18,Yes,Normal,Morning,Medium,Low,High,Medium,50
90.44,47.18,9.13,55,18,Yes,Hot Work,Night,Medium,Low,High,High,30
47.22,90.18,8.94,52,10,No,Confined Space,Morning,Low,High,Low,High,60
70.98,53.74,5.86,22,12,No,Confined Space,Night,Medium,Low,Medium,Medium,65
78.08,45.28,9.35,66,24,No,Hot Work,Night,Medium,Low,High,High,45
55.17,86.65,6.4,89,11,No,Normal,Evening,Low,High,Medium,Medium,70
58.54,43.12,2.53,66,24,Yes,Confined Space,Evening,Low,Low,Medium,Low,80
90.02,20.05,9.94,48,19,Yes,Normal,Evening,Medium,Low,High,High,40
2.41,83.32,7.91,49,16,No,Hot Work,Morning,Low,High,Low,Medium,70
98.35,75.72,9.92,72,23,Yes,Hot Work,Night,High,Medium,High,High,10
63.58,84.6,9.32,29,19,Yes,Normal,Night,Medium,High,Medium,High,25
16.53,53.82,4.07,74,7,Yes,Normal,Morning,Low,Low,Low,Low,90
2.62,51.09,7.12,62,16,No,Hot Work,Night,Low,Low,Low,Medium,80
68.58,37.36,5.71,67,19,No,Confined Space,Morning,Medium,Low,Medium,Medium,75
85.09,35.54,3.64,32,5,No,Hot Work,Night,Medium,Low,High,Low,60
81.63,79.13,5.96,83,22,No,Confined Space,Morning,High,Medium,High,Medium,40
32.09,51.96,4.98,83,2,Yes,Hot Work,Evening,Low,Low,Low,Low,90
27.49,26.09,7.79,83,29,Yes,Confined Space,Night,Low,Low,Low,Medium,60
57.51,22.79,1.27,33,7,No,Normal,Morning,Low,Low,Medium,Low,100
34.32,57.49,2.17,76,23,No,Hot Work,Evening,Low,Low,Low,Low,90
74.67,55.78,7.51,36,17,Yes,Hot Work,Morning,Medium,Low,Medium,Medium,65
21.15,78.16,3.35,63,9,Yes,Normal,Night,Low,Medium,Low,Low,70
49.38,79.86,3.66,29,29,No,Hot Work,Morning,Low,Medium,Low,Low,80
78.78,39.28,8.91,89,13,No,Hot Work,Night,Medium,Low,High,High,55
51.85,90.67,1.66,25,8,No,Hot Work,Morning,Low,High,Medium,Low,80
96.44,50.21,6.38,56,15,No,Normal,Morning,Medium,Low,High,Medium,60
34.41,35.05,9.84,66,30,No,Confined Space,Evening,Low,Low,Low,High,70
47.84,72.03,7.12,44,19,Yes,Confined Space,Morning,Low,Medium,Low,Medium,70
28.88,80.0,1.85,83,25,No,Confined Space,Morning,Low,Medium,Low,Low,80
18.59,99.06,7.89,50,9,No,Hot Work,Morning,Low,High,Low,Medium,70
6.36,32.26,6.8,23,19,No,Hot Work,Night,Low,Low,Low,Medium,80
28.65,65.27,2.42,59,20,No,Normal,Morning,Low,Medium,Low,Low,90
41.05,52.49,2.24,68,26,Yes,Confined Space,Night,Low,Low,Low,Low,70
37.48,55.82,7.12,77,5,No,Hot Work,Night,Low,Low,Low,Medium,80
48.83,81.76,7.91,66,26,No,Normal,Morning,Low,High,Low,Medium,60
56.18,89.76,6.2,80,18,No,Normal,Morning,Low,High,Medium,Medium,70
10.01,61.12,2.31,76,13,Yes,Normal,Evening,Low,Medium,Low,Low,80
60.01,82.97,9.57,30,15,Yes,Normal,Morning,Medium,High,Medium,High,35
65.41,44.87,8.17,59,12,No,Normal,Evening,Medium,Low,Medium,High,65
74.52,46.7,8.98,73,16,Yes,Hot Work,Morning,Medium,Low,Medium,High,55
77.02,56.71,8.28,53,6,No,Normal,Night,Medium,Low,High,High,55
92.9,40.52,5.2,55,3,No,Confined Space,Evening,Medium,Low,High,Medium,60
83.57,41.77,3.15,29,12,No,Confined Space,Morning,Medium,Low,High,Low,70
93.35,58.71,1.97,85,15,Yes,Confined Space,Night,Medium,Low,High,Low,50
88.39,79.01,9.05,65,5,Yes,Hot Work,Night,High,Medium,High,High,20
48.45,81.67,1.83,29,17,No,Normal,Morning,Low,High,Low,Low,80
28.71,44.61,2.91,53,24,Yes,Normal,Morning,Low,Low,Low,Low,80
81.39,20.59,9.27,37,5,No,Hot Work,Morning,Medium,Low,High,High,50
17.19,51.54,5.78,87,23,Yes,Hot Work,Evening,Low,Low,Low,Medium,70
18.54,71.59,2.6,69,24,Yes,Confined Space,Evening,Low,Medium,Low,Low,70
31.52,82.29,6.57,37,28,No,Normal,Evening,Low,High,Low,Medium,60
16.06,56.52,5.95,76,10,No,Confined Space,Morning,Low,Low,Low,Medium,90
12.43,98.27,8.18,56,14,Yes,Hot Work,Evening,Low,High,Low,High,50
85.69,47.81,4.1,25,11,Yes,Normal,Evening,Medium,Low,High,Low,60
21.32,75.89,3.13,65,17,Yes,Confined Space,Night,Low,Medium,Low,Low,70
35.48,39.38,3.85,54,6,Yes,Hot Work,Morning,Low,Low,Low,Low,90
55.64,32.45,6.68,26,5,No,Hot Work,Morning,Low,Low,Medium,Medium,90
68.13,99.12,8.66,43,19,Yes,Normal,Evening,Medium,High,Medium,High,35
51.55,62.16,3.85,60,6,No,Confined Space,Night,Low,Medium,Medium,Low,80
47.45,71.98,8.07,64,15,Yes,Hot Work,Night,Low,Medium,Low,High,50
84.24,35.0,9.48,49,24,No,Confined Space,Morning,Medium,Low,High,High,40
19.32,25.52,3.97,46,25,Yes,Confined Space,Evening,Low,Low,Low,Low,80
86.31,31.53,1.14,30,10,Yes,Hot Work,Morning,Medium,Low,High,Low,60
11.89,31.1,2.95,90,14,Yes,Hot Work,Night,Low,Low,Low,Low,80
3.08,63.84,7.04,43,4,No,Hot Work,Night,Low,Medium,Low,Medium,70
78.32,32.37,7.16,42,23,No,Normal,Night,Medium,Low,High,Medium,55
90.22,54.75,1.52,67,3,No,Confined Space,Evening,Medium,Low,High,Low,70
62.58,20.53,2.42,78,15,Yes,Normal,Evening,Medium,Low,Medium,Low,75
30.57,90.84,3.33,21,23,No,Hot Work,Night,Low,High,Low,Low,60
41.96,76.75,9.69,63,24,Yes,Normal,Morning,Low,Medium,Low,High,50
54.83,92.59,5.11,44,3,Yes,Normal,Night,Low,High,Medium,Medium,50
8.96,42.67,8.03,88,25,Yes,Hot Work,Evening,Low,Low,Low,High,60
56.46,95.06,5.37,61,26,No,Confined Space,Night,Low,High,Medium,Medium,50
37.47,97.76,3.78,52,29,Yes,Hot Work,Morning,Low,High,Low,Low,60
6.86,53.61,6.82,57,2,No,Normal,Morning,Low,Low,Low,Medium,90
32.74,85.26,3.83,43,2,No,Hot Work,Evening,Low,High,Low,Low,80
12.94,33.42,3.02,70,25,No,Normal,Morning,Low,Low,Low,Low,90
50.27,40.32,5.3,60,28,Yes,Confined Space,Morning,Low,Low,Medium,Medium,70
31.85,62.15,3.79,38,13,Yes,Hot Work,Morning,Low,Medium,Low,Low,80
89.26,80.36,5.1,80,3,Yes,Hot Work,Night,High,High,High,Medium,20
24.79,51.46,6.23,80,19,No,Confined Space,Morning,Low,Low,Low,Medium,90
44.95,91.65,4.31,39,27,Yes,Normal,Morning,Low,High,Low,Low,60
54.08,36.7,6.94,21,25,No,Confined Space,Night,Low,Low,Medium,Medium,70
48.99,72.36,9.84,61,21,Yes,Hot Work,Evening,Low,Medium,Low,High,50
17.71,73.57,9.78,81,6,No,Hot Work,Night,Low,Medium,Low,High,60
8.37,75.81,6.36,24,9,Yes,Hot Work,Morning,Low,Medium,Low,Medium,70
97.38,90.37,3.88,81,24,No,Hot Work,Night,High,High,High,Low,30
90.92,88.77,6.38,29,16,Yes,Confined Space,Evening,High,High,High,Medium,30
16.64,93.38,7.98,75,22,No,Confined Space,Night,Low,High,Low,Medium,50
20.62,52.28,7.07,69,15,No,Hot Work,Morning,Low,Low,Low,Medium,90
41.75,64.93,5.66,32,13,Yes,Confined Space,Morning,Low,Medium,Low,Medium,70
44.52,26.02,9.06,66,26,No,Normal,Evening,Low,Low,Low,High,70
62.21,31.1,5.99,23,3,No,Normal,Evening,Medium,Low,Medium,Medium,75
70.7,83.32,4.76,75,22,No,Normal,Evening,Medium,High,Medium,Low,55
86.86,26.18,9.67,68,22,Yes,Hot Work,Night,Medium,Low,High,High,20
29.0,43.09,4.47,30,2,No,Normal,Evening,Low,Low,Low,Low,100
8.6,70.84,9.15,25,16,Yes,Confined Space,Night,Low,Medium,Low,High,50
7.93,63.35,3.07,29,26,Yes,Hot Work,Evening,Low,Medium,Low,Low,70
1.88,56.25,2.55,84,8,No,Hot Work,Night,Low,Low,Low,Low,90
19.92,78.03,6.32,66,4,Yes,Hot Work,Evening,Low,Medium,Low,Medium,70
10.09,44.63,2.19,63,4,Yes,Confined Space,Night,Low,Low,Low,Low,80
10.86,80.91,5.72,26,3,Yes,Hot Work,Night,Low,High,Low,Medium,50
10.7,56.84,5.04,35,3,Yes,Normal,Night,Low,Low,Low,Medium,70
72.9,87.94,9.68,73,4,Yes,Hot Work,Morning,Medium,High,Medium,High,35
61.69,52.42,4.39,78,27,No,Normal,Evening,Medium,Low,Medium,Low,75
88.58,39.42,2.74,28,8,No,Confined Space,Night,Medium,Low,High,Low,60
60.97,93.04,2.23,84,22,Yes,Confined Space,Morning,Medium,High,Medium,Low,45
61.81,46.82,5.82,57,9,Yes,Normal,Evening,Medium,Low,Medium,Medium,65
95.99,61.91,2.0,73,17,Yes,Confined Space,Night,Medium,Medium,High,Low,40
11.98,20.17,8.27,75,14,Yes,Hot Work,Morning,Low,Low,Low,High,70
42.18,89.76,4.37,74,15,Yes,Confined Space,Night,Low,High,Low,Low,60
85.0,62.28,4.02,84,8,Yes,Hot Work,Morning,Medium,Medium,High,Low,50
2.81,22.76,9.13,41,20,Yes,Hot Work,Evening,Low,Low,Low,High,70
58.04,29.79,2.5,51,4,Yes,Hot Work,Morning,Low,Low,Medium,Low,90
46.92,66.04,9.42,36,18,Yes,Confined Space,Evening,Low,Medium,Low,High,60
81.22,35.6,9.33,34,7,No,Confined Space,Morning,Medium,Low,High,High,50
10.03,42.54,8.5,60,2,Yes,Confined Space,Evening,Low,Low,Low,High,70
56.53,62.69,1.59,31,26,No,Hot Work,Night,Low,Medium,Medium,Low,70
97.72,45.35,5.04,38,8,Yes,Normal,Night,Medium,Low,High,Medium,40
1.19,61.61,2.54,54,5,No,Hot Work,Night,Low,Medium,Low,Low,80
64.3,89.23,2.81,49,20,No,Confined Space,Evening,Medium,High,Medium,Low,65
60.02,76.11,8.62,51,12,No,Normal,Evening,Medium,Medium,Medium,High,55
69.66,51.03,9.14,53,24,No,Confined Space,Morning,Medium,Low,Medium,High,55
59.35,30.94,2.84,39,3,No,Hot Work,Night,Low,Low,Medium,Low,90
5.44,55.96,7.83,70,10,Yes,Confined Space,Evening,Low,Low,Low,Medium,80
68.34,62.07,8.96,29,6,Yes,Hot Work,Morning,Medium,Medium,Medium,High,45
43.43,41.59,4.4,60,20,No,Confined Space,Night,Low,Low,Low,Low,90
20.45,42.96,7.89,48,17,No,Hot Work,Evening,Low,Low,Low,Medium,90
2.37,76.8,5.31,68,8,Yes,Normal,Morning,Low,Medium,Low,Medium,70
86.05,74.25,5.56,84,20,Yes,Normal,Morning,High,Medium,High,Medium,40
7.38,51.36,9.23,90,2,Yes,Confined Space,Evening,Low,Low,Low,High,70
20.69,73.19,4.36,48,8,Yes,Hot Work,Night,Low,Medium,Low,Low,70
0.55,26.64,9.66,56,6,No,Normal,Night,Low,Low,Low,High,70
83.82,58.5,1.06,67,5,Yes,Normal,Evening,Medium,Low,High,Low,60
84.47,23.08,9.76,69,30,Yes,Confined Space,Evening,Medium,Low,High,High,30
95.43,49.7,2.85,39,28,Yes,Confined Space,Morning,Medium,Low,High,Low,50
65.34,95.34,9.95,86,28,Yes,Hot Work,Night,Medium,High,Medium,High,15
4.35,62.83,7.87,71,3,Yes,Confined Space,Night,Low,Medium,Low,Medium,60
30.95,27.36,9.93,61,8,No,Hot Work,Morning,Low,Low,Low,High,80
4.5,52.57,4.99,71,17,No,Confined Space,Night,Low,Low,Low,Low,90
44.2,96.75,7.3,25,21,No,Hot Work,Night,Low,High,Low,Medium,50
69.43,32.19,4.35,40,19,No,Normal,Night,Medium,Low,Medium,Low,75
53.79,38.99,7.79,44,14,Yes,Confined Space,Evening,Low,Low,Medium,Medium,80
58.2,88.84,7.84,53,21,Yes,Confined Space,Evening,Low,High,Medium,Medium,50
91.43,78.34,1.13,59,14,Yes,Normal,Evening,High,Medium,High,Low,50
65.94,90.77,2.17,35,1,No,Normal,Night,Medium,High,Medium,Low,55
23.6,80.65,3.3,21,26,No,Hot Work,Evening,Low,High,Low,Low,70
43.11,50.6,4.1,60,13,No,Confined Space,Night,Low,Low,Low,Low,90
35.57,24.03,8.59,24,4,No,Confined Space,Morning,Low,Low,Low,High,80
98.87,80.66,9.13,83,11,Yes,Normal,Evening,High,High,High,High,20
12.43,87.36,8.28,31,24,No,Hot Work,Morning,Low,High,Low,High,50
21.76,55.62,6.06,83,17,No,Normal,Night,Low,Low,Low,Medium,80
47.32,57.23,5.08,76,29,Yes,Confined Space,Evening,Low,Low,Low,Medium,70
49.08,67.07,3.28,76,19,Yes,Confined Space,Morning,Low,Medium,Low,Low,80
60.78,30.7,6.04,71,18,Yes,Normal,Night,Medium,Low,Medium,Medium,55
34.1,38.99,3.72,55,26,No,Hot Work,Evening,Low,Low,Low,Low,90
29.04,80.3,7.83,71,22,No,Confined Space,Night,Low,High,Low,Medium,50
62.08,84.68,8.79,83,13,No,Normal,Night,Medium,High,Medium,High,35
35.33,86.77,9.86,42,10,No,Hot Work,Evening,Low,High,Low,High,60
99.99,63.96,5.08,67,9,No,Normal,Evening,Medium,Medium,High,Medium,50
32.89,63.69,8.45,67,10,Yes,Normal,Morning,Low,Medium,Low,High,60
15.35,69.83,3.18,79,13,No,Confined Space,Evening,Low,Medium,Low,Low,90
83.78,85.46,5.56,34,28,No,Hot Work,Morning,High,High,High,Medium,30
75.69,69.86,8.07,68,12,No,Normal,Night,Medium,Medium,High,High,45
36.24,96.59,2.99,86,10,Yes,Hot Work,Morning,Low,High,Low,Low,70
33.21,77.63,6.79,27,29,Yes,Confined Space,Morning,Low,Medium,Low,Medium,60
97.74,71.33,4.1,37,5,No,Normal,Night,High,Medium,High,Low,50
71.5,29.29,6.25,28,16,Yes,Hot Work,Evening,Medium,Low,Medium,Medium,65
81.12,56.58,8.82,28,26,Yes,Normal,Night,Medium,Low,High,High,20
40.84,88.47,5.3,84,24,No,Normal,Morning,Low,High,Low,Medium,60
19.6,90.24,1.71,85,17,No,Confined Space,Morning,Low,High,Low,Low,80
74.9,27.37,9.55,20,28,No,Normal,Evening,Medium,Low,Medium,High,55
80.9,43.16,8.27,78,2,No,Normal,Night,Medium,Low,High,High,40
99.15,24.93,3.35,59,13,Yes,Hot Work,Morning,Medium,Low,High,Low,60
62.18,88.39,8.16,37,19,Yes,Hot Work,Evening,Medium,High,Medium,High,35
67.45,68.44,6.58,38,5,Yes,Hot Work,Morning,Medium,Medium,Medium,Medium,55
42.36,72.44,7.98,67,1,No,Normal,Evening,Low,Medium,Low,Medium,80
79.59,38.99,1.08,45,5,Yes,Normal,Night,Medium,Low,High,Low,65
92.31,36.26,9.79,80,27,Yes,Confined Space,Night,Medium,Low,High,High,20
75.2,76.18,1.09,88,30,No,Hot Work,Evening,Medium,Medium,High,Low,65
13.44,43.59,4.64,54,27,Yes,Confined Space,Night,Low,Low,Low,Low,70
81.2,94.44,4.67,90,20,Yes,Confined Space,Evening,High,High,High,Low,40
72.37,25.63,2.56,69,27,No,Normal,Morning,Medium,Low,Medium,Low,75
97.1,89.54,9.55,83,29,No,Hot Work,Evening,High,High,High,High,20
75.19,73.68,9.18,26,20,Yes,Confined Space,Evening,Medium,Medium,High,High,45
83.58,42.51,2.17,71,18,Yes,Confined Space,Night,Medium,Low,High,Low,50
61.21,34.6,5.54,66,23,Yes,Hot Work,Morning,Medium,Low,Medium,Medium,55
26.02,43.47,4.15,69,9,Yes,Confined Space,Evening,Low,Low,Low,Low,90
1.83,52.62,1.94,28,3,Yes,Hot Work,Night,Low,Low,Low,Low,80
98.93,78.48,2.15,55,3,Yes,Confined Space,Morning,High,Medium,High,Low,50
70.57,27.48,3.01,47,29,No,Hot Work,Evening,Medium,Low,Medium,Low,75
59.28,37.56,3.13,53,1,No,Hot Work,Night,Low,Low,Medium,Low,90
38.09,61.87,7.34,48,18,Yes,Confined Space,Evening,Low,Medium,Low,Medium,70
86.63,75.79,8.71,71,12,Yes,Confined Space,Night,High,Medium,High,High,20
6.57,24.8,3.78,36,23,No,Hot Work,Evening,Low,Low,Low,Low,90
77.67,64.67,9.29,67,18,Yes,Hot Work,Evening,Medium,Medium,High,High,45
90.17,88.3,2.37,83,3,No,Normal,Evening,High,High,High,Low,50
79.73,27.28,2.48,51,25,Yes,Normal,Morning,Medium,Low,High,Low,65
32.56,43.39,5.22,45,22,No,Hot Work,Evening,Low,Low,Low,Medium,80
47.26,46.85,7.16,57,1,Yes,Normal,Morning,Low,Low,Low,Medium,80
59.96,57.59,1.08,41,24,No,Hot Work,Morning,Low,Low,Medium,Low,90
97.49,94.86,5.78,88,11,Yes,Normal,Morning,High,High,High,Medium,30
74.56,32.53,8.77,81,10,Yes,Normal,Night,Medium,Low,Medium,High,45
11.78,66.65,7.72,88,24,Yes,Normal,Evening,Low,Medium,Low,Medium,60
48.5,85.97,7.84,52,13,No,Confined Space,Night,Low,High,Low,Medium,60
77.37,61.96,1.31,38,13,No,Hot Work,Evening,Medium,Medium,High,Low,75
39.81,56.77,8.45,55,5,Yes,Confined Space,Evening,Low,Low,Low,High,70
64.98,24.58,5.94,90,22,Yes,Hot Work,Morning,Medium,Low,Medium,Medium,55
21.68,75.39,6.89,37,4,Yes,Hot Work,Night,Low,Medium,Low,Medium,60
88.91,82.53,3.13,38,4,Yes,Normal,Night,High,High,High,Low,30
19.28,54.56,5.99,75,15,Yes,Hot Work,Night,Low,Low,Low,Medium,70
95.92,97.66,8.13,86,1,Yes,Confined Space,Evening,High,High,High,High,20
35.21,20.7,7.51,55,8,Yes,Confined Space,Morning,Low,Low,Low,Medium,80
17.91,64.49,2.65,89,23,Yes,Confined Space,Evening,Low,Medium,Low,Low,70
48.77,76.45,9.64,41,22,Yes,Hot Work,Night,Low,Medium,Low,High,40
50.73,69.57,8.38,46,2,No,Hot Work,Night,Low,Medium,Medium,High,60
9.47,84.64,4.74,90,2,No,Normal,Morning,Low,High,Low,Low,80
39.09,51.54,2.67,46,2,No,Normal,Night,Low,Low,Low,Low,90
55.29,77.03,3.95,53,18,Yes,Confined Space,Night,Low,Medium,Medium,Low,70
8.69,99.88,2.43,36,9,Yes,Normal,Evening,Low,High,Low,Low,70
29.57,75.38,4.1,69,30,No,Hot Work,Night,Low,Medium,Low,Low,70
61.51,49.92,1.09,41,16,No,Hot Work,Night,Medium,Low,Medium,Low,75
17.59,42.28,4.56,65,12,No,Hot Work,Morning,Low,Low,Low,Low,100
31.36,33.96,5.68,45,11,Yes,Confined Space,Evening,Low,Low,Low,Medium,80
10.05,56.33,1.4,63,13,No,Confined Space,Night,Low,Low,Low,Low,90
24.2,51.36,2.62,27,22,Yes,Hot Work,Evening,Low,Low,Low,Low,80
54.35,58.26,6.42,68,18,No,Hot Work,Night,Low,Low,Medium,Medium,80
53.42,94.73,5.46,83,28,Yes,Normal,Evening,Low,High,Medium,Medium,50
43.66,68.86,5.25,46,6,No,Hot Work,Morning,Low,Medium,Low,Medium,80
25.27,68.41,9.1,62,5,No,Normal,Evening,Low,Medium,Low,High,70
81.3,32.03,1.8,77,12,No,Confined Space,Evening,Medium,Low,High,Low,70
71.62,31.33,8.24,53,20,No,Confined Space,Morning,Medium,Low,Medium,High,65
19.51,87.35,7.77,81,17,Yes,Confined Space,Morning,Low,High,Low,Medium,60
51.95,65.18,7.88,32,4,No,Hot Work,Morning,Low,Medium,Medium,Medium,80
37.22,48.57,6.61,36,17,No,Confined Space,Morning,Low,Low,Low,Medium,90
99.12,44.62,7.82,89,16,No,Normal,Morning,Medium,Low,High,Medium,60
85.26,21.95,6.15,65,20,Yes,Confined Space,Night,Medium,Low,High,Medium,40
95.77,30.27,8.72,30,30,Yes,Confined Space,Morning,Medium,Low,High,High,30
71.64,74.99,3.06,83,6,Yes,Confined Space,Night,Medium,Medium,Medium,Low,55
6.62,51.65,6.96,89,30,Yes,Hot Work,Evening,Low,Low,Low,Medium,70
13.42,46.83,3.32,49,14,No,Hot Work,Evening,Low,Low,Low,Low,100
71.65,54.12,7.79,65,7,No,Confined Space,Night,Medium,Low,Medium,Medium,65
38.03,73.24,7.92,83,6,No,Hot Work,Night,Low,Medium,Low,Medium,70
40.88,96.17,2.59,58,8,No,Confined Space,Morning,Low,High,Low,Low,80
53.99,42.19,6.54,23,22,Yes,Confined Space,Evening,Low,Low,Medium,Medium,70
24.22,45.24,3.51,52,2,Yes,Normal,Night,Low,Low,Low,Low,80
71.85,87.07,6.26,33,26,No,Confined Space,Night,Medium,High,Medium,Medium,35
39.55,84.81,3.61,55,3,Yes,Hot Work,Night,Low,High,Low,Low,60
75.85,54.49,6.59,73,2,Yes,Confined Space,Morning,Medium,Low,High,Medium,65
59.49,90.53,6.19,53,5,No,Confined Space,Evening,Low,High,Medium,Medium,70
98.76,51.35,1.61,63,3,No,Confined Space,Morning,Medium,Low,High,Low,70
15.87,69.63,4.11,50,29,No,Normal,Night,Low,Medium,Low,Low,70
77.65,59.14,8.75,74,5,Yes,Normal,Evening,Medium,Low,High,High,55
12.08,89.82,1.16,85,6,No,Hot Work,Evening,Low,High,Low,Low,80
11.29,34.86,9.96,47,4,No,Hot Work,Evening,Low,Low,Low,High,80
12.81,73.73,3.63,71,11,No,Hot Work,Evening,Low,Medium,Low,Low,90
88.01,42.21,7.95,41,3,Yes,Confined Space,Morning,Medium,Low,High,Medium,50
7.59,51.57,3.95,86,29,Yes,Confined Space,Night,Low,Low,Low,Low,70
81.42,65.76,3.66,44,21,Yes,Hot Work,Morning,Medium,Medium,High,Low,40
59.14,64.34,5.96,66,13,No,Normal,Morning,Low,Medium,Medium,Medium,80
17.66,75.99,9.27,51,13,Yes,Hot Work,Morning,Low,Medium,Low,High,60
86.15,43.53,6.59,77,30,No,Confined Space,Evening,Medium,Low,High,Medium,50
88.03,82.73,3.3,74,28,Yes,Normal,Morning,High,High,High,Low,30
87.71,37.44,2.08,47,11,No,Confined Space,Night,Medium,Low,High,Low,60
25.38,94.33,4.92,28,25,No,Hot Work,Morning,Low,High,Low,Low,70
36.18,87.88,4.16,60,4,Yes,Normal,Night,Low,High,Low,Low,60
42.85,96.04,2.22,29,6,Yes,Confined Space,Night,Low,High,Low,Low,60
89.46,98.16,7.85,78,8,No,Confined Space,Evening,High,High,High,Medium,40
60.44,63.8,2.48,32,28,Yes,Normal,Night,Medium,Medium,Medium,Low,45
91.85,92.23,4.49,28,11,Yes,Normal,Evening,High,High,High,Low,40
15.22,48.26,1.37,88,5,No,Normal,Evening,Low,Low,Low,Low,100
94.07,81.38,6.11,36,22,No,Normal,Evening,High,High,High,Medium,30
95.87,97.65,5.37,59,19,Yes,Confined Space,Morning,High,High,High,Medium,30
45.52,72.34,5.77,89,26,Yes,Normal,Night,Low,Medium,Low,Medium,50
69.0,82.12,4.17,49,11,No,Hot Work,Evening,Medium,High,Medium,Low,65
40.91,81.34,6.39,29,6,No,Confined Space,Evening,Low,High,Low,Medium,70
74.91,71.3,4.84,37,30,Yes,Hot Work,Morning,Medium,Medium,Medium,Low,55
84.58,64.18,2.07,74,18,No,Normal,Evening,Medium,Medium,High,Low,60
79.68,40.0,9.63,45,17,No,Hot Work,Morning,Medium,Low,High,High,65
70.1,90.12,2.64,44,12,Yes,Hot Work,Morning,Medium,High,Medium,Low,55
99.14,78.31,1.3,65,2,No,Hot Work,Evening,High,Medium,High,Low,60
52.7,61.03,9.0,41,24,Yes,Normal,Evening,Low,Medium,Medium,High,50
83.63,66.5,9.15,55,5,Yes,Confined Space,Evening,Medium,Medium,High,High,30
82.22,94.57,8.31,56,17,Yes,Normal,Night,High,High,High,High,10
68.47,28.39,3.28,52,23,Yes,Hot Work,Night,Medium,Low,Medium,Low,55
96.13,43.22,2.65,86,28,Yes,Hot Work,Evening,Medium,Low,High,Low,50
71.15,29.57,6.83,74,14,Yes,Confined Space,Morning,Medium,Low,Medium,Medium,65
0.91,30.55,2.62,41,24,No,Confined Space,Evening,Low,Low,Low,Low,90
51.82,86.71,3.85,24,12,Yes,Normal,Night,Low,High,Medium,Low,60
47.59,93.16,4.47,75,7,Yes,Normal,Evening,Low,High,Low,Low,70
32.1,27.37,4.87,39,24,No,Hot Work,Night,Low,Low,Low,Low,80
66.73,57.52,6.71,23,16,Yes,Hot Work,Night,Medium,Low,Medium,Medium,55
1.59,52.71,9.71,54,13,No,Normal,Night,Low,Low,Low,High,70
62.33,45.7,1.77,60,13,No,Confined Space,Evening,Medium,Low,Medium,Low,85
28.0,34.35,7.59,75,5,No,Normal,Evening,Low,Low,Low,Medium,90
18.52,98.57,6.13,33,25,No,Hot Work,Night,Low,High,Low,Medium,50
12.87,95.72,9.38,67,6,Yes,Hot Work,Morning,Low,High,Low,High,50
57.96,38.96,3.24,72,8,No,Confined Space,Morning,Low,Low,Medium,Low,100
21.53,24.01,8.27,29,14,No,Hot Work,Night,Low,Low,Low,High,70
97.13,61.84,1.61,43,24,Yes,Hot Work,Morning,Medium,Medium,High,Low,40
18.53,84.39,9.95,50,9,No,Hot Work,Evening,Low,High,Low,High,60
82.25,56.11,2.28,48,18,Yes,Normal,Morning,Medium,Low,High,Low,60
37.87,33.24,4.49,40,22,No,Confined Space,Morning,Low,Low,Low,Low,90
76.03,87.12,4.81,54,8,No,Normal,Night,Medium,High,High,Low,55
54.44,58.64,9.41,35,24,No,Normal,Night,Low,Low,Medium,High,60
42.83,43.11,1.85,70,10,No,Confined Space,Evening,Low,Low,Low,Low,100
99.53,71.8,4.38,36,25,No,Hot Work,Morning,High,Medium,High,Low,50
63.96,58.32,1.77,61,2,No,Hot Work,Night,Medium,Low,Medium,Low,75
33.01,29.29,4.54,64,7,No,Hot Work,Evening,Low,Low,Low,Low,100
32.01,40.09,2.72,66,29,Yes,Hot Work,Night,Low,Low,Low,Low,70
84.03,87.71,9.02,49,5,Yes,Hot Work,Night,High,High,High,High,10
40.33,94.54,8.66,36,24,Yes,Confined Space,Night,Low,High,Low,High,30
94.25,50.81,4.54,89,29,Yes,Normal,Evening,Medium,Low,High,Low,50
73.47,94.43,3.32,69,10,Yes,Normal,Night,Medium,High,Medium,Low,45
51.36,59.64,2.4,76,24,Yes,Confined Space,Morning,Low,Low,Medium,Low,80
0.66,66.47,2.35,89,6,No,Confined Space,Night,Low,Medium,Low,Low,80
81.91,52.94,2.69,56,22,Yes,Hot Work,Night,Medium,Low,High,Low,40
14.39,56.73,5.41,59,26,No,Normal,Evening,Low,Low,Low,Medium,80
0.46,69.06,6.26,31,26,Yes,Normal,Evening,Low,Medium,Low,Medium,60
5.34,96.9,9.27,84,5,Yes,Hot Work,Morning,Low,High,Low,High,50
16.4,98.64,1.38,64,10,Yes,Confined Space,Morning,Low,High,Low,Low,70
73.96,66.08,8.6,35,29,No,Hot Work,Night,Medium,Medium,Medium,High,35
28.05,84.47,8.81,53,23,Yes,Confined Space,Evening,Low,High,Low,High,40
44.3,22.64,2.8,24,10,Yes,Normal,Evening,Low,Low,Low,Low,90
17.07,22.91,9.95,70,23,No,Normal,Morning,Low,Low,Low,High,70
0.73,46.08,6.17,28,8,Yes,Confined Space,Night,Low,Low,Low,Medium,70
74.65,77.39,7.84,36,16,No,Normal,Morning,Medium,Medium,Medium,Medium,65
56.58,35.46,2.04,53,30,No,Normal,Evening,Low,Low,Medium,Low,90
11.78,37.39,7.44,49,30,No,Normal,Morning,Low,Low,Low,Medium,80
35.51,23.95,9.87,41,25,Yes,Normal,Evening,Low,Low,Low,High,60
96.7,91.84,4.45,34,13,No,Normal,Morning,High,High,High,Low,50
89.13,22.33,7.06,90,16,Yes,Normal,Evening,Medium,Low,High,Medium,50
46.35,38.06,8.69,85,6,Yes,Confined Space,Morning,Low,Low,Low,High,70
98.3,89.2,4.25,28,19,Yes,Confined Space,Night,High,High,High,Low,30
24.01,46.16,6.48,79,17,Yes,Hot Work,Night,Low,Low,Low,Medium,70
86.41,88.22,2.73,55,12,No,Confined Space,Evening,High,High,High,Low,50
4.65,20.52,9.97,57,23,Yes,Confined Space,Evening,Low,Low,Low,High,60
28.14,98.5,5.98,47,7,No,Normal,Evening,Low,High,Low,Medium,70
15.06,92.05,8.85,33,24,Yes,Normal,Evening,Low,High,Low,High,40
80.74,79.23,3.63,27,16,Yes,Normal,Morning,High,Medium,High,Low,50
95.26,78.81,5.79,49,5,Yes,Normal,Morning,High,Medium,High,Medium,40
76.98,73.77,6.23,49,17,No,Hot Work,Morning,Medium,Medium,High,Medium,65
48.69,32.84,9.06,47,20,No,Confined Space,Morning,Low,Low,Low,High,80
60.87,63.22,2.32,63,7,No,Confined Space,Evening,Medium,Medium,Medium,Low,75
98.15,57.26,8.84,89,23,No,Hot Work,Night,Medium,Low,High,High,30
50.04,69.4,4.7,46,26,Yes,Confined Space,Night,Low,Medium,Medium,Low,60
85.53,28.97,7.21,26,20,Yes,Confined Space,Evening,Medium,Low,High,Medium,50
2.19,60.43,8.41,22,11,Yes,Confined Space,Morning,Low,Medium,Low,High,60
73.2,21.37,2.07,42,3,No,Confined Space,Evening,Medium,Low,Medium,Low,85
90.98,97.21,9.57,27,15,Yes,Confined Space,Night,High,High,High,High,10
44.46,21.74,7.38,70,21,Yes,Hot Work,Evening,Low,Low,Low,Medium,70
42.11,33.9,1.64,65,21,No,Normal,Evening,Low,Low,Low,Low,90
3.07,95.39,2.93,27,14,Yes,Normal,Night,Low,High,Low,Low,60
67.22,22.35,4.63,53,15,No,Hot Work,Morning,Medium,Low,Medium,Low,85
19.98,36.32,8.67,24,28,Yes,Normal,Morning,Low,Low,Low,High,60
68.74,67.96,1.68,68,10,No,Hot Work,Night,Medium,Medium,Medium,Low,65
79.76,56.65,4.69,67,11,No,Confined Space,Morning,Medium,Low,High,Low,85
26.29,38.53,7.91,50,4,No,Normal,Morning,Low,Low,Low,Medium,90
91.69,91.2,6.72,47,24,No,Normal,Evening,High,High,High,Medium,30
81.95,87.73,7.06,59,27,Yes,Confined Space,Evening,High,High,High,Medium,20
59.15,62.76,6.62,88,21,Yes,Hot Work,Evening,Low,Medium,Medium,Medium,60
74.7,88.32,7.88,37,23,Yes,Confined Space,Morning,Medium,High,Medium,Medium,35
86.69,46.82,5.38,86,14,Yes,Hot Work,Night,Medium,Low,High,Medium,40
57.53,90.2,4.57,85,11,No,Normal,Evening,Low,High,Medium,Low,80
23.24,34.4,2.89,61,18,Yes,Confined Space,Morning,Low,Low,Low,Low,90
67.79,31.91,7.16,38,9,Yes,Hot Work,Evening,Medium,Low,Medium,Medium,65
4.92,66.5,7.9,60,27,Yes,Normal,Night,Low,Medium,Low,Medium,50
72.91,35.52,2.74,76,11,Yes,Hot Work,Evening,Medium,Low,Medium,Low,75
79.4,67.71,4.75,53,25,Yes,Hot Work,Evening,Medium,Medium,High,Low,55
39.23,66.5,2.61,32,25,No,Normal,Evening,Low,Medium,Low,Low,80
69.04,56.08,9.91,44,22,No,Hot Work,Evening,Medium,Low,Medium,High,55
64.38,91.55,5.21,26,10,Yes,Hot Work,Evening,Medium,High,Medium,Medium,45
68.02,70.14,2.33,24,3,No,Confined Space,Night,Medium,Medium,Medium,Low,65
51.82,75.85,1.68,28,29,Yes,Normal,Evening,Low,Medium,Medium,Low,70
45.38,22.3,2.62,20,4,Yes,Hot Work,Morning,Low,Low,Low,Low,90
35.75,57.29,2.06,23,3,No,Confined Space,Morning,Low,Low,Low,Low,100
1.79,33.68,6.48,62,8,Yes,Normal,Morning,Low,Low,Low,Medium,80
31.36,95.28,6.1,82,5,No,Hot Work,Night,Low,High,Low,Medium,60
9.85,78.39,3.3,33,23,No,Hot Work,Morning,Low,Medium,Low,Low,80
15.68,93.23,5.37,76,24,No,Confined Space,Evening,Low,High,Low,Medium,60
30.08,21.37,3.89,45,28,No,Hot Work,Evening,Low,Low,Low,Low,90
63.63,85.72,5.61,20,18,Yes,Hot Work,Evening,Medium,High,Medium,Medium,45
84.48,94.5,1.45,72,2,No,Confined Space,Morning,High,High,High,Low,50
6.56,98.85,8.54,38,26,No,Normal,Morning,Low,High,Low,High,50
7.36,43.81,3.92,74,14,Yes,Hot Work,Evening,Low,Low,Low,Low,90
45.42,74.16,4.88,72,29,Yes,Hot Work,Evening,Low,Medium,Low,Low,70
64.53,56.55,1.47,49,18,No,Normal,Morning,Medium,Low,Medium,Low,85
10.67,63.86,1.74,44,9,Yes,Confined Space,Night,Low,Medium,Low,Low,70
48.85,73.21,1.98,57,6,No,Hot Work,Evening,Low,Medium,Low,Low,90
64.03,69.18,1.19,77,27,No,Confined Space,Evening,Medium,Medium,Medium,Low,65
21.71,43.67,7.16,36,28,Yes,Confined Space,Morning,Low,Low,Low,Medium,70
46.08,81.17,5.27,79,29,Yes,Confined Space,Night,Low,High,Low,Medium,40
31.45,29.45,7.63,61,8,Yes,Confined Space,Morning,Low,Low,Low,Medium,80
77.41,37.87,2.7,49,24,No,Hot Work,Night,Medium,Low,High,Low,65
13.47,60.42,4.03,67,25,Yes,Hot Work,Night,Low,Medium,Low,Low,60
0.76,61.01,7.32,58,7,Yes,Normal,Morning,Low,Medium,Low,Medium,70
78.75,70.42,6.29,69,23,Yes,Hot Work,Night,Medium,Medium,High,Medium,35
24.18,85.62,9.82,90,16,No,Hot Work,Morning,Low,High,Low,High,60
63.46,94.55,5.91,82,4,Yes,Confined Space,Night,Medium,High,Medium,Medium,35
35.09,22.32,3.13,39,1,Yes,Confined Space,Evening,Low,Low,Low,Low,90
92.46,68.37,6.44,61,29,No,Normal,Evening,Medium,Medium,High,Medium,40
98.89,65.24,9.7,85,5,Yes,Normal,Night,Medium,Medium,High,High,20
53.1,49.41,3.54,30,8,No,Confined Space,Night,Low,Low,Medium,Low,90
37.24,54.69,7.98,65,19,No,Hot Work,Morning,Low,Low,Low,Medium,90
46.23,52.2,7.04,48,18,No,Confined Space,Morning,Low,Low,Low,Medium,90
7.69,63.21,9.52,56,15,Yes,Confined Space,Evening,Low,Medium,Low,High,60
23.39,59.99,8.06,40,25,No,Normal,Evening,Low,Low,Low,High,70
2.87,60.67,5.01,35,16,Yes,Hot Work,Night,Low,Medium,Low,Medium,60
58.64,31.72,2.73,53,1,Yes,Normal,Night,Low,Low,Medium,Low,80
3.95,70.22,4.04,53,27,Yes,Normal,Night,Low,Medium,Low,Low,60
31.37,74.1,4.04,60,19,Yes,Normal,Night,Low,Medium,Low,Low,70
61.66,65.21,2.78,50,30,No,Confined Space,Night,Medium,Medium,Medium,Low,55
63.51,64.44,1.64,27,4,Yes,Confined Space,Night,Medium,Medium,Medium,Low,55
80.7,65.43,7.22,28,17,No,Normal,Night,Medium,Medium,High,Medium,40
50.05,71.23,6.24,31,1,No,Normal,Morning,Low,Medium,Medium,Medium,80
87.4,70.6,2.11,26,21,No,Hot Work,Morning,High,Medium,High,Low,50
93.44,66.39,5.26,36,13,No,Normal,Evening,Medium,Medium,High,Medium,50
92.04,79.22,3.67,75,13,No,Normal,Night,High,Medium,High,Low,50
86.72,23.25,8.75,82,12,No,Normal,Morning,Medium,Low,High,High,50
78.83,83.96,3.26,60,22,No,Confined Space,Morning,Medium,High,High,Low,55
1.47,37.15,9.38,53,10,Yes,Confined Space,Evening,Low,Low,Low,High,70
53.52,52.73,4.12,51,24,No,Hot Work,Evening,Low,Low,Medium,Low,90
85.93,32.27,4.36,44,17,Yes,Confined Space,Morning,Medium,Low,High,Low,60
7.93,98.67,3.73,47,13,No,Normal,Night,Low,High,Low,Low,70
39.55,21.18,2.56,35,13,Yes,Normal,Night,Low,Low,Low,Low,80
3.39,26.34,2.72,64,10,Yes,Hot Work,Morning,Low,Low,Low,Low,90
24.21,57.67,3.39,57,2,Yes,Normal,Night,Low,Low,Low,Low,80
69.84,76.28,6.52,78,27,Yes,Confined Space,Evening,Medium,Medium,Medium,Medium,45
36.69,41.65,1.07,24,15,No,Normal,Evening,Low,Low,Low,Low,100
50.0,58.39,7.42,76,19,No,Normal,Evening,Low,Low,Low,Medium,90
46.38,35.97,5.29,55,28,Yes,Confined Space,Night,Low,Low,Low,Medium,60
92.93,87.41,5.62,42,2,No,Confined Space,Evening,High,High,High,Medium,40
0.39,49.38,7.39,60,17,Yes,Normal,Morning,Low,Low,Low,Medium,80
39.01,85.71,7.6,20,22,No,Normal,Night,Low,High,Low,Medium,50
7.05,48.29,2.71,87,14,Yes,Hot Work,Night,Low,Low,Low,Low,80
74.42,55.91,6.56,86,9,Yes,Confined Space,Morning,Medium,Low,Medium,Medium,65
65.23,22.79,5.8,43,18,No,Normal,Morning,Medium,Low,Medium,Medium,75
55.93,64.4,2.1,56,19,Yes,Normal,Morning,Low,Medium,Medium,Low,80
72.87,42.43,4.12,29,18,Yes,Hot Work,Morning,Medium,Low,Medium,Low,75
86.98,66.99,4.57,66,10,No,Normal,Evening,Medium,Medium,High,Low,60
18.69,27.72,5.21,74,3,No,Normal,Morning,Low,Low,Low,Medium,90
60.33,62.9,4.0,65,15,No,Confined Space,Evening,Medium,Medium,Medium,Low,75
32.1,50.64,7.33,49,4,No,Normal,Night,Low,Low,Low,Medium,80
34.21,98.09,6.34,30,2,No,Hot Work,Evening,Low,High,Low,Medium,70
7.68,59.01,8.32,40,23,No,Normal,Evening,Low,Low,Low,High,70
39.09,98.58,3.46,38,10,No,Normal,Morning,Low,High,Low,Low,80
9.02,58.93,9.8,90,26,Yes,Normal,Evening,Low,Low,Low,High,60
35.74,76.94,7.21,37,11,No,Normal,Morning,Low,Medium,Low,Medium,80
66.69,30.22,7.59,82,21,No,Confined Space,Night,Medium,Low,Medium,Medium,55
65.89,73.12,1.42,85,19,Yes,Normal,Morning,Medium,Medium,Medium,Low,65
77.58,99.95,8.57,79,28,Yes,Hot Work,Morning,Medium,High,High,High,25
12.6,48.94,1.81,75,17,No,Normal,Night,Low,Low,Low,Low,90
73.14,61.57,5.0,30,14,No,Hot Work,Night,Medium,Medium,Medium,Low,65
15.87,31.41,4.46,64,9,No,Hot Work,Morning,Low,Low,Low,Low,100
7.81,51.8,3.17,72,9,No,Hot Work,Morning,Low,Low,Low,Low,100
76.08,84.67,3.19,77,6,No,Normal,Morning,Medium,High,High,Low,65
35.16,73.65,9.93,63,16,No,Hot Work,Night,Low,Medium,Low,High,60
65.67,38.55,5.44,34,14,Yes,Confined Space,Evening,Medium,Low,Medium,Medium,65
16.18,61.71,2.41,54,15,No,Hot Work,Evening,Low,Medium,Low,Low,90
9.08,26.06,5.03,49,26,Yes,Normal,Morning,Low,Low,Low,Medium,70
64.37,62.11,5.65,54,8,Yes,Confined Space,Morning,Medium,Medium,Medium,Medium,55
6.23,70.04,8.39,45,24,No,Hot Work,Morning,Low,Medium,Low,High,60
27.62,83.6,1.3,36,3,No,Confined Space,Morning,Low,High,Low,Low,80
75.07,97.78,7.89,51,27,Yes,Normal,Evening,Medium,High,High,Medium,35
11.01,94.4,7.02,22,3,Yes,Normal,Evening,Low,High,Low,Medium,60
89.18,76.05,5.88,51,22,Yes,Normal,Morning,High,Medium,High,Medium,30
32.12,86.67,9.64,73,17,No,Hot Work,Evening,Low,High,Low,High,60
3.27,26.27,5.22,89,13,Yes,Hot Work,Evening,Low,Low,Low,Medium,80
39.08,59.12,3.88,79,16,No,Normal,Evening,Low,Low,Low,Low,100
17.09,67.63,7.0,38,25,Yes,Normal,Morning,Low,Medium,Low,Medium,60
64.2,54.68,6.0,67,18,Yes,Hot Work,Morning,Medium,Low,Medium,Medium,65
21.8,84.72,9.07,83,12,No,Confined Space,Morning,Low,High,Low,High,60
99.87,34.57,1.65,82,23,Yes,Normal,Night,Medium,Low,High,Low,40
67.01,56.74,4.07,56,1,No,Normal,Evening,Medium,Low,Medium,Low,85
99.88,28.27,8.86,65,25,Yes,Confined Space,Evening,Medium,Low,High,High,30
32.71,28.19,6.32,68,11,No,Confined Space,Morning,Low,Low,Low,Medium,90
41.31,42.67,2.19,57,30,No,Normal,Evening,Low,Low,Low,Low,90
77.17,95.73,7.81,50,7,No,Confined Space,Night,Medium,High,High,Medium,45
78.79,34.08,8.36,32,2,Yes,Confined Space,Night,Medium,Low,High,High,45
17.12,26.71,2.55,33,7,No,Hot Work,Morning,Low,Low,Low,Low,100
23.75,98.94,9.44,43,12,No,Confined Space,Morning,Low,High,Low,High,60
80.75,87.52,1.32,52,21,No,Normal,Evening,High,High,High,Low,40
1.34,77.52,4.18,90,17,No,Confined Space,Night,Low,Medium,Low,Low,80
44.58,71.08,3.44,60,17,Yes,Confined Space,Morning,Low,Medium,Low,Low,80
5.46,53.78,8.43,40,5,Yes,Confined Space,Morning,Low,Low,Low,High,70
79.18,99.59,2.54,63,17,Yes,Normal,Morning,Medium,High,High,Low,55
42.95,87.09,2.07,33,1,No,Confined Space,Morning,Low,High,Low,Low,80
73.85,79.74,5.96,45,24,Yes,Hot Work,Evening,Medium,Medium,Medium,Medium,45
40.52,30.13,6.7,56,11,No,Normal,Night,Low,Low,Low,Medium,80
21.96,28.97,6.53,26,10,No,Normal,Morning,Low,Low,Low,Medium,90
77.64,99.31,8.71,90,20,Yes,Normal,Night,Medium,High,High,High,25
68.52,26.91,9.64,36,30,Yes,Normal,Night,Medium,Low,Medium,High,35
78.81,21.46,7.49,31,17,Yes,Hot Work,Night,Medium,Low,High,Medium,55
93.91,57.34,5.58,71,12,No,Normal,Morning,Medium,Low,High,Medium,60
95.81,80.93,5.01,87,19,No,Hot Work,Evening,High,High,High,Medium,40
1.77,66.03,1.44,35,29,No,Hot Work,Morning,Low,Medium,Low,Low,80
4.71,45.83,9.34,54,25,No,Hot Work,Evening,Low,Low,Low,High,70
78.0,70.07,6.5,55,4,No,Confined Space,Morning,Medium,Medium,High,Medium,65
42.49,36.42,5.11,39,18,Yes,Normal,Night,Low,Low,Low,Medium,70
26.53,93.77,2.6,76,19,No,Normal,Night,Low,High,Low,Low,70
41.98,79.65,8.69,26,29,No,Hot Work,Evening,Low,Medium,Low,High,60
8.77,96.84,8.67,81,11,No,Hot Work,Morning,Low,High,Low,High,60
93.98,98.49,3.46,48,25,Yes,Normal,Evening,High,High,High,Low,30
45.78,20.92,4.91,50,29,No,Hot Work,Night,Low,Low,Low,Low,80
96.4,76.77,8.14,42,26,No,Normal,Night,High,Medium,High,High,20
76.81,53.3,5.16,67,8,Yes,Normal,Evening,Medium,Low,High,Medium,65
47.37,70.09,1.36,48,29,Yes,Confined Space,Evening,Low,Medium,Low,Low,70
25.85,27.47,6.29,67,4,Yes,Hot Work,Evening,Low,Low,Low,Medium,80
91.43,96.06,1.21,33,9,Yes,Confined Space,Evening,High,High,High,Low,40
65.31,88.95,2.79,85,14,Yes,Normal,Morning,Medium,High,Medium,Low,55
52.83,80.52,3.69,76,23,Yes,Normal,Morning,Low,High,Medium,Low,60
13.92,39.98,3.64,45,26,No,Normal,Night,Low,Low,Low,Low,80
95.32,32.87,3.38,80,5,Yes,Normal,Morning,Medium,Low,High,Low,60
13.03,42.32,6.08,22,4,No,Normal,Morning,Low,Low,Low,Medium,90
46.53,44.29,8.67,59,21,No,Confined Space,Night,Low,Low,Low,High,60
28.75,84.32,6.33,81,11,Yes,Normal,Evening,Low,High,Low,Medium,60
1.65,83.48,6.03,87,30,No,Normal,Night,Low,High,Low,Medium,50
72.66,94.03,8.68,57,17,No,Confined Space,Evening,Medium,High,Medium,High,45
17.78,44.15,1.03,81,19,Yes,Hot Work,Morning,Low,Low,Low,Low,90
75.29,71.0,7.58,68,19,No,Normal,Morning,Medium,Medium,High,Medium,65
10.4,58.9,2.67,74,22,No,Normal,Morning,Low,Low,Low,Low,90
43.37,73.51,7.05,55,2,Yes,Confined Space,Morning,Low,Medium,Low,Medium,70
77.59,74.46,2.19,56,6,Yes,Hot Work,Morning,Medium,Medium,High,Low,65
40.89,34.51,1.12,38,14,No,Normal,Morning,Low,Low,Low,Low,100
1.08,23.74,7.07,45,6,Yes,Confined Space,Evening,Low,Low,Low,Medium,80
73.63,50.63,6.02,43,23,Yes,Normal,Morning,Medium,Low,Medium,Medium,55
33.13,20.69,7.66,49,10,No,Normal,Night,Low,Low,Low,Medium,80
24.99,65.76,2.69,39,29,No,Normal,Morning,Low,Medium,Low,Low,80
0.71,26.38,4.54,64,18,Yes,Confined Space,Evening,Low,Low,Low,Low,90
64.15,63.05,2.47,35,11,Yes,Hot Work,Night,Medium,Medium,Medium,Low,55
77.47,79.99,3.82,48,9,Yes,Hot Work,Night,Medium,Medium,High,Low,55
17.22,70.83,5.73,22,4,Yes,Hot Work,Night,Low,Medium,Low,Medium,60
58.43,47.14,8.21,32,8,No,Confined Space,Evening,Low,Low,Medium,High,80
75.78,24.47,6.45,46,26,Yes,Normal,Night,Medium,Low,High,Medium,45
50.12,44.92,5.45,43,16,Yes,Normal,Evening,Low,Low,Medium,Medium,80
60.52,20.38,8.11,41,27,Yes,Hot Work,Night,Medium,Low,Medium,High,35
36.51,74.64,3.64,69,13,Yes,Confined Space,Night,Low,Medium,Low,Low,70
13.4,31.12,4.2,39,22,Yes,Hot Work,Night,Low,Low,Low,Low,70
75.57,77.97,8.64,58,3,No,Confined Space,Night,Medium,Medium,High,High,45
58.86,81.36,6.35,22,28,No,Normal,Morning,Low,High,Medium,Medium,60
20.06,55.48,2.5,82,3,No,Normal,Morning,Low,Low,Low,Low,100
24.94,30.46,9.6,52,30,Yes,Confined Space,Night,Low,Low,Low,High,50
91.29,65.37,5.03,59,15,Yes,Normal,Evening,Medium,Medium,High,Medium,40
89.63,44.1,2.55,38,12,Yes,Normal,Night,Medium,Low,High,Low,50
23.88,30.52,4.56,31,2,No,Hot Work,Evening,Low,Low,Low,Low,100
47.23,36.13,3.24,43,28,Yes,Normal,Evening,Low,Low,Low,Low,80
35.58,20.91,5.85,28,20,Yes,Hot Work,Morning,Low,Low,Low,Medium,80
19.17,59.67,4.46,65,15,Yes,Confined Space,Evening,Low,Low,Low,Low,90
26.55,45.03,9.77,39,16,Yes,Normal,Morning,Low,Low,Low,High,70
40.16,96.0,3.37,69,28,Yes,Normal,Evening,Low,High,Low,Low,60
34.95,59.04,6.69,80,26,No,Confined Space,Evening,Low,Low,Low,Medium,80
3.95,48.18,6.74,79,26,Yes,Hot Work,Morning,Low,Low,Low,Medium,70
56.13,27.32,9.8,41,5,Yes,Confined Space,Evening,Low,Low,Medium,High,70
96.21,25.72,5.98,75,21,No,Confined Space,Morning,Medium,Low,High,Medium,50
84.78,84.73,1.98,53,20,Yes,Hot Work,Morning,High,High,High,Low,40
34.72,81.53,5.58,49,27,No,Hot Work,Morning,Low,High,Low,Medium,60
86.29,58.07,9.86,22,16,No,Confined Space,Night,Medium,Low,High,High,40
85.95,34.6,6.64,38,28,No,Hot Work,Night,Medium,Low,High,Medium,40
90.32,37.48,8.59,83,16,No,Normal,Morning,Medium,Low,High,High,50
47.42,89.02,2.3,34,8,No,Normal,Morning,Low,High,Low,Low,80
56.93,81.77,9.97,34,21,No,Hot Work,Morning,Low,High,Medium,High,50
21.31,44.82,6.22,61,22,No,Hot Work,Evening,Low,Low,Low,Medium,80
3.05,77.63,9.38,55,11,Yes,Hot Work,Evening,Low,Medium,Low,High,60
34.18,35.93,4.37,70,26,No,Confined Space,Night,Low,Low,Low,Low,80
46.05,44.28,8.34,52,18,No,Hot Work,Night,Low,Low,Low,High,70
91.27,96.19,2.48,74,5,Yes,Normal,Evening,High,High,High,Low,40
45.31,63.3,4.8,64,16,Yes,Normal,Morning,Low,Medium,Low,Low,80
28.38,77.07,7.87,27,25,No,Confined Space,Evening,Low,Medium,Low,Medium,70
91.16,94.21,9.31,37,25,No,Confined Space,Night,High,High,High,High,10
20.46,63.45,3.94,21,3,Yes,Confined Space,Morning,Low,Medium,Low,Low,80
40.07,40.74,3.49,85,23,No,Confined Space,Night,Low,Low,Low,Low,80
93.74,32.24,1.74,25,19,Yes,Confined Space,Morning,Medium,Low,High,Low,60
10.82,96.43,2.64,66,13,Yes,Confined Space,Evening,Low,High,Low,Low,70
61.26,62.87,1.88,56,15,No,Normal,Evening,Medium,Medium,Medium,Low,75
72.2,80.52,3.78,53,27,Yes,Hot Work,Night,Medium,High,Medium,Low,35
98.38,77.95,9.8,20,7,No,Normal,Evening,High,Medium,High,High,40
17.03,41.24,5.5,67,30,No,Normal,Morning,Low,Low,Low,Medium,80
79.79,60.4,1.48,65,29,Yes,Normal,Evening,Medium,Medium,High,Low,55
30.99,68.63,5.49,51,7,No,Hot Work,Evening,Low,Medium,Low,Medium,80
46.59,58.19,6.75,25,30,No,Normal,Night,Low,Low,Low,Medium,70
42.71,83.0,9.8,67,4,No,Normal,Morning,Low,High,Low,High,60
13.19,58.03,3.22,62,13,Yes,Hot Work,Morning,Low,Low,Low,Low,90
98.1,21.28,2.65,27,3,Yes,Normal,Morning,Medium,Low,High,Low,60
65.46,71.71,2.93,40,17,No,Hot Work,Morning,Medium,Medium,Medium,Low,75
90.66,83.65,7.99,21,28,No,Normal,Morning,High,High,High,Medium,30
25.75,55.91,4.62,32,11,Yes,Normal,Morning,Low,Low,Low,Low,90
53.02,57.24,1.52,39,14,No,Confined Space,Evening,Low,Low,Medium,Low,100
93.6,26.98,5.73,77,3,No,Hot Work,Evening,Medium,Low,High,Medium,60
13.83,96.93,4.4,84,8,No,Confined Space,Evening,Low,High,Low,Low,80
76.99,72.46,7.14,22,14,Yes,Hot Work,Morning,Medium,Medium,High,Medium,55
94.93,58.94,6.24,49,12,Yes,Normal,Evening,Medium,Low,High,Medium,50
16.06,22.44,8.62,24,15,No,Hot Work,Morning,Low,Low,Low,High,80
97.35,95.6,8.09,86,30,No,Confined Space,Evening,High,High,High,High,20
29.9,26.63,1.4,83,21,Yes,Normal,Morning,Low,Low,Low,Low,80
36.53,99.87,6.17,46,29,No,Confined Space,Evening,Low,High,Low,Medium,60
31.27,82.02,3.93,87,15,Yes,Normal,Evening,Low,High,Low,Low,70
35.87,30.35,4.23,29,9,No,Hot Work,Evening,Low,Low,Low,Low,100
7.69,29.6,1.0,77,7,Yes,Normal,Evening,Low,Low,Low,Low,90
62.11,84.32,5.68,28,22,No,Normal,Evening,Medium,High,Medium,Medium,45
74.41,36.06,9.91,81,27,No,Normal,Morning,Medium,Low,Medium,High,55
13.35,74.49,3.96,42,6,No,Hot Work,Morning,Low,Medium,Low,Low,90
66.16,20.04,4.66,84,18,Yes,Confined Space,Night,Medium,Low,Medium,Low,65
93.25,47.93,4.85,76,3,Yes,Normal,Night,Medium,Low,High,Low,50
5.21,46.59,6.89,62,19,No,Hot Work,Morning,Low,Low,Low,Medium,90
13.07,88.19,2.41,34,21,No,Hot Work,Night,Low,High,Low,Low,60
53.62,27.59,9.62,55,29,No,Confined Space,Morning,Low,Low,Medium,High,70
76.6,37.05,6.4,62,6,No,Confined Space,Morning,Medium,Low,High,Medium,75
57.02,60.65,1.54,77,8,Yes,Hot Work,Night,Low,Medium,Medium,Low,70
38.18,86.03,8.12,38,21,Yes,Normal,Evening,Low,High,Low,High,40
35.83,91.11,2.14,47,1,Yes,Normal,Evening,Low,High,Low,Low,70
5.24,37.4,6.18,36,21,Yes,Confined Space,Morning,Low,Low,Low,Medium,70
66.49,50.77,2.09,40,17,No,Confined Space,Evening,Medium,Low,Medium,Low,85
15.1,25.12,2.06,23,26,Yes,Hot Work,Night,Low,Low,Low,Low,70
97.06,85.97,2.78,31,22,Yes,Hot Work,Morning,High,High,High,Low,30
35.21,78.95,7.06,56,27,Yes,Normal,Night,Low,Medium,Low,Medium,50
64.58,67.65,8.04,27,23,Yes,Confined Space,Evening,Medium,Medium,Medium,High,35
29.79,66.93,4.84,33,18,No,Confined Space,Night,Low,Medium,Low,Low,80
11.7,61.94,8.93,22,30,Yes,Confined Space,Night,Low,Medium,Low,High,40
20.15,76.49,7.53,21,15,Yes,Confined Space,Morning,Low,Medium,Low,Medium,70
90.21,80.93,1.91,38,25,Yes,Normal,Evening,High,High,High,Low,30
40.72,53.78,7.27,28,21,No,Confined Space,Night,Low,Low,Low,Medium,70
67.18,53.44,1.05,36,12,No,Confined Space,Night,Medium,Low,Medium,Low,75
85.93,24.21,6.68,41,26,No,Confined Space,Night,Medium,Low,High,Medium,40
51.69,84.66,7.64,41,16,No,Normal,Morning,Low,High,Medium,Medium,70
37.37,48.77,9.85,51,27,No,Normal,Evening,Low,Low,Low,High,70
93.73,36.43,5.62,27,24,Yes,Normal,Evening,Medium,Low,High,Medium,40
30.49,29.37,8.28,78,24,Yes,Confined Space,Night,Low,Low,Low,High,50
72.41,77.08,7.15,67,17,No,Normal,Morning,Medium,Medium,Medium,Medium,65
17.46,74.07,9.8,72,26,Yes,Confined Space,Morning,Low,Medium,Low,High,50
93.23,93.15,5.92,40,1,No,Confined Space,Morning,High,High,High,Medium,40
20.1,44.82,2.42,59,5,Yes,Normal,Night,Low,Low,Low,Low,80
70.48,69.81,2.65,70,9,Yes,Hot Work,Morning,Medium,Medium,Medium,Low,65
10.21,82.82,6.92,33,27,Yes,Normal,Evening,Low,High,Low,Medium,50
2.37,87.77,4.86,70,5,No,Hot Work,Morning,Low,High,Low,Low,80
16.45,77.9,4.28,29,20,No,Hot Work,Evening,Low,Medium,Low,Low,90
13.93,33.27,9.81,24,25,Yes,Hot Work,Morning,Low,Low,Low,High,60
44.39,31.57,9.29,20,22,Yes,Normal,Night,Low,Low,Low,High,50
74.88,59.38,7.02,40,3,No,Hot Work,Morning,Medium,Low,Medium,Medium,75
17.44,95.96,7.54,37,23,No,Normal,Morning,Low,High,Low,Medium,60
61.19,40.18,1.84,34,7,No,Confined Space,Evening,Medium,Low,Medium,Low,85
77.77,81.76,9.44,67,3,No,Confined Space,Evening,Medium,High,High,High,45
44.94,65.34,1.83,39,15,Yes,Normal,Evening,Low,Medium,Low,Low,80
19.56,83.91,7.15,85,20,Yes,Normal,Morning,Low,High,Low,Medium,60
84.56,78.3,8.97,48,1,Yes,Confined Space,Night,High,Medium,High,High,20
98.23,52.11,4.91,20,23,Yes,Normal,Night,Medium,Low,High,Low,40
77.27,76.99,9.17,30,4,Yes,Hot Work,Morning,Medium,Medium,High,High,45
68.45,38.77,9.72,27,13,Yes,Hot Work,Evening,Medium,Low,Medium,High,55
13.45,49.47,1.79,87,1,No,Normal,Night,Low,Low,Low,Low,90
48.72,20.45,7.82,37,5,No,Hot Work,Morning,Low,Low,Low,Medium,90
27.64,40.61,2.31,35,6,No,Hot Work,Night,Low,Low,Low,Low,90
8.02,84.04,6.43,42,23,No,Hot Work,Evening,Low,High,Low,Medium,60
27.55,75.65,1.43,28,14,No,Confined Space,Evening,Low,Medium,Low,Low,90
6.87,97.56,8.77,57,21,No,Normal,Night,Low,High,Low,High,40
80.95,42.29,6.3,21,23,No,Hot Work,Morning,Medium,Low,High,Medium,50
34.72,47.98,1.42,52,5,Yes,Confined Space,Night,Low,Low,Low,Low,80
98.4,49.27,9.55,46,29,No,Normal,Evening,Medium,Low,High,High,40
9.63,63.37,8.66,84,23,Yes,Hot Work,Evening,Low,Medium,Low,High,50
99.69,74.75,2.69,44,27,Yes,Confined Space,Morning,High,Medium,High,Low,40
9.98,93.76,8.41,62,10,Yes,Normal,Night,Low,High,Low,High,40
14.05,72.49,2.9,41,16,Yes,Normal,Evening,Low,Medium,Low,Low,80
27.09,88.57,6.99,73,11,Yes,Normal,Night,Low,High,Low,Medium,50
48.39,20.47,5.76,57,20,Yes,Hot Work,Night,Low,Low,Low,Medium,70
32.17,91.31,5.04,59,12,Yes,Confined Space,Evening,Low,High,Low,Medium,60
10.57,29.38,2.62,29,4,No,Confined Space,Morning,Low,Low,Low,Low,100
85.77,89.32,4.23,58,30,No,Confined Space,Morning,High,High,High,Low,40
64.12,85.63,7.44,53,8,Yes,Normal,Evening,Medium,High,Medium,Medium,45
7.17,58.43,1.71,51,29,No,Hot Work,Morning,Low,Low,Low,Low,90
25.57,91.37,3.53,29,29,No,Normal,Evening,Low,High,Low,Low,70
65.46,53.25,9.47,22,23,No,Hot Work,Night,Medium,Low,Medium,High,45
21.96,90.47,5.54,61,19,No,Hot Work,Night,Low,High,Low,Medium,60
96.05,86.97,9.8,58,15,No,Normal,Night,High,High,High,High,20
31.24,67.28,8.03,59,16,No,Normal,Evening,Low,Medium,Low,High,70
45.89,44.55,1.54,83,17,Yes,Hot Work,Morning,Low,Low,Low,Low,90
20.48,41.01,2.45,61,12,Yes,Confined Space,Evening,Low,Low,Low,Low,90
17.34,27.52,3.75,69,10,No,Normal,Evening,Low,Low,Low,Low,100
63.71,37.1,9.65,86,27,No,Normal,Night,Medium,Low,Medium,High,45
93.9,72.73,3.29,64,8,Yes,Confined Space,Evening,High,Medium,High,Low,50
2.85,99.44,2.92,30,11,No,Normal,Night,Low,High,Low,Low,70
36.65,76.97,8.7,75,25,No,Confined Space,Night,Low,Medium,Low,High,50
86.43,99.26,8.45,35,5,No,Normal,Morning,High,High,High,High,30
28.81,66.47,9.39,57,4,Yes,Hot Work,Evening,Low,Medium,Low,High,60
86.7,64.57,4.82,68,28,No,Normal,Evening,Medium,Medium,High,Low,50
46.53,49.24,8.38,66,4,Yes,Confined Space,Night,Low,Low,Low,High,60
1.81,96.84,3.7,78,11,No,Confined Space,Evening,Low,High,Low,Low,80
63.47,66.71,9.36,60,27,Yes,Normal,Night,Medium,Medium,Medium,High,25
49.53,75.43,9.15,89,29,No,Confined Space,Morning,Low,Medium,Low,High,60
95.37,23.13,2.17,58,20,No,Hot Work,Evening,Medium,Low,High,Low,70
49.29,66.14,2.19,35,10,No,Confined Space,Morning,Low,Medium,Low,Low,90
83.56,20.68,4.52,54,24,No,Normal,Morning,Medium,Low,High,Low,60
4.12,60.3,8.41,77,13,No,Hot Work,Night,Low,Medium,Low,High,60
0.83,84.68,1.69,47,20,No,Hot Work,Night,Low,High,Low,Low,70
22.98,28.36,2.44,27,18,Yes,Confined Space,Evening,Low,Low,Low,Low,90
50.59,62.2,1.06,65,11,No,Confined Space,Evening,Low,Medium,Medium,Low,90
31.02,30.98,6.85,52,18,No,Normal,Evening,Low,Low,Low,Medium,90
90.75,77.04,5.16,35,15,No,Confined Space,Night,High,Medium,High,Medium,40
36.44,33.42,8.24,76,23,No,Normal,Night,Low,Low,Low,High,60
60.21,50.82,2.96,84,6,Yes,Hot Work,Night,Medium,Low,Medium,Low,65
33.66,37.66,1.38,78,25,Yes,Normal,Night,Low,Low,Low,Low,70
50.84,26.81,3.21,67,18,No,Normal,Night,Low,Low,Medium,Low,90
98.26,42.21,8.82,20,16,Yes,Confined Space,Morning,Medium,Low,High,High,40
92.64,80.79,7.28,51,14,No,Normal,Evening,High,High,High,Medium,40
9.35,23.6,2.76,64,14,No,Confined Space,Evening,Low,Low,Low,Low,100
63.47,80.99,9.01,46,14,Yes,Hot Work,Evening,Medium,High,Medium,High,35
82.89,20.28,9.2,58,15,Yes,Hot Work,Evening,Medium,Low,High,High,40
7.82,42.87,8.82,62,25,Yes,Hot Work,Morning,Low,Low,Low,High,60
63.14,84.35,9.69,58,30,No,Hot Work,Morning,Medium,High,Medium,High,35
41.96,77.59,5.8,47,21,Yes,Normal,Morning,Low,Medium,Low,Medium,60
70.65,84.0,7.7,79,3,No,Normal,Evening,Medium,High,Medium,Medium,55
73.46,95.67,9.14,30,20,No,Normal,Morning,Medium,High,Medium,High,45
43.65,71.71,3.69,49,12,No,Hot Work,Night,Low,Medium,Low,Low,80
45.32,85.84,8.39,20,1,Yes,Hot Work,Morning,Low,High,Low,High,50
34.78,61.76,8.99,36,12,Yes,Hot Work,Night,Low,Medium,Low,High,50
50.43,93.26,1.26,64,26,No,Confined Space,Morning,Low,High,Medium,Low,70
68.35,82.65,3.16,34,14,Yes,Confined Space,Night,Medium,High,Medium,Low,45
31.05,63.86,5.83,84,13,Yes,Hot Work,Morning,Low,Medium,Low,Medium,70
71.77,97.01,7.38,41,3,Yes,Hot Work,Evening,Medium,High,Medium,Medium,45
16.5,47.28,4.95,52,10,No,Hot Work,Morning,Low,Low,Low,Low,100
60.31,97.08,3.84,30,3,No,Confined Space,Morning,Medium,High,Medium,Low,65
55.43,91.34,7.2,72,1,Yes,Hot Work,Night,Low,High,Medium,Medium,50
99.03,37.7,1.87,63,20,Yes,Normal,Morning,Medium,Low,High,Low,60
32.08,76.09,6.64,33,20,No,Confined Space,Morning,Low,Medium,Low,Medium,80
55.15,66.22,9.05,69,1,Yes,Normal,Morning,Low,Medium,Medium,High,60
61.58,48.63,9.01,35,20,No,Normal,Morning,Medium,Low,Medium,High,65
24.79,86.83,7.31,89,16,No,Hot Work,Evening,Low,High,Low,Medium,70
87.19,36.49,5.46,65,26,Yes,Normal,Morning,Medium,Low,High,Medium,40
25.41,53.1,7.11,82,28,No,Confined Space,Night,Low,Low,Low,Medium,70
70.79,20.28,3.54,79,9,No,Normal,Night,Medium,Low,Medium,Low,75
78.14,80.01,3.13,85,30,Yes,Normal,Evening,Medium,High,High,Low,45
50.63,41.59,7.07,61,3,No,Confined Space,Night,Low,Low,Medium,Medium,80
31.72,28.77,5.89,66,26,Yes,Hot Work,Morning,Low,Low,Low,Medium,70
21.42,61.42,4.1,30,9,Yes,Normal,Evening,Low,Medium,Low,Low,80
86.18,45.51,3.87,47,7,No,Hot Work,Morning,Medium,Low,High,Low,70
11.07,79.08,9.75,56,3,Yes,Normal,Morning,Low,Medium,Low,High,60
73.55,84.59,4.19,28,8,No,Normal,Evening,Medium,High,Medium,Low,65
81.58,33.47,3.26,66,16,No,Hot Work,Night,Medium,Low,High,Low,60
88.87,83.28,8.6,85,18,No,Hot Work,Evening,High,High,High,High,30
54.24,39.51,1.33,40,5,Yes,Normal,Night,Low,Low,Medium,Low,80
61.38,44.97,8.98,31,10,No,Confined Space,Night,Medium,Low,Medium,High,55
7.3,82.96,7.44,30,28,No,Confined Space,Night,Low,High,Low,Medium,50
91.87,91.98,6.96,38,1,Yes,Hot Work,Night,High,High,High,Medium,20
62.62,60.82,3.01,33,30,No,Confined Space,Night,Medium,Medium,Medium,Low,55
34.82,69.16,8.3,62,2,No,Hot Work,Night,Low,Medium,Low,High,60
40.09,62.1,8.86,20,4,No,Normal,Night,Low,Medium,Low,High,60
25.37,96.46,7.15,64,29,Yes,Confined Space,Morning,Low,High,Low,Medium,50
81.98,39.85,1.17,24,21,No,Hot Work,Morning,Medium,Low,High,Low,60
35.42,80.98,2.75,20,2,No,Hot Work,Morning,Low,High,Low,Low,80
85.25,56.45,1.48,75,3,No,Normal,Night,Medium,Low,High,Low,60
89.93,50.65,1.99,75,30,No,Confined Space,Evening,Medium,Low,High,Low,60
6.46,24.0,7.55,27,10,No,Normal,Night,Low,Low,Low,Medium,80
54.85,85.14,5.85,76,27,No,Normal,Evening,Low,High,Medium,Medium,60
29.63,39.49,9.85,32,18,No,Confined Space,Morning,Low,Low,Low,High,80
5.04,30.4,3.63,59,23,Yes,Normal,Morning,Low,Low,Low,Low,80
71.08,90.89,3.34,20,24,No,Normal,Evening,Medium,High,Medium,Low,55
6.03,54.59,8.78,30,18,Yes,Hot Work,Night,Low,Low,Low,High,60
79.81,31.62,3.28,73,10,No,Hot Work,Evening,Medium,Low,High,Low,85
33.42,87.86,8.63,62,6,Yes,Hot Work,Night,Low,High,Low,High,40
7.28,88.17,5.49,31,4,Yes,Hot Work,Morning,Low,High,Low,Medium,60
63.32,67.9,9.87,61,11,Yes,Normal,Night,Medium,Medium,Medium,High,35
88.92,81.17,5.38,24,11,Yes,Normal,Night,High,High,High,Medium,20
66.01,96.29,1.95,38,20,Yes,Hot Work,Night,Medium,High,Medium,Low,45
65.79,78.42,1.02,20,1,Yes,Hot Work,Morning,Medium,Medium,Medium,Low,65
27.45,21.68,2.06,20,15,No,Confined Space,Morning,Low,Low,Low,Low,100
95.5,31.61,8.12,67,15,Yes,Hot Work,Evening,Medium,Low,High,High,40
4.53,69.85,4.13,57,27,No,Normal,Morning,Low,Medium,Low,Low,80
90.08,97.84,4.35,31,17,Yes,Confined Space,Morning,High,High,High,Low,40
85.31,35.75,6.28,21,2,Yes,Confined Space,Morning,Medium,Low,High,Medium,50
46.11,21.89,3.26,78,27,No,Hot Work,Morning,Low,Low,Low,Low,90
3.86,20.45,5.1,55,30,Yes,Normal,Evening,Low,Low,Low,Medium,70
2.86,56.61,8.68,47,20,Yes,Confined Space,Night,Low,Low,Low,High,60
82.92,71.7,2.8,63,7,Yes,Hot Work,Night,High,Medium,High,Low,40
41.54,55.43,1.45,88,23,Yes,Normal,Night,Low,Low,Low,Low,70
81.79,35.76,3.97,32,4,No,Hot Work,Night,Medium,Low,High,Low,60
55.43,28.0,4.01,76,19,No,Normal,Morning,Low,Low,Medium,Low,100
50.22,67.04,6.91,69,28,No,Normal,Night,Low,Medium,Medium,Medium,60
38.11,47.64,4.44,61,19,Yes,Hot Work,Night,Low,Low,Low,Low,80
43.34,34.12,4.65,81,11,No,Normal,Night,Low,Low,Low,Low,90
16.56,61.08,6.75,46,22,Yes,Hot Work,Night,Low,Medium,Low,Medium,50
39.44,76.78,9.87,24,22,Yes,Hot Work,Night,Low,Medium,Low,High,40
85.34,91.06,4.95,59,20,Yes,Normal,Night,High,High,High,Low,30
95.34,55.3,5.95,61,29,No,Hot Work,Night,Medium,Low,High,Medium,40
69.05,57.51,3.96,26,19,No,Hot Work,Evening,Medium,Low,Medium,Low,85
71.5,48.89,9.08,50,3,No,Confined Space,Evening,Medium,Low,Medium,High,65
68.88,83.96,5.12,86,21,Yes,Normal,Morning,Medium,High,Medium,Medium,35
2.25,58.76,8.37,61,10,No,Confined Space,Evening,Low,Low,Low,High,80
5.88,35.86,9.79,78,1,Yes,Hot Work,Morning,Low,Low,Low,High,70
77.6,41.7,1.49,44,22,No,Confined Space,Night,Medium,Low,High,Low,65
84.02,33.25,8.44,45,15,Yes,Hot Work,Evening,Medium,Low,High,High,40
71.96,43.94,6.61,47,26,No,Confined Space,Evening,Medium,Low,Medium,Medium,65
74.8,45.76,6.23,79,14,No,Normal,Evening,Medium,Low,Medium,Medium,75
21.38,48.67,6.74,47,29,Yes,Hot Work,Night,Low,Low,Low,Medium,60
47.9,49.99,9.49,20,17,No,Hot Work,Night,Low,Low,Low,High,70
35.16,25.24,7.61,45,27,Yes,Hot Work,Evening,Low,Low,Low,Medium,70
43.92,23.19,9.38,79,11,No,Normal,Evening,Low,Low,Low,High,80
51.16,26.06,6.85,43,9,No,Normal,Night,Low,Low,Medium,Medium,80
89.26,28.84,8.0,58,23,Yes,Normal,Morning,Medium,Low,High,Medium,40
89.01,57.66,5.47,31,23,No,Confined Space,Evening,Medium,Low,High,Medium,50
28.03,63.82,1.51,58,1,Yes,Hot Work,Night,Low,Medium,Low,Low,70
82.34,56.13,1.97,42,27,Yes,Hot Work,Morning,Medium,Low,High,Low,50
38.84,96.38,9.92,45,9,Yes,Confined Space,Morning,Low,High,Low,High,50
51.51,20.52,9.73,55,9,No,Normal,Night,Low,Low,Medium,High,70
28.41,36.55,4.37,35,6,Yes,Normal,Evening,Low,Low,Low,Low,90
80.4,29.36,9.86,63,15,No,Normal,Evening,Medium,Low,High,High,50
53.28,72.58,2.34,58,16,No,Normal,Night,Low,Medium,Medium,Low,80
67.44,69.52,9.95,48,16,Yes,Hot Work,Evening,Medium,Medium,Medium,High,45
24.9,70.84,8.02,36,10,Yes,Confined Space,Evening,Low,Medium,Low,High,60
24.88,60.72,5.67,20,29,Yes,Confined Space,Night,Low,Medium,Low,Medium,50
32.68,55.98,3.24,48,18,Yes,Hot Work,Night,Low,Low,Low,Low,80
53.01,49.27,7.99,70,12,Yes,Normal,Morning,Low,Low,Medium,Medium,80
19.46,45.72,1.33,57,7,Yes,Normal,Evening,Low,Low,Low,Low,90
60.98,77.17,9.42,38,4,Yes,Confined Space,Evening,Medium,Medium,Medium,High,45
40.4,78.16,9.5,83,2,No,Hot Work,Morning,Low,Medium,Low,High,70
81.18,46.59,3.22,20,13,Yes,Hot Work,Evening,Medium,Low,High,Low,60
41.92,50.42,2.79,39,19,Yes,Hot Work,Night,Low,Low,Low,Low,80
55.68,80.13,5.94,67,13,Yes,Confined Space,Morning,Low,High,Medium,Medium,60
26.97,56.43,6.27,51,23,No,Hot Work,Night,Low,Low,Low,Medium,70
46.24,48.92,2.82,79,17,No,Hot Work,Morning,Low,Low,Low,Low,100
98.87,34.6,2.49,27,7,Yes,Normal,Morning,Medium,Low,High,Low,60
58.91,81.63,4.0,23,7,No,Normal,Morning,Low,High,Medium,Low,80
51.82,29.86,1.38,46,6,No,Normal,Morning,Low,Low,Medium,Low,100
69.5,26.02,4.36,54,28,Yes,Hot Work,Morning,Medium,Low,Medium,Low,65
80.66,45.9,8.03,57,30,No,Hot Work,Morning,Medium,Low,High,High,40
15.95,56.45,1.33,34,28,Yes,Confined Space,Night,Low,Low,Low,Low,70
97.94,24.05,4.76,71,18,No,Normal,Morning,Medium,Low,High,Low,70
57.02,65.34,2.19,69,8,No,Hot Work,Morning,Low,Medium,Medium,Low,90
59.32,40.29,3.65,27,20,No,Normal,Morning,Low,Low,Medium,Low,100
6.24,46.79,2.51,28,13,No,Hot Work,Evening,Low,Low,Low,Low,100
56.14,23.09,1.41,35,11,Yes,Hot Work,Night,Low,Low,Medium,Low,80
93.18,67.68,5.05,36,3,Yes,Hot Work,Evening,Medium,Medium,High,Medium,40
95.35,70.92,3.41,52,11,Yes,Confined Space,Morning,High,Medium,High,Low,50
31.13,93.42,3.41,87,1,No,Confined Space,Evening,Low,High,Low,Low,80
99.22,35.88,2.64,69,8,No,Confined Space,Evening,Medium,Low,High,Low,70
38.34,99.86,7.71,87,28,Yes,Hot Work,Night,Low,High,Low,Medium,40
15.62,54.47,3.56,39,7,No,Normal,Night,Low,Low,Low,Low,90
70.95,44.04,7.44,28,17,Yes,Normal,Morning,Medium,Low,Medium,Medium,65
63.19,59.12,5.28,62,30,Yes,Normal,Evening,Medium,Low,Medium,Medium,55
4.68,48.86,1.21,56,4,Yes,Normal,Night,Low,Low,Low,Low,80
14.63,52.05,7.54,39,9,Yes,Normal,Evening,Low,Low,Low,Medium,80
53.95,57.7,9.77,49,3,Yes,Hot Work,Morning,Low,Low,Medium,High,70
85.1,67.67,5.04,49,12,Yes,Normal,Evening,Medium,Medium,High,Medium,40
21.57,47.56,6.35,72,9,No,Normal,Morning,Low,Low,Low,Medium,90
14.45,94.87,4.66,47,4,No,Normal,Morning,Low,High,Low,Low,80
75.92,42.92,3.96,28,13,Yes,Normal,Night,Medium,Low,High,Low,65
0.02,71.97,5.99,90,2,No,Normal,Night,Low,Medium,Low,Medium,70
91.83,94.47,1.12,78,21,Yes,Hot Work,Evening,High,High,High,Low,30
3.06,62.89,8.58,37,15,No,Normal,Morning,Low,Medium,Low,High,70
75.21,97.82,4.09,85,4,Yes,Confined Space,Night,Medium,High,High,Low,45
6.24,34.6,3.83,43,29,Yes,Normal,Evening,Low,Low,Low,Low,80
73.0,61.76,3.72,67,6,Yes,Confined Space,Night,Medium,Medium,Medium,Low,55
3.26,93.31,5.73,50,21,No,Confined Space,Evening,Low,High,Low,Medium,60
74.99,88.44,5.83,38,7,Yes,Normal,Morning,Medium,High,Medium,Medium,45
17.46,96.24,6.08,69,26,Yes,Hot Work,Night,Low,High,Low,Medium,40
81.34,35.19,7.32,33,11,No,Hot Work,Night,Medium,Low,High,Medium,50
72.28,27.7,4.0,46,10,Yes,Confined Space,Morning,Medium,Low,Medium,Low,75
6.47,28.84,2.11,60,22,Yes,Normal,Morning,Low,Low,Low,Low,80
11.08,25.7,1.93,81,28,No,Hot Work,Night,Low,Low,Low,Low,80
42.88,43.91,3.8,85,21,No,Confined Space,Night,Low,Low,Low,Low,80
68.77,79.41,7.99,88,2,No,Normal,Night,Medium,Medium,Medium,Medium,55
94.65,99.27,1.47,40,17,No,Confined Space,Evening,High,High,High,Low,50
62.07,57.5,4.03,54,20,Yes,Normal,Night,Medium,Low,Medium,Low,65
7.64,50.34,4.47,44,11,Yes,Hot Work,Evening,Low,Low,Low,Low,90
32.18,46.58,9.64,68,5,Yes,Normal,Evening,Low,Low,Low,High,70
29.0,72.28,8.63,42,19,Yes,Normal,Night,Low,Medium,Low,High,50
19.03,44.97,2.69,25,3,No,Confined Space,Evening,Low,Low,Low,Low,100
51.62,92.24,7.53,53,5,No,Hot Work,Evening,Low,High,Medium,Medium,70
77.2,78.4,7.79,60,10,Yes,Normal,Night,Medium,Medium,High,Medium,45
49.37,84.76,5.77,68,2,Yes,Confined Space,Evening,Low,High,Low,Medium,60
54.54,30.16,1.76,67,2,No,Confined Space,Night,Low,Low,Medium,Low,90
72.97,53.35,6.68,49,16,No,Hot Work,Night,Medium,Low,Medium,Medium,65
4.1,72.48,5.56,59,5,No,Hot Work,Morning,Low,Medium,Low,Medium,80
21.72,34.75,2.56,21,12,No,Normal,Morning,Low,Low,Low,Low,100
35.84,78.01,7.96,52,9,Yes,Confined Space,Evening,Low,Medium,Low,Medium,70
27.0,68.42,3.89,52,15,No,Normal,Night,Low,Medium,Low,Low,80
23.95,80.62,8.0,50,1,Yes,Normal,Morning,Low,High,Low,Medium,60
71.65,42.16,9.34,72,2,No,Normal,Evening,Medium,Low,Medium,High,65
2.84,57.94,4.94,23,20,No,Hot Work,Evening,Low,Low,Low,Low,100
42.42,38.34,2.46,79,27,Yes,Confined Space,Evening,Low,Low,Low,Low,80
98.12,39.28,6.57,57,15,Yes,Normal,Night,Medium,Low,High,Medium,40
43.27,53.6,8.79,60,3,No,Normal,Morning,Low,Low,Low,High,80
12.46,37.37,3.94,64,3,Yes,Confined Space,Morning,Low,Low,Low,Low,90
68.46,72.82,4.32,67,4,Yes,Hot Work,Evening,Medium,Medium,Medium,Low,65
9.35,52.13,3.88,50,3,Yes,Confined Space,Night,Low,Low,Low,Low,80
53.76,41.48,5.13,38,16,No,Normal,Morning,Low,Low,Medium,Medium,90
87.2,22.57,3.42,86,11,No,Hot Work,Evening,Medium,Low,High,Low,70
57.44,51.65,8.33,43,10,No,Normal,Morning,Low,Low,Medium,High,80
22.14,49.73,2.66,59,20,Yes,Confined Space,Evening,Low,Low,Low,Low,90
51.27,68.62,6.53,56,7,Yes,Hot Work,Evening,Low,Medium,Medium,Medium,70
62.66,24.23,4.02,50,12,Yes,Normal,Evening,Medium,Low,Medium,Low,75
14.24,87.76,1.43,39,5,No,Normal,Morning,Low,High,Low,Low,80
0.79,32.11,1.87,53,16,Yes,Confined Space,Night,Low,Low,Low,Low,80
5.44,63.97,1.56,32,27,Yes,Hot Work,Night,Low,Medium,Low,Low,60
1.84,35.84,8.67,61,23,Yes,Hot Work,Morning,Low,Low,Low,High,60
48.49,60.9,2.0,78,24,No,Normal,Evening,Low,Medium,Low,Low,80
22.72,99.85,6.03,51,16,No,Hot Work,Night,Low,High,Low,Medium,60
70.24,82.55,2.12,84,26,Yes,Normal,Morning,Medium,High,Medium,Low,45
14.06,75.9,2.22,25,29,No,Confined Space,Evening,Low,Medium,Low,Low,80
67.05,72.59,6.14,76,26,No,Normal,Night,Medium,Medium,Medium,Medium,45
12.34,43.18,7.79,87,20,No,Hot Work,Evening,Low,Low,Low,Medium,90
7.77,57.89,1.62,53,8,Yes,Normal,Night,Low,Low,Low,Low,80
48.98,55.19,6.15,61,23,Yes,Confined Space,Morning,Low,Low,Low,Medium,70
36.27,79.81,4.39,81,6,No,Hot Work,Evening,Low,Medium,Low,Low,90
98.78,46.52,6.13,35,4,No,Hot Work,Night,Medium,Low,High,Medium,50
25.88,66.6,9.05,73,21,No,Hot Work,Morning,Low,Medium,Low,High,60
81.28,31.01,3.16,21,7,No,Normal,Evening,Medium,Low,High,Low,70
15.62,24.74,8.38,37,15,No,Confined Space,Night,Low,Low,Low,High,70
82.91,58.95,2.29,64,4,No,Hot Work,Morning,Medium,Low,High,Low,70
8.18,94.7,5.78,56,22,Yes,Hot Work,Night,Low,High,Low,Medium,40
17.42,82.18,7.99,76,20,Yes,Hot Work,Morning,Low,High,Low,Medium,60
12.12,68.74,4.83,56,3,No,Normal,Morning,Low,Medium,Low,Low,90
7.2,76.42,9.91,62,3,Yes,Hot Work,Evening,Low,Medium,Low,High,60
32.57,88.51,2.36,26,8,No,Hot Work,Evening,Low,High,Low,Low,80
24.3,74.98,5.57,57,27,Yes,Normal,Evening,Low,Medium,Low,Medium,60
25.83,62.54,9.43,45,30,Yes,Normal,Night,Low,Medium,Low,High,40
13.01,72.81,4.78,46,21,No,Hot Work,Morning,Low,Medium,Low,Low,80
84.48,70.11,3.38,65,28,Yes,Normal,Evening,High,Medium,High,Low,40
53.04,48.69,5.73,32,22,Yes,Hot Work,Morning,Low,Low,Medium,Medium,70
0.23,70.92,6.79,30,13,No,Confined Space,Evening,Low,Medium,Low,Medium,80
52.55,38.86,4.6,83,20,No,Normal,Evening,Low,Low,Medium,Low,100
89.23,67.65,6.69,31,18,Yes,Confined Space,Evening,Medium,Medium,High,Medium,40
67.74,74.87,9.86,24,26,No,Confined Space,Night,Medium,Medium,Medium,High,35
71.2,20.58,9.68,75,2,Yes,Hot Work,Evening,Medium,Low,Medium,High,55
25.27,49.07,7.56,25,16,No,Confined Space,Evening,Low,Low,Low,Medium,90
87.47,42.38,5.09,53,16,No,Confined Space,Night,Medium,Low,High,Medium,50
0.25,94.08,8.89,50,16,No,Confined Space,Night,Low,High,Low,High,50
0.15,85.5,8.11,45,15,No,Hot Work,Morning,Low,High,Low,High,60
30.96,58.35,5.8,80,15,No,Hot Work,Evening,Low,Low,Low,Medium,90
98.32,98.21,6.4,80,14,Yes,Normal,Morning,High,High,High,Medium,30
26.63,94.04,4.47,26,18,Yes,Normal,Morning,Low,High,Low,Low,70
75.97,37.79,7.31,41,25,No,Confined Space,Evening,Medium,Low,High,Medium,65
9.73,63.74,4.29,38,20,No,Confined Space,Evening,Low,Medium,Low,Low,90
66.84,55.56,3.07,83,26,No,Hot Work,Night,Medium,Low,Medium,Low,65
12.74,53.65,1.7,35,18,Yes,Confined Space,Evening,Low,Low,Low,Low,90
61.65,40.95,6.1,88,23,Yes,Normal,Evening,Medium,Low,Medium,Medium,55
37.09,66.44,2.02,32,2,Yes,Hot Work,Evening,Low,Medium,Low,Low,80
76.58,71.92,3.33,37,17,No,Hot Work,Morning,Medium,Medium,High,Low,75
29.15,60.97,8.26,76,21,Yes,Hot Work,Morning,Low,Medium,Low,High,50
38.41,24.69,2.36,76,27,No,Confined Space,Morning,Low,Low,Low,Low,90
30.67,46.45,7.52,29,25,No,Confined Space,Night,Low,Low,Low,Medium,70
17.71,55.65,3.8,32,1,Yes,Confined Space,Night,Low,Low,Low,Low,80
4.29,50.93,8.98,27,11,No,Normal,Evening,Low,Low,Low,High,80
54.32,49.03,6.65,31,30,Yes,Normal,Morning,Low,Low,Medium,Medium,70
61.86,65.14,8.81,63,22,Yes,Normal,Night,Medium,Medium,Medium,High,25
76.53,71.72,4.22,79,21,No,Normal,Evening,Medium,Medium,High,Low,65
43.9,83.13,5.47,36,13,Yes,Normal,Evening,Low,High,Low,Medium,60
97.6,42.56,3.88,26,8,Yes,Normal,Morning,Medium,Low,High,Low,60
4.87,30.26,7.77,76,17,Yes,Normal,Morning,Low,Low,Low,Medium,80
1.57,44.86,5.93,74,22,Yes,Confined Space,Evening,Low,Low,Low,Medium,70
32.29,36.24,9.62,86,23,No,Normal,Night,Low,Low,Low,High,60
72.69,44.28,8.5,87,20,No,Confined Space,Evening,Medium,Low,Medium,High,65
5.6,38.09,7.33,23,26,No,Hot Work,Evening,Low,Low,Low,Medium,80
49.82,89.25,5.85,68,25,No,Hot Work,Morning,Low,High,Low,Medium,60
62.13,20.46,7.25,63,22,Yes,Confined Space,Evening,Medium,Low,Medium,Medium,55
94.18,27.72,5.09,47,16,No,Normal,Evening,Medium,Low,High,Medium,60
9.08,36.85,3.12,24,1,Yes,Normal,Night,Low,Low,Low,Low,80
35.2,38.0,3.82,80,16,No,Confined Space,Evening,Low,Low,Low,Low,100
21.36,69.06,4.57,58,19,Yes,Confined Space,Night,Low,Medium,Low,Low,70
65.97,58.57,5.8,30,4,No,Hot Work,Evening,Medium,Low,Medium,Medium,75
11.19,37.07,9.87,33,28,No,Hot Work,Morning,Low,Low,Low,High,70
3.8,72.65,6.66,45,28,No,Hot Work,Morning,Low,Medium,Low,Medium,70
63.86,51.59,9.5,44,12,No,Confined Space,Evening,Medium,Low,Medium,High,65
87.64,63.15,8.85,56,12,No,Normal,Morning,Medium,Medium,High,High,40
30.76,49.88,6.45,48,7,No,Normal,Evening,Low,Low,Low,Medium,90
9.63,27.37,5.82,67,20,Yes,Confined Space,Evening,Low,Low,Low,Medium,80
72.58,57.92,8.35,61,5,No,Hot Work,Night,Medium,Low,Medium,High,55
65.55,31.53,6.59,21,4,No,Normal,Morning,Medium,Low,Medium,Medium,75
82.37,35.33,5.87,25,25,Yes,Confined Space,Evening,Medium,Low,High,Medium,40
4.96,36.06,1.48,63,26,Yes,Normal,Night,Low,Low,Low,Low,70
51.97,69.99,5.98,89,24,No,Confined Space,Evening,Low,Medium,Medium,Medium,70
22.58,34.46,9.31,40,2,Yes,Normal,Morning,Low,Low,Low,High,70
81.37,57.51,2.99,67,28,Yes,Hot Work,Night,Medium,Low,High,Low,40
94.5,49.25,7.46,83,22,No,Confined Space,Morning,Medium,Low,High,Medium,50
17.01,61.02,9.94,85,30,Yes,Confined Space,Night,Low,Medium,Low,High,40
51.77,37.2,9.27,55,7,No,Normal,Evening,Low,Low,Medium,High,80
94.84,49.19,5.52,72,15,Yes,Confined Space,Morning,Medium,Low,High,Medium,50
29.8,45.6,9.44,70,16,Yes,Confined Space,Morning,Low,Low,Low,High,70
47.44,89.72,8.33,41,18,Yes,Normal,Night,Low,High,Low,High,40
83.51,50.97,9.69,27,6,Yes,Normal,Morning,Medium,Low,High,High,40
13.56,33.42,3.5,32,7,No,Confined Space,Morning,Low,Low,Low,Low,100
4.99,29.1,9.9,75,3,Yes,Hot Work,Morning,Low,Low,Low,High,70
70.97,32.76,7.33,26,30,No,Normal,Morning,Medium,Low,Medium,Medium,65
19.69,44.6,5.09,77,22,No,Normal,Night,Low,Low,Low,Medium,70
87.28,44.3,8.01,52,12,No,Confined Space,Night,Medium,Low,High,High,40
87.28,68.86,5.91,51,1,No,Confined Space,Morning,Medium,Medium,High,Medium,50
8.72,39.33,6.62,21,14,Yes,Hot Work,Evening,Low,Low,Low,Medium,80
4.47,30.35,9.6,59,23,Yes,Confined Space,Morning,Low,Low,Low,High,60
88.6,21.98,7.89,79,28,No,Confined Space,Night,Medium,Low,High,Medium,40
64.64,45.33,4.24,36,6,No,Normal,Night,Medium,Low,Medium,Low,75
28.92,81.74,8.47,52,30,Yes,Confined Space,Morning,Low,High,Low,High,40
58.01,99.28,8.27,50,3,Yes,Normal,Evening,Low,High,Medium,High,50
69.03,98.94,3.82,45,13,No,Hot Work,Morning,Medium,High,Medium,Low,65
30.81,53.86,8.15,25,2,No,Normal,Morning,Low,Low,Low,High,80
65.24,31.21,4.86,53,26,No,Confined Space,Night,Medium,Low,Medium,Low,65
8.36,70.38,6.18,69,14,No,Confined Space,Morning,Low,Medium,Low,Medium,80
57.98,42.77,1.96,57,29,No,Normal,Night,Low,Low,Medium,Low,80
64.89,70.28,2.18,44,18,Yes,Hot Work,Evening,Medium,Medium,Medium,Low,65
5.21,76.13,4.7,33,18,Yes,Hot Work,Morning,Low,Medium,Low,Low,80
64.48,69.86,4.7,85,23,Yes,Hot Work,Evening,Medium,Medium,Medium,Low,55
70.58,23.09,6.83,70,1,No,Normal,Evening,Medium,Low,Medium,Medium,75
42.43,29.12,9.67,61,18,Yes,Hot Work,Evening,Low,Low,Low,High,70
60.88,63.13,3.21,34,3,No,Hot Work,Night,Medium,Medium,Medium,Low,65
55.42,89.5,6.38,23,28,Yes,Normal,Morning,Low,High,Medium,Medium,50
84.67,64.08,6.08,27,27,No,Normal,Morning,Medium,Medium,High,Medium,40
28.29,61.93,6.92,83,30,No,Hot Work,Morning,Low,Medium,Low,Medium,70
59.13,97.43,6.05,55,9,Yes,Normal,Morning,Low,High,Medium,Medium,60
43.64,36.42,5.32,74,3,Yes,Confined Space,Morning,Low,Low,Low,Medium,80
60.68,62.32,3.31,44,6,No,Confined Space,Night,Medium,Medium,Medium,Low,65
16.49,22.78,4.24,35,28,Yes,Hot Work,Morning,Low,Low,Low,Low,80
93.5,56.69,8.38,32,15,No,Hot Work,Night,Medium,Low,High,High,40
3.56,90.43,1.6,63,30,No,Hot Work,Evening,Low,High,Low,Low,70
56.16,99.7,8.47,57,12,No,Confined Space,Evening,Low,High,Medium,High,60
67.54,40.5,4.7,21,19,No,Hot Work,Night,Medium,Low,Medium,Low,75
74.2,36.6,1.05,59,2,No,Hot Work,Night,Medium,Low,Medium,Low,75
0.43,56.98,1.28,56,19,No,Confined Space,Morning,Low,Low,Low,Low,100
91.63,33.42,1.18,44,28,No,Confined Space,Morning,Medium,Low,High,Low,60
57.04,56.37,1.05,34,27,Yes,Confined Space,Evening,Low,Low,Medium,Low,80
7.75,35.82,6.46,66,2,No,Confined Space,Morning,Low,Low,Low,Medium,90
25.98,85.54,2.27,69,27,No,Confined Space,Morning,Low,High,Low,Low,70
55.83,74.21,1.54,34,20,No,Normal,Evening,Low,Medium,Medium,Low,90
55.44,78.43,4.33,54,15,Yes,Confined Space,Evening,Low,Medium,Medium,Low,80
68.16,91.82,3.41,73,22,No,Normal,Night,Medium,High,Medium,Low,45
17.28,60.51,4.41,64,19,Yes,Hot Work,Morning,Low,Medium,Low,Low,80
63.68,88.72,5.26,45,23,Yes,Confined Space,Morning,Medium,High,Medium,Medium,35
56.21,97.92,5.55,40,17,No,Hot Work,Evening,Low,High,Medium,Medium,70
47.78,66.03,5.27,26,8,Yes,Confined Space,Morning,Low,Medium,Low,Medium,70
37.98,74.25,3.34,58,28,Yes,Hot Work,Evening,Low,Medium,Low,Low,70
84.83,31.45,4.15,73,17,No,Confined Space,Evening,Medium,Low,High,Low,70
70.82,81.76,6.13,81,8,Yes,Hot Work,Evening,Medium,High,Medium,Medium,45
47.0,62.4,3.46,22,18,No,Hot Work,Evening,Low,Medium,Low,Low,90
58.81,97.84,4.72,30,7,No,Normal,Night,Low,High,Medium,Low,70
54.92,72.09,8.95,68,7,No,Normal,Evening,Low,Medium,Medium,High,70
49.74,96.96,9.6,21,8,No,Normal,Morning,Low,High,Low,High,60
98.23,64.43,7.15,56,30,No,Hot Work,Evening,Medium,Medium,High,Medium,40
62.76,82.72,6.18,90,27,Yes,Normal,Morning,Medium,High,Medium,Medium,35
20.44,30.8,6.9,25,16,Yes,Hot Work,Morning,Low,Low,Low,Medium,80
85.42,87.51,2.72,45,10,No,Hot Work,Morning,High,High,High,Low,50
82.92,77.13,1.26,48,8,Yes,Normal,Night,High,Medium,High,Low,40
40.12,94.57,3.64,87,19,No,Hot Work,Evening,Low,High,Low,Low,80
32.34,78.19,5.72,26,25,Yes,Confined Space,Night,Low,Medium,Low,Medium,50
55.61,78.83,1.49,87,7,Yes,Normal,Morning,Low,Medium,Medium,Low,80
2.68,67.18,4.5,39,15,Yes,Confined Space,Night,Low,Medium,Low,Low,70
73.11,61.98,2.96,42,26,No,Hot Work,Night,Medium,Medium,Medium,Low,55
82.82,43.29,6.97,26,28,Yes,Confined Space,Night,Medium,Low,High,Medium,30
59.2,27.6,9.81,41,18,No,Confined Space,Morning,Low,Low,Medium,High,80
95.81,74.3,1.96,47,5,No,Hot Work,Morning,High,Medium,High,Low,60
85.05,96.67,2.19,50,27,Yes,Hot Work,Evening,High,High,High,Low,30
19.55,61.77,4.17,77,28,No,Confined Space,Evening,Low,Medium,Low,Low,80
26.52,80.16,9.9,48,18,No,Confined Space,Evening,Low,High,Low,High,60
22.28,57.49,8.02,38,29,Yes,Confined Space,Evening,Low,Low,Low,High,60
2.34,66.91,2.73,29,10,Yes,Normal,Evening,Low,Medium,Low,Low,80
65.01,81.56,9.2,60,21,Yes,Confined Space,Evening,Medium,High,Medium,High,25
80.2,73.82,8.36,28,28,No,Confined Space,Morning,High,Medium,High,High,30
14.41,81.1,3.67,64,8,No,Confined Space,Morning,Low,High,Low,Low,80
1.82,91.63,9.89,33,26,Yes,Hot Work,Morning,Low,High,Low,High,40
38.09,90.46,8.58,82,20,Yes,Confined Space,Night,Low,High,Low,High,40
45.91,22.41,7.35,87,27,Yes,Hot Work,Evening,Low,Low,Low,Medium,70
57.91,48.81,1.42,77,19,Yes,Hot Work,Night,Low,Low,Medium,Low,80
0.95,50.74,9.41,55,21,Yes,Confined Space,Morning,Low,Low,Low,High,60
41.31,52.52,9.36,55,11,Yes,Normal,Evening,Low,Low,Low,High,70
57.06,20.48,4.55,77,28,No,Normal,Evening,Low,Low,Medium,Low,90
20.12,59.69,5.91,86,23,No,Confined Space,Morning,Low,Low,Low,Medium,80
99.2,75.01,4.44,76,1,Yes,Confined Space,Night,High,Medium,High,Low,40
60.89,24.06,8.3,44,15,Yes,Hot Work,Night,Medium,Low,Medium,High,45
70.88,72.58,4.13,32,14,Yes,Hot Work,Evening,Medium,Medium,Medium,Low,65
16.11,32.66,4.72,58,20,Yes,Confined Space,Morning,Low,Low,Low,Low,90
28.39,55.96,3.68,87,27,Yes,Normal,Morning,Low,Low,Low,Low,80
50.85,76.07,2.8,31,3,Yes,Confined Space,Evening,Low,Medium,Medium,Low,80
59.67,87.41,2.95,28,15,No,Confined Space,Evening,Low,High,Medium,Low,80
44.81,44.77,6.03,30,25,Yes,Confined Space,Morning,Low,Low,Low,Medium,70
12.34,38.8,6.56,88,21,No,Hot Work,Evening,Low,Low,Low,Medium,80
97.07,98.31,6.49,70,5,No,Normal,Evening,High,High,High,Medium,40
88.37,48.72,3.12,43,29,No,Hot Work,Evening,Medium,Low,High,Low,60
28.58,47.63,7.09,39,8,Yes,Normal,Night,Low,Low,Low,Medium,70
78.97,58.94,1.06,61,26,No,Hot Work,Night,Medium,Low,High,Low,65
17.19,96.52,7.21,33,20,Yes,Hot Work,Evening,Low,High,Low,Medium,60
27.84,86.1,8.02,56,16,No,Hot Work,Evening,Low,High,Low,High,60
65.04,46.92,4.64,55,24,No,Hot Work,Evening,Medium,Low,Medium,Low,75
38.3,45.94,8.39,52,4,No,Confined Space,Evening,Low,Low,Low,High,80
11.06,97.62,8.85,27,27,Yes,Confined Space,Night,Low,High,Low,High,30
27.23,86.09,4.63,51,20,No,Hot Work,Evening,Low,High,Low,Low,80
83.3,34.15,5.54,39,23,Yes,Confined Space,Morning,Medium,Low,High,Medium,40
8.6,77.77,4.46,89,8,No,Normal,Night,Low,Medium,Low,Low,80
19.58,35.76,5.41,80,24,No,Hot Work,Morning,Low,Low,Low,Medium,80
24.06,24.72,6.0,85,12,No,Hot Work,Night,Low,Low,Low,Medium,80
13.79,47.34,2.85,83,23,No,Normal,Evening,Low,Low,Low,Low,90
29.7,22.95,5.28,86,20,Yes,Hot Work,Evening,Low,Low,Low,Medium,80
59.86,91.41,3.79,37,30,No,Confined Space,Night,Low,High,Medium,Low,60
10.74,43.52,2.47,88,22,Yes,Confined Space,Night,Low,Low,Low,Low,70
51.14,31.72,3.27,85,8,No,Normal,Evening,Low,Low,Medium,Low,100
77.45,85.66,9.78,52,3,Yes,Normal,Evening,Medium,High,High,High,35
81.47,62.91,3.89,70,14,No,Confined Space,Evening,Medium,Medium,High,Low,60
21.52,66.02,2.15,27,16,No,Confined Space,Night,Low,Medium,Low,Low,80
32.83,57.24,1.64,51,10,No,Hot Work,Morning,Low,Low,Low,Low,100
15.79,85.54,6.97,47,2,No,Normal,Night,Low,High,Low,Medium,60
38.81,75.26,9.57,57,27,Yes,Confined Space,Morning,Low,Medium,Low,High,50
25.58,98.14,8.6,24,23,Yes,Normal,Morning,Low,High,Low,High,40
71.6,84.15,9.36,77,28,Yes,Confined Space,Evening,Medium,High,Medium,High,25
46.52,58.17,3.17,62,8,Yes,Hot Work,Morning,Low,Low,Low,Low,90
55.98,45.31,6.24,24,7,No,Confined Space,Evening,Low,Low,Medium,Medium,90
78.35,87.84,5.62,56,28,Yes,Normal,Morning,Medium,High,High,Medium,35
12.32,29.89,2.27,82,13,Yes,Hot Work,Evening,Low,Low,Low,Low,90
5.15,82.25,7.45,83,8,Yes,Hot Work,Night,Low,High,Low,Medium,50
47.81,68.81,6.12,57,23,Yes,Normal,Evening,Low,Medium,Low,Medium,60
12.93,99.33,7.82,42,28,Yes,Hot Work,Evening,Low,High,Low,Medium,50
65.13,78.8,1.2,65,8,Yes,Confined Space,Evening,Medium,Medium,Medium,Low,65
38.84,28.92,6.41,50,22,Yes,Normal,Morning,Low,Low,Low,Medium,70
42.34,64.04,2.59,54,5,Yes,Hot Work,Night,Low,Medium,Low,Low,70
49.95,74.8,1.5,22,29,Yes,Confined Space,Night,Low,Medium,Low,Low,60
74.42,74.2,4.86,80,10,No,Normal,Evening,Medium,Medium,Medium,Low,75
36.69,25.62,6.16,52,17,Yes,Confined Space,Night,Low,Low,Low,Medium,70
56.54,76.68,1.98,69,30,Yes,Confined Space,Night,Low,Medium,Medium,Low,60
97.52,86.04,5.87,24,26,Yes,Normal,Night,High,High,High,Medium,10
42.35,66.4,6.46,69,17,Yes,Confined Space,Morning,Low,Medium,Low,Medium,70
11.15,20.24,4.9,84,24,No,Confined Space,Morning,Low,Low,Low,Low,90
30.41,56.13,9.06,42,19,Yes,Confined Space,Morning,Low,Low,Low,High,70
86.02,84.6,1.03,67,30,Yes,Confined Space,Evening,High,High,High,Low,30
99.63,83.45,1.98,78,18,Yes,Hot Work,Night,High,High,High,Low,30
78.64,71.95,9.47,28,6,Yes,Normal,Evening,Medium,Medium,High,High,45
40.57,86.17,1.36,70,22,Yes,Confined Space,Night,Low,High,Low,Low,50
52.92,60.94,7.65,45,7,Yes,Normal,Night,Low,Medium,Medium,Medium,60
84.58,35.28,6.61,56,9,No,Hot Work,Morning,Medium,Low,High,Medium,60
55.62,35.22,7.64,27,9,Yes,Hot Work,Night,Low,Low,Medium,Medium,70
11.05,50.16,4.41,30,1,No,Confined Space,Night,Low,Low,Low,Low,90
95.74,88.95,9.23,57,10,Yes,Hot Work,Evening,High,High,High,High,20
49.44,83.4,3.0,69,15,No,Hot Work,Evening,Low,High,Low,Low,80
70.11,56.72,2.7,67,27,No,Confined Space,Morning,Medium,Low,Medium,Low,75
65.2,59.7,9.6,21,11,Yes,Hot Work,Evening,Medium,Low,Medium,High,55
11.35,67.62,4.08,34,16,No,Confined Space,Evening,Low,Medium,Low,Low,90
55.04,68.21,7.22,71,1,Yes,Normal,Evening,Low,Medium,Medium,Medium,70
96.55,35.78,8.08,42,30,Yes,Normal,Evening,Medium,Low,High,High,30
41.28,42.63,3.29,21,19,Yes,Hot Work,Evening,Low,Low,Low,Low,90
95.63,70.13,8.69,40,23,No,Hot Work,Morning,High,Medium,High,High,30
30.27,54.32,2.99,74,28,No,Hot Work,Evening,Low,Low,Low,Low,90
69.1,85.94,8.03,31,5,Yes,Hot Work,Morning,Medium,High,Medium,High,35
58.92,91.72,9.56,41,7,Yes,Normal,Night,Low,High,Medium,High,40
36.95,26.13,7.59,67,21,No,Normal,Morning,Low,Low,Low,Medium,80
54.1,22.82,1.93,54,9,Yes,Hot Work,Evening,Low,Low,Medium,Low,90
22.25,88.89,9.28,21,27,No,Confined Space,Morning,Low,High,Low,High,50
64.07,87.06,2.22,57,27,Yes,Confined Space,Night,Medium,High,Medium,Low,35
9.61,80.44,3.97,88,26,No,Normal,Morning,Low,High,Low,Low,70
21.69,57.88,7.46,86,20,Yes,Confined Space,Morning,Low,Low,Low,Medium,80
58.92,47.06,9.19,84,30,Yes,Confined Space,Night,Low,Low,Medium,High,50
37.82,87.79,3.63,71,5,Yes,Normal,Morning,Low,High,Low,Low,70
98.58,36.67,8.02,88,27,No,Confined Space,Evening,Medium,Low,High,High,40
53.25,89.53,5.44,70,25,No,Confined Space,Morning,Low,High,Medium,Medium,60
36.1,55.47,6.12,81,21,No,Confined Space,Morning,Low,Low,Low,Medium,80
81.3,71.67,1.31,58,24,No,Hot Work,Night,High,Medium,High,Low,40
27.47,22.36,7.21,86,6,Yes,Confined Space,Evening,Low,Low,Low,Medium,80
79.93,64.78,9.17,38,18,No,Hot Work,Morning,Medium,Medium,High,High,55
77.76,29.99,7.82,42,29,Yes,Normal,Night,Medium,Low,High,Medium,45
63.5,38.38,8.73,47,16,No,Normal,Night,Medium,Low,Medium,High,55
9.81,36.92,8.03,56,22,No,Confined Space,Morning,Low,Low,Low,High,70
56.36,61.14,4.93,60,7,Yes,Normal,Evening,Low,Medium,Medium,Low,80
58.47,34.12,2.08,34,23,Yes,Confined Space,Night,Low,Low,Medium,Low,70
74.06,96.02,6.09,76,17,No,Normal,Morning,Medium,High,Medium,Medium,55
43.14,27.45,9.72,75,16,Yes,Confined Space,Night,Low,Low,Low,High,60
32.35,32.3,1.85,35,22,No,Confined Space,Morning,Low,Low,Low,Low,90
50.92,34.67,2.17,60,22,No,Normal,Evening,Low,Low,Medium,Low,90
91.86,57.34,1.68,74,22,Yes,Confined Space,Evening,Medium,Low,High,Low,50
62.98,36.73,4.61,36,22,Yes,Hot Work,Night,Medium,Low,Medium,Low,55
41.79,53.72,2.69,47,13,No,Normal,Morning,Low,Low,Low,Low,100
9.5,51.59,3.69,79,13,Yes,Normal,Night,Low,Low,Low,Low,80
19.79,37.59,9.87,64,27,No,Normal,Morning,Low,Low,Low,High,70
56.7,88.17,1.57,42,17,No,Confined Space,Morning,Low,High,Medium,Low,80
60.11,98.0,1.41,22,21,Yes,Hot Work,Evening,Medium,High,Medium,Low,45
63.48,33.45,7.93,76,22,No,Confined Space,Morning,Medium,Low,Medium,Medium,65
98.95,64.81,1.64,48,14,No,Normal,Evening,Medium,Medium,High,Low,60
33.12,91.02,1.08,68,22,Yes,Hot Work,Evening,Low,High,Low,Low,60
14.74,97.69,2.77,82,29,No,Hot Work,Evening,Low,High,Low,Low,70
77.02,83.61,7.08,52,17,No,Normal,Evening,Medium,High,High,Medium,55
74.48,20.24,5.63,58,9,Yes,Normal,Night,Medium,Low,Medium,Medium,55
70.08,94.96,6.85,89,12,Yes,Normal,Evening,Medium,High,Medium,Medium,45
4.46,70.31,9.1,86,30,No,Normal,Morning,Low,Medium,Low,High,60
18.7,62.4,2.66,71,10,Yes,Confined Space,Evening,Low,Medium,Low,Low,80
95.55,44.64,2.39,84,3,Yes,Hot Work,Night,Medium,Low,High,Low,50
25.61,65.49,5.73,82,10,Yes,Normal,Evening,Low,Medium,Low,Medium,70
7.36,88.52,7.28,48,17,No,Hot Work,Evening,Low,High,Low,Medium,70
55.01,84.27,7.48,33,8,No,Confined Space,Morning,Low,High,Medium,Medium,70
68.05,20.25,8.24,79,15,Yes,Hot Work,Night,Medium,Low,Medium,High,45
66.22,99.1,7.32,25,13,No,Hot Work,Morning,Medium,High,Medium,Medium,55
12.22,72.1,6.93,22,29,Yes,Hot Work,Evening,Low,Medium,Low,Medium,60
26.29,64.93,5.68,24,24,Yes,Hot Work,Night,Low,Medium,Low,Medium,50
54.24,38.63,2.28,68,26,Yes,Hot Work,Evening,Low,Low,Medium,Low,80
55.08,21.75,7.79,32,30,No,Confined Space,Night,Low,Low,Medium,Medium,70
99.06,73.11,4.36,44,28,No,Confined Space,Morning,High,Medium,High,Low,50
39.39,24.56,9.19,87,21,Yes,Confined Space,Night,Low,Low,Low,High,50
81.19,98.92,5.26,84,24,Yes,Normal,Evening,High,High,High,Medium,20
36.55,99.01,1.78,22,22,Yes,Hot Work,Evening,Low,High,Low,Low,60
2.59,57.74,1.51,50,4,Yes,Confined Space,Morning,Low,Low,Low,Low,90
16.72,71.65,4.68,34,29,Yes,Confined Space,Morning,Low,Medium,Low,Low,70
0.2,32.17,1.44,22,8,No,Normal,Evening,Low,Low,Low,Low,100
78.7,27.25,1.43,89,8,No,Hot Work,Morning,Medium,Low,High,Low,85
82.79,69.5,6.44,30,28,No,Normal,Evening,Medium,Medium,High,Medium,40
70.68,60.27,6.75,57,9,No,Hot Work,Evening,Medium,Medium,Medium,Medium,65
47.63,40.46,9.65,81,1,No,Confined Space,Morning,Low,Low,Low,High,80
52.13,95.9,1.34,74,3,No,Hot Work,Morning,Low,High,Medium,Low,80
26.0,89.12,8.3,28,29,Yes,Hot Work,Morning,Low,High,Low,High,40
97.05,54.65,6.81,61,2,Yes,Confined Space,Night,Medium,Low,High,Medium,40
67.41,98.38,4.86,76,9,No,Confined Space,Night,Medium,High,Medium,Low,55
10.81,91.63,9.54,48,10,No,Confined Space,Evening,Low,High,Low,High,60
93.33,66.98,2.21,87,20,Yes,Hot Work,Morning,Medium,Medium,High,Low,50
63.23,93.23,4.37,56,9,Yes,Confined Space,Morning,Medium,High,Medium,Low,55
22.32,57.26,9.83,55,5,Yes,Hot Work,Evening,Low,Low,Low,High,70
12.72,68.29,2.79,36,4,No,Hot Work,Morning,Low,Medium,Low,Low,90
92.3,37.74,5.06,22,12,No,Normal,Morning,Medium,Low,High,Medium,60
3.73,88.21,1.67,84,25,Yes,Confined Space,Night,Low,High,Low,Low,50
30.38,27.52,3.29,35,3,Yes,Confined Space,Morning,Low,Low,Low,Low,90
6.66,73.24,1.88,33,7,No,Normal,Night,Low,Medium,Low,Low,80
48.04,34.26,2.28,74,15,Yes,Confined Space,Night,Low,Low,Low,Low,80
77.2,58.2,4.99,56,20,Yes,Normal,Evening,Medium,Low,High,Low,75
73.82,48.8,9.85,41,9,No,Normal,Evening,Medium,Low,Medium,High,65
33.32,37.32,1.48,86,27,Yes,Confined Space,Evening,Low,Low,Low,Low,80
76.53,54.76,8.73,23,27,No,Hot Work,Evening,Medium,Low,High,High,55
71.87,50.2,6.81,49,26,No,Hot Work,Night,Medium,Low,Medium,Medium,55
31.66,78.13,7.19,50,18,Yes,Hot Work,Morning,Low,Medium,Low,Medium,70
79.63,37.79,7.53,33,11,Yes,Confined Space,Morning,Medium,Low,High,Medium,65
19.12,94.76,4.98,64,5,No,Normal,Evening,Low,High,Low,Low,80
70.44,28.3,2.71,36,13,Yes,Hot Work,Evening,Medium,Low,Medium,Low,75
28.14,37.14,2.99,47,24,No,Normal,Morning,Low,Low,Low,Low,90
71.05,78.13,6.06,79,28,No,Confined Space,Night,Medium,Medium,Medium,Medium,45
28.64,33.33,9.86,77,8,No,Hot Work,Night,Low,Low,Low,High,70
45.38,78.39,5.83,41,18,No,Confined Space,Night,Low,Medium,Low,Medium,70
83.83,57.31,5.15,42,13,No,Hot Work,Evening,Medium,Low,High,Medium,60
11.35,24.38,4.48,82,7,No,Hot Work,Evening,Low,Low,Low,Low,100
1.52,41.72,8.24,35,9,No,Confined Space,Night,Low,Low,Low,High,70
62.15,53.81,2.23,40,26,No,Normal,Evening,Medium,Low,Medium,Low,75
95.58,22.67,7.51,46,26,Yes,Normal,Evening,Medium,Low,High,Medium,40
86.32,65.65,3.24,20,13,Yes,Confined Space,Evening,Medium,Medium,High,Low,50
87.19,63.73,9.07,75,17,No,Normal,Night,Medium,Medium,High,High,30
63.14,93.19,2.35,79,10,No,Confined Space,Evening,Medium,High,Medium,Low,65
36.83,22.49,8.43,56,26,No,Normal,Night,Low,Low,Low,High,60
60.12,76.71,5.61,45,2,Yes,Confined Space,Evening,Medium,Medium,Medium,Medium,55
35.32,99.47,1.22,69,19,No,Confined Space,Evening,Low,High,Low,Low,80
16.66,42.75,5.93,55,14,Yes,Normal,Evening,Low,Low,Low,Medium,80
17.3,29.92,5.71,89,1,No,Normal,Night,Low,Low,Low,Medium,80
92.5,75.09,8.41,89,17,Yes,Normal,Evening,High,Medium,High,High,30
70.17,59.4,4.35,73,8,Yes,Normal,Evening,Medium,Low,Medium,Low,75
98.04,97.72,1.01,44,18,Yes,Normal,Evening,High,High,High,Low,40
69.98,67.96,6.74,39,3,Yes,Normal,Evening,Medium,Medium,Medium,Medium,55
38.86,70.68,2.94,42,12,No,Normal,Evening,Low,Medium,Low,Low,90
23.28,37.2,9.11,33,14,No,Normal,Morning,Low,Low,Low,High,80
41.45,85.9,4.19,83,11,No,Normal,Evening,Low,High,Low,Low,80
79.78,49.65,1.74,74,26,No,Normal,Night,Medium,Low,High,Low,65
24.36,41.8,5.37,72,10,Yes,Hot Work,Evening,Low,Low,Low,Medium,80
24.36,84.26,5.76,34,24,No,Confined Space,Evening,Low,High,Low,Medium,60
62.86,75.84,1.29,28,23,No,Normal,Morning,Medium,Medium,Medium,Low,65
46.32,59.65,3.99,25,26,Yes,Hot Work,Morning,Low,Low,Low,Low,80
81.79,30.96,1.41,23,15,No,Hot Work,Night,Medium,Low,High,Low,60
91.44,66.44,9.75,53,3,Yes,Normal,Evening,Medium,Medium,High,High,30
98.43,44.97,2.47,46,20,No,Confined Space,Evening,Medium,Low,High,Low,70
13.57,87.86,5.39,60,21,Yes,Hot Work,Morning,Low,High,Low,Medium,50
94.11,86.66,3.08,35,15,No,Normal,Evening,High,High,High,Low,50
57.73,52.68,7.64,24,5,No,Hot Work,Evening,Low,Low,Medium,Medium,90
62.04,27.13,4.43,58,28,Yes,Normal,Morning,Medium,Low,Medium,Low,65
12.01,79.61,7.85,76,9,Yes,Hot Work,Night,Low,Medium,Low,Medium,60
11.72,45.7,8.79,46,27,Yes,Confined Space,Morning,Low,Low,Low,High,60
89.84,32.31,7.06,27,13,Yes,Normal,Night,Medium,Low,High,Medium,40
77.87,74.81,1.45,78,7,No,Confined Space,Night,Medium,Medium,High,Low,65
53.8,55.44,7.6,64,1,No,Confined Space,Morning,Low,Low,Medium,Medium,90
44.36,66.99,5.72,74,30,No,Normal,Evening,Low,Medium,Low,Medium,70
34.81,65.22,8.96,29,25,No,Normal,Morning,Low,Medium,Low,High,60
17.46,58.38,1.04,50,19,No,Confined Space,Evening,Low,Low,Low,Low,100
96.8,27.86,6.38,23,10,Yes,Hot Work,Morning,Medium,Low,High,Medium,50
44.94,39.02,9.91,32,27,Yes,Hot Work,Morning,Low,Low,Low,High,60
99.45,70.74,2.43,50,10,Yes,Normal,Evening,High,Medium,High,Low,50
73.22,45.58,9.77,55,28,Yes,Confined Space,Morning,Medium,Low,Medium,High,45
41.97,92.19,1.38,24,14,Yes,Hot Work,Evening,Low,High,Low,Low,70
98.3,47.33,8.88,80,5,Yes,Normal,Morning,Medium,Low,High,High,40
25.11,51.03,4.8,81,22,No,Confined Space,Night,Low,Low,Low,Low,80
30.05,52.38,4.28,68,10,Yes,Normal,Night,Low,Low,Low,Low,80
56.31,70.26,8.01,50,23,Yes,Normal,Morning,Low,Medium,Medium,High,50
70.52,67.11,6.15,56,9,Yes,Confined Space,Morning,Medium,Medium,Medium,Medium,55
31.79,83.4,1.36,64,5,No,Hot Work,Morning,Low,High,Low,Low,80
70.4,50.82,9.25,39,20,Yes,Normal,Evening,Medium,Low,Medium,High,55
26.47,67.13,3.16,27,28,No,Hot Work,Morning,Low,Medium,Low,Low,80
51.96,32.89,8.18,34,16,No,Normal,Morning,Low,Low,Medium,High,80
20.13,37.2,5.92,63,7,No,Normal,Morning,Low,Low,Low,Medium,90
31.08,81.6,9.12,41,9,Yes,Confined Space,Evening,Low,High,Low,High,50
91.54,80.25,2.89,69,13,Yes,Confined Space,Morning,High,High,High,Low,40
43.49,95.79,7.17,44,14,Yes,Confined Space,Morning,Low,High,Low,Medium,60
44.64,55.26,2.95,81,21,Yes,Confined Space,Morning,Low,Low,Low,Low,80
29.7,66.08,2.06,60,25,No,Hot Work,Morning,Low,Medium,Low,Low,80
37.37,41.07,6.29,36,7,No,Confined Space,Morning,Low,Low,Low,Medium,90
53.71,82.6,2.29,36,11,Yes,Confined Space,Morning,Low,High,Medium,Low,70
49.99,43.88,8.58,73,15,Yes,Hot Work,Evening,Low,Low,Low,High,70
8.52,32.04,3.75,48,2,No,Hot Work,Evening,Low,Low,Low,Low,100
52.09,55.85,4.62,42,29,Yes,Confined Space,Morning,Low,Low,Medium,Low,80
49.93,88.42,4.36,56,28,No,Hot Work,Morning,Low,High,Low,Low,70
15.77,61.29,1.13,77,29,No,Normal,Morning,Low,Medium,Low,Low,80
26.51,57.15,2.2,37,7,No,Hot Work,Night,Low,Low,Low,Low,90
55.68,50.05,6.07,21,6,No,Confined Space,Night,Low,Low,Medium,Medium,80
61.08,91.03,8.36,42,13,No,Confined Space,Morning,Medium,High,Medium,High,45
23.33,85.82,7.67,37,27,Yes,Confined Space,Evening,Low,High,Low,Medium,50
69.33,53.55,8.73,38,23,No,Hot Work,Morning,Medium,Low,Medium,High,55
4.59,95.12,3.33,42,13,Yes,Confined Space,Evening,Low,High,Low,Low,70
75.62,20.74,1.75,74,3,Yes,Hot Work,Night,Medium,Low,High,Low,65
66.33,20.3,6.25,30,18,Yes,Confined Space,Morning,Medium,Low,Medium,Medium,65
54.8,88.44,5.71,29,27,No,Hot Work,Evening,Low,High,Medium,Medium,60
54.71,91.54,7.38,49,4,Yes,Confined Space,Night,Low,High,Medium,Medium,50
95.97,32.14,1.78,48,3,No,Confined Space,Evening,Medium,Low,High,Low,70
6.08,76.56,5.6,73,13,Yes,Normal,Morning,Low,Medium,Low,Medium,70
62.36,87.0,7.56,31,27,No,Confined Space,Morning,Medium,High,Medium,Medium,45
66.93,97.59,1.99,49,24,No,Confined Space,Evening,Medium,High,Medium,Low,55
3.82,82.55,7.99,45,11,No,Confined Space,Night,Low,High,Low,Medium,60
75.78,92.28,4.77,34,17,No,Hot Work,Evening,Medium,High,High,Low,65
62.87,41.75,9.56,23,22,No,Hot Work,Morning,Medium,Low,Medium,High,55
79.54,35.64,5.77,29,16,No,Confined Space,Morning,Medium,Low,High,Medium,75
30.98,41.15,6.87,26,7,No,Normal,Evening,Low,Low,Low,Medium,90
23.35,86.62,9.65,55,9,No,Hot Work,Night,Low,High,Low,High,50
37.25,96.7,3.12,57,5,No,Confined Space,Night,Low,High,Low,Low,70
8.32,51.36,5.29,82,9,No,Normal,Evening,Low,Low,Low,Medium,90
37.06,41.98,8.34,60,21,No,Confined Space,Morning,Low,Low,Low,High,70
95.83,84.17,1.13,60,1,Yes,Confined Space,Evening,High,High,High,Low,40
87.5,88.27,3.75,67,8,Yes,Normal,Evening,High,High,High,Low,40
76.56,46.81,8.11,55,24,No,Hot Work,Night,Medium,Low,High,High,45
40.65,39.41,4.26,33,24,Yes,Hot Work,Morning,Low,Low,Low,Low,80
12.79,73.19,3.01,21,9,No,Normal,Night,Low,Medium,Low,Low,80
23.15,27.97,4.81,61,27,Yes,Confined Space,Evening,Low,Low,Low,Low,80
55.71,65.5,1.79,34,22,No,Confined Space,Morning,Low,Medium,Medium,Low,80
83.96,57.45,4.69,48,6,Yes,Normal,Morning,Medium,Low,High,Low,60
58.76,85.0,2.43,29,9,No,Confined Space,Morning,Low,High,Medium,Low,80
58.56,89.98,8.9,42,7,No,Hot Work,Morning,Low,High,Medium,High,60
40.54,67.11,4.3,89,2,Yes,Normal,Morning,Low,Medium,Low,Low,80
26.99,88.88,6.12,65,1,Yes,Hot Work,Night,Low,High,Low,Medium,50
92.9,86.11,5.15,32,14,No,Normal,Night,High,High,High,Medium,30
69.77,56.52,4.71,65,6,Yes,Normal,Evening,Medium,Low,Medium,Low,75
49.28,48.37,7.87,63,11,Yes,Hot Work,Night,Low,Low,Low,Medium,70
18.91,53.44,4.81,42,24,No,Confined Space,Morning,Low,Low,Low,Low,90
71.19,33.62,8.59,73,20,Yes,Confined Space,Night,Medium,Low,Medium,High,45
60.58,71.35,2.27,26,4,No,Normal,Night,Medium,Medium,Medium,Low,65
31.54,43.77,2.6,72,15,Yes,Hot Work,Night,Low,Low,Low,Low,80
49.78,87.33,4.07,61,10,Yes,Hot Work,Night,Low,High,Low,Low,60
2.03,35.07,6.65,54,24,No,Hot Work,Evening,Low,Low,Low,Medium,80
81.28,69.09,1.57,68,8,Yes,Hot Work,Morning,Medium,Medium,High,Low,50
20.92,70.7,6.77,29,15,No,Normal,Night,Low,Medium,Low,Medium,70
12.16,24.96,6.35,25,26,No,Confined Space,Morning,Low,Low,Low,Medium,80
45.18,88.69,5.0,69,16,No,Normal,Night,Low,High,Low,Low,70
55.01,77.36,2.59,54,20,Yes,Hot Work,Evening,Low,Medium,Medium,Low,80
33.89,75.64,7.72,70,24,No,Hot Work,Evening,Low,Medium,Low,Medium,70
98.22,51.98,4.1,57,1,No,Hot Work,Night,Medium,Low,High,Low,60
38.39,63.52,3.09,70,22,No,Hot Work,Night,Low,Medium,Low,Low,70
58.54,23.23,7.52,60,9,No,Confined Space,Morning,Low,Low,Medium,Medium,90
62.43,63.86,4.51,44,5,Yes,Normal,Evening,Medium,Medium,Medium,Low,65
70.69,56.04,5.3,82,20,No,Confined Space,Morning,Medium,Low,Medium,Medium,75
6.65,41.41,9.57,24,19,No,Normal,Evening,Low,Low,Low,High,80
58.35,92.52,6.06,75,20,No,Hot Work,Evening,Low,High,Medium,Medium,70
12.45,94.99,5.13,90,27,Yes,Normal,Evening,Low,High,Low,Medium,50
70.89,69.12,1.4,39,22,Yes,Normal,Morning,Medium,Medium,Medium,Low,55
94.74,98.27,5.01,85,30,Yes,Normal,Night,High,High,High,Medium,10
75.37,76.1,5.66,63,17,No,Hot Work,Evening,Medium,Medium,High,Medium,65
41.0,46.58,2.65,40,9,No,Confined Space,Morning,Low,Low,Low,Low,100
92.54,91.8,8.95,42,29,Yes,Hot Work,Evening,High,High,High,High,10
54.57,78.62,8.57,30,17,No,Hot Work,Morning,Low,Medium,Medium,High,70
38.16,33.27,3.25,88,10,Yes,Hot Work,Night,Low,Low,Low,Low,80
4.85,50.66,2.03,56,17,Yes,Confined Space,Night,Low,Low,Low,Low,80
69.17,75.37,4.12,56,24,Yes,Hot Work,Morning,Medium,Medium,Medium,Low,55
64.57,79.04,8.11,38,6,No,Hot Work,Morning,Medium,Medium,Medium,High,55
49.62,84.66,1.69,89,28,Yes,Confined Space,Evening,Low,High,Low,Low,60
50.06,39.13,7.14,84,8,Yes,Normal,Evening,Low,Low,Medium,Medium,80
54.52,79.9,3.53,73,3,Yes,Confined Space,Morning,Low,Medium,Medium,Low,80
53.6,62.77,7.07,86,15,Yes,Hot Work,Night,Low,Medium,Medium,Medium,60
11.44,70.02,1.24,87,15,Yes,Normal,Night,Low,Medium,Low,Low,70
94.61,36.0,7.94,68,5,No,Normal,Morning,Medium,Low,High,Medium,60
53.01,79.89,2.29,35,16,No,Confined Space,Night,Low,Medium,Medium,Low,80
95.78,60.66,7.48,25,12,Yes,Confined Space,Evening,Medium,Medium,High,Medium,40
60.71,61.93,8.07,80,19,No,Normal,Night,Medium,Medium,Medium,High,45
98.1,90.04,7.76,40,7,Yes,Confined Space,Night,High,High,High,Medium,20
25.76,90.97,7.7,86,21,Yes,Confined Space,Evening,Low,High,Low,Medium,50
49.55,54.12,5.88,69,5,Yes,Confined Space,Night,Low,Low,Low,Medium,70
21.24,57.33,8.82,64,4,No,Confined Space,Evening,Low,Low,Low,High,80
95.94,85.47,3.12,60,26,No,Normal,Morning,High,High,High,Low,40
65.21,41.34,4.02,57,4,Yes,Hot Work,Morning,Medium,Low,Medium,Low,75
85.06,60.26,1.62,51,29,Yes,Confined Space,Evening,Medium,Medium,High,Low,40
63.77,78.47,3.21,56,26,Yes,Normal,Night,Medium,Medium,Medium,Low,45
69.59,52.63,6.98,36,3,Yes,Hot Work,Morning,Medium,Low,Medium,Medium,65
33.45,40.88,8.98,30,16,Yes,Confined Space,Morning,Low,Low,Low,High,70
83.02,32.94,9.48,55,26,No,Confined Space,Morning,Medium,Low,High,High,40
63.4,59.84,9.66,40,14,No,Confined Space,Morning,Medium,Low,Medium,High,65
83.32,75.04,9.37,73,10,No,Normal,Morning,High,Medium,High,High,40
30.72,51.97,8.1,73,14,Yes,Normal,Morning,Low,Low,Low,High,70
34.31,50.02,9.41,86,25,Yes,Hot Work,Evening,Low,Low,Low,High,60
67.08,98.26,7.58,76,19,No,Confined Space,Morning,Medium,High,Medium,Medium,55
30.35,61.7,4.88,40,14,No,Normal,Evening,Low,Medium,Low,Low,90
67.49,84.69,6.11,55,7,No,Confined Space,Morning,Medium,High,Medium,Medium,55
51.63,90.63,5.62,23,12,No,Hot Work,Morning,Low,High,Medium,Medium,70
18.49,67.75,7.89,57,19,Yes,Confined Space,Evening,Low,Medium,Low,Medium,70
31.51,73.51,2.0,49,25,No,Confined Space,Evening,Low,Medium,Low,Low,80
56.41,71.66,5.82,66,8,No,Normal,Morning,Low,Medium,Medium,Medium,80
55.46,48.75,2.62,61,8,Yes,Confined Space,Morning,Low,Low,Medium,Low,90
6.74,28.7,4.25,40,25,No,Normal,Evening,Low,Low,Low,Low,90
51.69,31.42,8.36,50,22,Yes,Confined Space,Morning,Low,Low,Medium,High,60
90.46,41.15,3.01,72,23,Yes,Hot Work,Night,Medium,Low,High,Low,40
57.38,47.9,3.77,47,14,No,Normal,Evening,Low,Low,Medium,Low,100
7.25,84.26,8.05,35,21,No,Hot Work,Evening,Low,High,Low,High,50
59.62,96.41,2.38,40,16,Yes,Confined Space,Night,Low,High,Medium,Low,60
13.22,59.28,9.44,55,19,Yes,Normal,Morning,Low,Low,Low,High,70
52.11,66.05,8.59,58,10,No,Normal,Night,Low,Medium,Medium,High,60
81.32,76.37,7.77,28,9,No,Normal,Morning,High,Medium,High,Medium,50
3.26,84.86,6.18,33,3,Yes,Hot Work,Morning,Low,High,Low,Medium,60
22.25,86.68,2.58,76,25,Yes,Confined Space,Evening,Low,High,Low,Low,60
64.35,78.26,4.43,43,21,No,Confined Space,Evening,Medium,Medium,Medium,Low,65
52.43,28.56,1.84,27,23,No,Confined Space,Night,Low,Low,Medium,Low,80
8.0,48.25,1.13,37,15,No,Confined Space,Night,Low,Low,Low,Low,90
24.19,76.66,3.81,82,21,Yes,Confined Space,Morning,Low,Medium,Low,Low,70
29.46,26.4,6.29,54,11,Yes,Normal,Night,Low,Low,Low,Medium,70
13.45,89.88,3.19,60,4,No,Confined Space,Night,Low,High,Low,Low,70
46.77,94.17,3.42,70,10,Yes,Normal,Night,Low,High,Low,Low,60
62.86,60.22,9.31,68,26,No,Hot Work,Morning,Medium,Medium,Medium,High,45
7.87,99.84,6.89,73,5,Yes,Normal,Morning,Low,High,Low,Medium,60
24.91,73.64,3.39,26,27,No,Hot Work,Night,Low,Medium,Low,Low,70
6.36,87.8,4.39,37,2,No,Confined Space,Evening,Low,High,Low,Low,80
73.37,76.29,3.02,28,7,Yes,Confined Space,Night,Medium,Medium,Medium,Low,55
19.38,38.71,4.99,76,16,No,Normal,Night,Low,Low,Low,Low,90
29.31,27.29,9.4,23,6,Yes,Normal,Night,Low,Low,Low,High,60
18.92,38.96,2.67,68,24,Yes,Hot Work,Night,Low,Low,Low,Low,70
26.18,80.2,8.85,53,27,Yes,Confined Space,Evening,Low,High,Low,High,40
87.02,76.0,7.08,32,18,No,Hot Work,Night,High,Medium,High,Medium,40
64.66,20.87,8.2,36,22,No,Confined Space,Evening,Medium,Low,Medium,High,55
69.22,96.05,7.98,33,21,Yes,Hot Work,Morning,Medium,High,Medium,Medium,35
35.8,81.5,3.99,42,2,Yes,Normal,Evening,Low,High,Low,Low,70
54.86,32.92,8.47,89,2,No,Confined Space,Night,Low,Low,Medium,High,70
43.62,87.89,1.29,22,18,No,Hot Work,Morning,Low,High,Low,Low,80
50.87,55.93,1.62,22,17,Yes,Normal,Morning,Low,Low,Medium,Low,90
39.22,70.53,8.62,56,5,Yes,Confined Space,Morning,Low,Medium,Low,High,60
87.53,98.6,3.39,76,29,Yes,Hot Work,Night,High,High,High,Low,20
91.92,69.38,3.07,75,27,Yes,Confined Space,Evening,Medium,Medium,High,Low,40
24.31,23.5,6.91,65,19,No,Normal,Night,Low,Low,Low,Medium,80
78.26,63.83,2.74,63,15,No,Normal,Evening,Medium,Medium,High,Low,75
50.88,93.41,2.17,22,9,No,Hot Work,Evening,Low,High,Medium,Low,80
84.33,32.75,7.77,49,10,Yes,Normal,Night,Medium,Low,High,Medium,40
58.84,53.17,1.61,43,16,Yes,Hot Work,Evening,Low,Low,Medium,Low,90
80.88,57.48,4.1,24,30,No,Normal,Evening,Medium,Low,High,Low,60
66.47,70.49,6.24,38,13,No,Confined Space,Night,Medium,Medium,Medium,Medium,55
67.57,80.41,7.37,78,2,Yes,Confined Space,Night,Medium,High,Medium,Medium,35
73.14,42.07,3.89,77,24,No,Normal,Night,Medium,Low,Medium,Low,65
56.98,37.74,1.25,41,25,Yes,Confined Space,Morning,Low,Low,Medium,Low,80
81.35,67.09,3.19,55,16,No,Hot Work,Morning,Medium,Medium,High,Low,60
45.2,59.4,1.8,24,26,No,Confined Space,Night,Low,Low,Low,Low,80
53.08,40.62,3.97,79,28,No,Confined Space,Night,Low,Low,Medium,Low,80
39.14,65.18,1.33,35,10,Yes,Confined Space,Evening,Low,Medium,Low,Low,80
53.81,29.21,7.87,33,5,Yes,Normal,Night,Low,Low,Medium,Medium,70
14.33,67.08,8.17,44,26,No,Confined Space,Evening,Low,Medium,Low,High,60
86.87,69.14,4.14,39,29,Yes,Confined Space,Morning,Medium,Medium,High,Low,40
82.29,93.05,6.91,84,14,Yes,Normal,Evening,High,High,High,Medium,30
3.68,90.61,4.12,31,3,Yes,Normal,Evening,Low,High,Low,Low,70
31.67,89.66,2.99,67,15,Yes,Hot Work,Morning,Low,High,Low,Low,70
37.73,52.06,1.03,55,25,Yes,Normal,Night,Low,Low,Low,Low,70
94.55,99.27,9.11,37,30,Yes,Confined Space,Evening,High,High,High,High,10
12.75,90.48,4.61,78,17,No,Normal,Morning,Low,High,Low,Low,80
31.91,42.96,8.89,38,8,No,Confined Space,Morning,Low,Low,Low,High,80
22.52,72.3,8.5,22,27,No,Hot Work,Morning,Low,Medium,Low,High,60
55.77,87.96,3.05,52,21,No,Normal,Evening,Low,High,Medium,Low,70
13.31,90.01,2.48,55,27,Yes,Hot Work,Night,Low,High,Low,Low,50
5.29,71.42,7.25,45,15,Yes,Confined Space,Evening,Low,Medium,Low,Medium,70
59.78,55.92,6.94,75,3,Yes,Confined Space,Evening,Low,Low,Medium,Medium,80
93.98,76.01,1.37,86,12,No,Hot Work,Morning,High,Medium,High,Low,60
8.92,39.92,9.08,75,12,No,Confined Space,Night,Low,Low,Low,High,70
39.76,76.98,5.21,90,18,No,Hot Work,Evening,Low,Medium,Low,Medium,80
74.61,29.05,7.39,61,16,No,Normal,Morning,Medium,Low,Medium,Medium,75
62.7,97.5,4.79,75,20,Yes,Hot Work,Night,Medium,High,Medium,Low,45
64.49,37.28,6.07,26,2,Yes,Hot Work,Night,Medium,Low,Medium,Medium,55
42.91,48.07,7.89,50,27,Yes,Confined Space,Evening,Low,Low,Low,Medium,70
20.64,81.3,5.9,86,19,No,Confined Space,Morning,Low,High,Low,Medium,70
57.14,45.71,3.04,42,5,Yes,Normal,Evening,Low,Low,Medium,Low,90
52.1,28.04,3.64,73,22,Yes,Hot Work,Morning,Low,Low,Medium,Low,80
97.07,51.69,9.49,57,10,No,Normal,Morning,Medium,Low,High,High,50
56.35,33.33,7.43,36,12,Yes,Confined Space,Night,Low,Low,Medium,Medium,70
81.72,30.16,4.29,53,18,No,Hot Work,Evening,Medium,Low,High,Low,70
26.32,48.25,3.49,21,6,No,Hot Work,Evening,Low,Low,Low,Low,100
14.78,23.46,5.68,81,28,Yes,Confined Space,Morning,Low,Low,Low,Medium,70
74.25,83.06,1.19,84,22,Yes,Confined Space,Night,Medium,High,Medium,Low,35
79.38,87.61,9.53,50,11,No,Hot Work,Night,Medium,High,High,High,35
68.66,74.78,6.75,74,9,No,Normal,Night,Medium,Medium,Medium,Medium,55
52.23,75.64,9.44,86,7,Yes,Confined Space,Evening,Low,Medium,Medium,High,60
98.43,59.14,2.53,64,14,No,Normal,Evening,Medium,Low,High,Low,70
37.61,28.31,6.35,38,27,Yes,Hot Work,Night,Low,Low,Low,Medium,60
37.97,81.51,3.21,79,27,Yes,Hot Work,Evening,Low,High,Low,Low,60
11.47,51.11,1.28,84,19,No,Hot Work,Evening,Low,Low,Low,Low,100
62.01,73.13,1.43,44,18,No,Hot Work,Night,Medium,Medium,Medium,Low,65
9.87,85.68,9.9,85,2,No,Confined Space,Night,Low,High,Low,High,50
87.18,50.98,7.24,43,23,Yes,Normal,Evening,Medium,Low,High,Medium,40
68.64,95.71,6.51,55,7,No,Hot Work,Morning,Medium,High,Medium,Medium,55
22.39,53.92,7.62,43,18,Yes,Hot Work,Evening,Low,Low,Low,Medium,80
8.3,43.66,6.0,78,27,Yes,Hot Work,Morning,Low,Low,Low,Medium,70
16.17,89.38,4.38,25,13,Yes,Confined Space,Morning,Low,High,Low,Low,70
15.07,26.41,6.68,84,5,Yes,Normal,Morning,Low,Low,Low,Medium,80
42.58,91.36,8.48,54,1,No,Normal,Evening,Low,High,Low,High,60
99.35,78.93,5.02,79,24,Yes,Confined Space,Night,High,Medium,High,Medium,20
3.07,28.26,3.31,44,18,No,Normal,Evening,Low,Low,Low,Low,100
51.22,93.48,8.55,21,19,Yes,Normal,Morning,Low,High,Medium,High,50
33.97,49.81,2.86,27,11,Yes,Hot Work,Night,Low,Low,Low,Low,80
70.22,85.29,8.75,39,7,No,Confined Space,Morning,Medium,High,Medium,High,45
33.74,62.59,4.62,56,28,No,Normal,Morning,Low,Medium,Low,Low,80
95.85,70.34,8.29,80,30,No,Confined Space,Morning,High,Medium,High,High,30
92.72,99.27,2.39,23,3,Yes,Hot Work,Morning,High,High,High,Low,40
72.69,71.3,3.72,34,14,No,Confined Space,Evening,Medium,Medium,Medium,Low,75
56.69,38.43,1.6,35,3,Yes,Normal,Evening,Low,Low,Medium,Low,90
59.46,25.0,5.42,31,18,Yes,Normal,Evening,Low,Low,Medium,Medium,80
69.57,55.71,6.0,55,7,Yes,Hot Work,Morning,Medium,Low,Medium,Medium,65
94.19,23.98,2.96,70,19,No,Confined Space,Evening,Medium,Low,High,Low,70
93.04,52.53,7.26,40,29,No,Hot Work,Morning,Medium,Low,High,Medium,50
15.77,52.98,6.74,22,1,No,Confined Space,Morning,Low,Low,Low,Medium,90
11.58,52.6,9.63,88,4,No,Confined Space,Evening,Low,Low,Low,High,80
93.78,26.78,9.09,36,3,No,Normal,Morning,Medium,Low,High,High,50
46.38,38.63,4.71,22,19,No,Normal,Evening,Low,Low,Low,Low,100
67.52,40.61,4.24,90,3,Yes,Hot Work,Night,Medium,Low,Medium,Low,65
16.51,64.46,7.34,74,9,Yes,Normal,Evening,Low,Medium,Low,Medium,70
84.72,33.5,6.25,39,1,No,Confined Space,Evening,Medium,Low,High,Medium,60
66.41,85.84,7.42,72,11,No,Confined Space,Morning,Medium,High,Medium,Medium,55
91.38,80.25,2.54,85,29,Yes,Hot Work,Morning,High,High,High,Low,30
52.62,51.19,1.65,64,14,Yes,Hot Work,Evening,Low,Low,Medium,Low,90
19.32,84.74,7.49,64,14,No,Confined Space,Night,Low,High,Low,Medium,60
15.72,82.63,3.39,59,17,No,Confined Space,Night,Low,High,Low,Low,70
43.87,28.34,5.43,82,16,No,Confined Space,Morning,Low,Low,Low,Medium,90
74.41,77.54,1.52,25,5,Yes,Hot Work,Morning,Medium,Medium,Medium,Low,65
91.41,37.06,9.57,31,20,No,Hot Work,Night,Medium,Low,High,High,40
52.23,29.73,2.54,46,21,Yes,Normal,Morning,Low,Low,Medium,Low,80
75.18,20.35,9.56,77,26,Yes,Hot Work,Evening,Medium,Low,High,High,45
15.01,54.31,7.61,49,2,Yes,Normal,Night,Low,Low,Low,Medium,70
47.84,24.32,7.95,29,1,Yes,Hot Work,Morning,Low,Low,Low,Medium,80
10.6,25.33,2.48,42,12,Yes,Normal,Morning,Low,Low,Low,Low,90
2.35,95.8,5.64,65,27,No,Confined Space,Morning,Low,High,Low,Medium,60
84.3,79.31,3.44,90,12,No,Hot Work,Morning,High,Medium,High,Low,60
3.09,53.65,5.21,68,26,Yes,Normal,Morning,Low,Low,Low,Medium,70
1.62,80.01,5.35,79,18,No,Normal,Morning,Low,High,Low,Medium,70
49.85,39.16,2.54,34,5,Yes,Hot Work,Night,Low,Low,Low,Low,80
92.89,37.52,2.71,55,21,Yes,Hot Work,Evening,Medium,Low,High,Low,50
72.32,84.89,7.82,22,6,No,Confined Space,Night,Medium,High,Medium,Medium,45
78.07,31.2,1.5,64,24,Yes,Normal,Evening,Medium,Low,High,Low,65
7.63,45.05,3.66,57,12,Yes,Hot Work,Morning,Low,Low,Low,Low,90
35.35,26.1,3.48,84,19,No,Normal,Evening,Low,Low,Low,Low,100
66.7,60.51,6.18,89,15,Yes,Hot Work,Morning,Medium,Medium,Medium,Medium,55
97.67,62.28,8.09,46,28,No,Normal,Evening,Medium,Medium,High,High,30
99.99,38.46,7.89,37,10,Yes,Normal,Night,Medium,Low,High,Medium,40
89.57,20.97,1.76,67,9,Yes,Confined Space,Evening,Medium,Low,High,Low,60
27.95,28.92,4.03,50,12,Yes,Confined Space,Night,Low,Low,Low,Low,80
26.31,48.79,4.25,25,9,No,Normal,Evening,Low,Low,Low,Low,100
26.79,95.75,7.75,62,15,No,Hot Work,Morning,Low,High,Low,Medium,70
18.8,50.15,6.62,45,10,Yes,Hot Work,Morning,Low,Low,Low,Medium,80
39.45,44.23,5.17,49,7,Yes,Confined Space,Morning,Low,Low,Low,Medium,80
72.17,37.34,6.83,87,2,No,Normal,Evening,Medium,Low,Medium,Medium,75
12.77,73.76,7.31,51,16,No,Confined Space,Evening,Low,Medium,Low,Medium,80
78.91,41.63,8.27,79,26,No,Normal,Night,Medium,Low,High,High,45
74.23,67.46,8.26,32,6,No,Confined Space,Evening,Medium,Medium,Medium,High,55
95.34,53.9,8.36,65,23,No,Normal,Evening,Medium,Low,High,High,40
70.4,59.98,1.74,78,12,No,Confined Space,Night,Medium,Low,Medium,Low,75
49.16,32.37,4.92,72,9,Yes,Hot Work,Morning,Low,Low,Low,Low,90
94.76,86.8,5.84,56,3,No,Normal,Morning,High,High,High,Medium,40
74.63,73.0,8.53,56,13,No,Hot Work,Night,Medium,Medium,Medium,High,45
79.13,71.51,5.62,22,22,No,Normal,Evening,Medium,Medium,High,Medium,55
71.74,63.12,9.25,71,30,Yes,Normal,Evening,Medium,Medium,Medium,High,35
85.85,52.28,5.4,75,14,Yes,Normal,Night,Medium,Low,High,Medium,40
39.17,69.9,6.37,46,27,No,Confined Space,Night,Low,Medium,Low,Medium,60
51.61,79.04,4.47,62,16,No,Hot Work,Evening,Low,Medium,Medium,Low,90
52.65,63.56,5.29,75,2,Yes,Confined Space,Morning,Low,Medium,Medium,Medium,70
34.05,76.76,8.63,78,28,Yes,Confined Space,Morning,Low,Medium,Low,High,50
72.37,96.13,2.2,51,23,Yes,Confined Space,Night,Medium,High,Medium,Low,35
33.3,63.42,6.91,48,11,Yes,Normal,Evening,Low,Medium,Low,Medium,70
56.46,75.72,4.15,55,26,Yes,Normal,Morning,Low,Medium,Medium,Low,70
59.53,73.22,1.5,56,25,No,Normal,Evening,Low,Medium,Medium,Low,80
95.89,80.92,5.25,39,11,No,Hot Work,Evening,High,High,High,Medium,40
5.38,50.66,3.78,83,9,No,Hot Work,Morning,Low,Low,Low,Low,100
9.66,24.96,6.9,48,27,Yes,Confined Space,Night,Low,Low,Low,Medium,60
34.11,73.04,8.3,41,27,Yes,Confined Space,Night,Low,Medium,Low,High,40
97.61,71.3,2.37,58,20,Yes,Hot Work,Morning,High,Medium,High,Low,50
78.57,59.78,8.4,86,24,Yes,Hot Work,Morning,Medium,Low,High,High,45
26.08,88.03,3.79,82,8,Yes,Confined Space,Evening,Low,High,Low,Low,70
60.36,43.72,4.21,47,30,Yes,Hot Work,Morning,Medium,Low,Medium,Low,65
31.1,35.43,3.96,72,5,Yes,Confined Space,Morning,Low,Low,Low,Low,90
9.63,30.08,7.53,53,14,No,Hot Work,Morning,Low,Low,Low,Medium,90
86.97,71.93,8.73,72,25,No,Hot Work,Evening,High,Medium,High,High,30
34.14,55.17,5.79,50,8,Yes,Confined Space,Morning,Low,Low,Low,Medium,80
39.74,63.74,6.48,71,8,No,Hot Work,Morning,Low,Medium,Low,Medium,80
32.87,45.45,6.58,46,8,No,Hot Work,Evening,Low,Low,Low,Medium,90
30.6,37.41,1.83,37,20,No,Hot Work,Evening,Low,Low,Low,Low,100
94.38,32.38,2.75,68,1,Yes,Confined Space,Evening,Medium,Low,High,Low,60
17.89,21.32,6.58,59,21,Yes,Normal,Morning,Low,Low,Low,Medium,70
43.76,94.9,2.37,58,28,No,Normal,Morning,Low,High,Low,Low,70
45.86,90.19,7.46,47,2,No,Normal,Evening,Low,High,Low,Medium,70
48.99,78.63,1.43,86,8,Yes,Normal,Morning,Low,Medium,Low,Low,80
64.87,21.81,5.77,27,14,No,Normal,Morning,Medium,Low,Medium,Medium,75
25.57,65.66,5.36,28,6,Yes,Hot Work,Night,Low,Medium,Low,Medium,60
27.35,23.5,6.45,35,20,No,Confined Space,Night,Low,Low,Low,Medium,80
83.51,26.7,5.4,53,4,No,Confined Space,Evening,Medium,Low,High,Medium,60
48.13,86.02,5.34,26,26,Yes,Confined Space,Evening,Low,High,Low,Medium,50
56.75,74.11,7.74,29,17,Yes,Normal,Evening,Low,Medium,Medium,Medium,70
76.41,76.21,8.72,68,17,Yes,Confined Space,Night,Medium,Medium,High,High,35
4.11,21.05,9.75,73,9,No,Hot Work,Morning,Low,Low,Low,High,80
10.11,85.09,8.33,57,19,No,Normal,Morning,Low,High,Low,High,60
31.02,79.88,8.06,88,21,No,Confined Space,Evening,Low,Medium,Low,High,60
15.74,43.33,1.98,26,10,Yes,Confined Space,Night,Low,Low,Low,Low,80
88.47,88.4,7.22,74,7,No,Normal,Evening,High,High,High,Medium,40
23.47,65.14,6.7,76,18,Yes,Confined Space,Evening,Low,Medium,Low,Medium,70
96.85,25.87,7.13,36,3,Yes,Normal,Evening,Medium,Low,High,Medium,50
6.93,46.98,2.63,82,23,Yes,Confined Space,Evening,Low,Low,Low,Low,80
98.07,38.8,5.53,51,8,Yes,Normal,Evening,Medium,Low,High,Medium,50
4.76,20.4,7.21,32,20,Yes,Confined Space,Night,Low,Low,Low,Medium,70
3.0,78.89,4.62,40,17,Yes,Normal,Evening,Low,Medium,Low,Low,80
34.78,44.08,8.62,53,25,No,Confined Space,Evening,Low,Low,Low,High,70
73.49,33.89,9.16,67,4,No,Hot Work,Morning,Medium,Low,Medium,High,65
43.44,35.69,3.12,58,15,Yes,Hot Work,Night,Low,Low,Low,Low,80
18.48,24.39,3.12,75,8,No,Hot Work,Night,Low,Low,Low,Low,90
0.02,89.09,9.06,70,3,Yes,Normal,Morning,Low,High,Low,High,50
2.51,37.44,6.31,57,30,No,Hot Work,Evening,Low,Low,Low,Medium,80
73.16,33.19,3.89,30,17,No,Confined Space,Evening,Medium,Low,Medium,Low,85
67.64,50.62,6.61,81,20,No,Hot Work,Morning,Medium,Low,Medium,Medium,75
11.46,93.02,7.62,21,6,Yes,Hot Work,Evening,Low,High,Low,Medium,60
85.21,74.91,9.46,70,11,No,Normal,Morning,High,Medium,High,High,40
27.95,80.93,3.87,69,8,Yes,Hot Work,Night,Low,High,Low,Low,60
26.81,98.1,6.68,44,3,Yes,Confined Space,Evening,Low,High,Low,Medium,60
98.53,77.41,2.75,81,15,Yes,Confined Space,Night,High,Medium,High,Low,40
1.84,59.13,9.96,36,11,Yes,Confined Space,Night,Low,Low,Low,High,60
4.07,98.22,1.99,44,30,No,Hot Work,Morning,Low,High,Low,Low,70
4.2,83.71,3.17,86,1,Yes,Confined Space,Night,Low,High,Low,Low,60
71.2,34.98,8.39,82,6,No,Hot Work,Evening,Medium,Low,Medium,High,65
96.63,50.42,4.52,44,7,Yes,Normal,Night,Medium,Low,High,Low,50
23.98,64.51,7.41,34,29,Yes,Normal,Evening,Low,Medium,Low,Medium,60
49.97,40.95,1.09,76,8,No,Normal,Morning,Low,Low,Low,Low,100
1.17,66.92,9.16,58,11,Yes,Hot Work,Evening,Low,Medium,Low,High,60
63.24,42.72,8.42,21,2,No,Normal,Night,Medium,Low,Medium,High,55
98.21,60.14,2.49,66,14,No,Normal,Night,Medium,Medium,High,Low,50
16.2,56.23,5.03,63,2,Yes,Confined Space,Evening,Low,Low,Low,Medium,80
86.67,41.56,4.74,54,28,Yes,Normal,Morning,Medium,Low,High,Low,50
74.68,37.63,1.38,64,6,No,Normal,Evening,Medium,Low,Medium,Low,85
65.98,83.81,6.03,57,14,Yes,Hot Work,Morning,Medium,High,Medium,Medium,45
48.26,85.84,1.21,30,3,No,Confined Space,Night,Low,High,Low,Low,70
32.64,67.89,4.63,75,29,No,Confined Space,Night,Low,Medium,Low,Low,70
3.43,25.12,5.5,79,8,No,Hot Work,Morning,Low,Low,Low,Medium,90
73.84,87.59,6.8,66,16,Yes,Confined Space,Evening,Medium,High,Medium,Medium,45
61.23,59.39,4.54,82,26,Yes,Confined Space,Night,Medium,Low,Medium,Low,55
95.72,93.46,1.87,53,14,No,Confined Space,Morning,High,High,High,Low,50
10.95,87.22,2.97,76,22,Yes,Normal,Morning,Low,High,Low,Low,60
24.62,55.8,3.75,29,4,Yes,Confined Space,Morning,Low,Low,Low,Low,90
76.14,75.5,5.21,31,21,Yes,Normal,Evening,Medium,Medium,High,Medium,45
17.06,36.51,1.46,69,11,Yes,Normal,Night,Low,Low,Low,Low,80
28.46,31.56,4.8,68,9,No,Normal,Night,Low,Low,Low,Low,90
25.62,75.06,3.07,35,29,No,Confined Space,Night,Low,Medium,Low,Low,70
45.26,55.42,7.56,55,6,No,Normal,Evening,Low,Low,Low,Medium,90
8.56,90.68,1.34,87,27,No,Confined Space,Morning,Low,High,Low,Low,70
9.37,45.2,6.45,28,23,Yes,Confined Space,Night,Low,Low,Low,Medium,60
81.16,35.85,9.63,84,16,Yes,Hot Work,Night,Medium,Low,High,High,30
97.09,26.45,6.57,84,22,Yes,Confined Space,Morning,Medium,Low,High,Medium,40
64.21,32.21,8.04,27,3,Yes,Confined Space,Evening,Medium,Low,Medium,High,55
57.39,64.39,1.72,63,23,No,Confined Space,Night,Low,Medium,Medium,Low,70
13.84,72.78,8.27,51,19,No,Confined Space,Morning,Low,Medium,Low,High,70
71.99,41.95,7.38,69,28,Yes,Hot Work,Evening,Medium,Low,Medium,Medium,55
61.2,52.61,5.0,35,6,Yes,Normal,Evening,Medium,Low,Medium,Low,75
14.32,39.26,2.5,34,27,No,Confined Space,Night,Low,Low,Low,Low,80
85.1,87.55,9.13,37,27,No,Confined Space,Morning,High,High,High,High,20
7.1,96.44,8.25,54,21,Yes,Hot Work,Morning,Low,High,Low,High,40
36.68,37.49,5.14,48,7,Yes,Hot Work,Morning,Low,Low,Low,Medium,80
34.91,45.08,5.63,28,24,Yes,Normal,Night,Low,Low,Low,Medium,60
21.62,26.78,1.23,47,11,No,Hot Work,Morning,Low,Low,Low,Low,100
87.34,38.07,4.31,79,6,No,Confined Space,Night,Medium,Low,High,Low,60
88.69,76.58,9.23,88,13,Yes,Hot Work,Evening,High,Medium,High,High,30
16.08,55.12,2.65,47,9,Yes,Confined Space,Night,Low,Low,Low,Low,80
94.97,73.33,7.88,90,20,No,Hot Work,Morning,High,Medium,High,Medium,50
29.35,78.48,4.85,21,4,Yes,Normal,Morning,Low,Medium,Low,Low,80
68.51,79.38,4.64,70,10,Yes,Hot Work,Morning,Medium,Medium,Medium,Low,65
36.15,85.55,8.33,45,21,Yes,Normal,Night,Low,High,Low,High,30
45.81,40.18,9.29,21,16,Yes,Hot Work,Morning,Low,Low,Low,High,70
10.83,72.61,4.83,51,17,Yes,Confined Space,Morning,Low,Medium,Low,Low,80
29.08,57.71,5.22,24,28,Yes,Confined Space,Morning,Low,Low,Low,Medium,70
20.97,60.7,9.1,86,5,No,Confined Space,Evening,Low,Medium,Low,High,70
24.1,28.03,5.64,66,4,No,Hot Work,Morning,Low,Low,Low,Medium,90
80.26,91.64,3.09,27,27,Yes,Confined Space,Night,High,High,High,Low,20
29.14,86.28,3.64,29,10,No,Hot Work,Evening,Low,High,Low,Low,80
34.19,29.98,5.7,20,1,No,Confined Space,Night,Low,Low,Low,Medium,80
6.27,41.6,3.44,25,19,No,Confined Space,Night,Low,Low,Low,Low,90
31.9,50.38,8.96,22,20,Yes,Confined Space,Evening,Low,Low,Low,High,70
98.18,43.89,7.28,60,14,Yes,Normal,Night,Medium,Low,High,Medium,40
78.06,57.27,7.27,64,20,No,Hot Work,Night,Medium,Low,High,Medium,65
96.85,48.53,1.59,58,10,No,Hot Work,Evening,Medium,Low,High,Low,70
66.78,98.44,1.03,43,2,Yes,Normal,Night,Medium,High,Medium,Low,45
43.79,71.92,2.81,22,24,Yes,Hot Work,Evening,Low,Medium,Low,Low,70
49.98,69.44,1.19,40,12,Yes,Hot Work,Night,Low,Medium,Low,Low,70
65.07,74.86,2.03,80,12,Yes,Normal,Morning,Medium,Medium,Medium,Low,65
51.43,49.75,4.62,72,10,Yes,Hot Work,Evening,Low,Low,Medium,Low,90
74.97,93.66,9.2,44,25,Yes,Normal,Morning,Medium,High,Medium,High,25
71.3,30.0,3.08,57,5,Yes,Normal,Night,Medium,Low,Medium,Low,65
13.08,56.81,2.25,65,13,No,Confined Space,Night,Low,Low,Low,Low,90
23.2,24.56,7.2,46,1,No,Normal,Morning,Low,Low,Low,Medium,90
10.15,42.68,6.83,81,23,Yes,Confined Space,Night,Low,Low,Low,Medium,60
98.0,22.11,3.92,67,22,No,Normal,Morning,Medium,Low,High,Low,60
20.19,26.41,8.05,47,15,Yes,Confined Space,Night,Low,Low,Low,High,60
95.25,32.33,8.06,24,4,No,Confined Space,Morning,Medium,Low,High,High,50
5.89,44.88,5.39,54,25,Yes,Hot Work,Evening,Low,Low,Low,Medium,70
67.31,94.38,2.65,39,27,Yes,Confined Space,Morning,Medium,High,Medium,Low,45
49.25,94.45,8.43,56,13,Yes,Normal,Evening,Low,High,Low,High,50
49.79,43.88,6.8,85,24,Yes,Confined Space,Evening,Low,Low,Low,Medium,70
18.82,60.71,9.09,62,10,Yes,Hot Work,Morning,Low,Medium,Low,High,60
10.54,35.35,2.36,40,21,No,Normal,Night,Low,Low,Low,Low,80
1.2,35.21,2.33,70,20,No,Confined Space,Evening,Low,Low,Low,Low,100
79.46,26.51,5.26,65,15,Yes,Confined Space,Night,Medium,Low,High,Medium,55
76.73,96.77,7.4,20,11,Yes,Hot Work,Evening,Medium,High,High,Medium,45
49.36,46.48,2.27,25,7,Yes,Confined Space,Evening,Low,Low,Low,Low,90
40.76,33.87,2.58,55,25,Yes,Hot Work,Morning,Low,Low,Low,Low,80
17.36,39.94,9.52,84,8,No,Normal,Morning,Low,Low,Low,High,80
22.27,34.23,3.13,46,6,No,Confined Space,Evening,Low,Low,Low,Low,100
26.05,22.8,8.71,81,23,No,Confined Space,Night,Low,Low,Low,High,60
19.6,86.18,2.08,42,5,Yes,Hot Work,Morning,Low,High,Low,Low,70
17.71,36.52,6.96,41,7,Yes,Hot Work,Evening,Low,Low,Low,Medium,80
77.76,84.43,1.47,64,14,No,Confined Space,Evening,Medium,High,High,Low,65
79.51,22.81,2.84,59,3,No,Normal,Evening,Medium,Low,High,Low,85
12.99,43.4,2.72,57,26,No,Confined Space,Evening,Low,Low,Low,Low,90
44.46,85.2,7.31,33,19,No,Hot Work,Evening,Low,High,Low,Medium,70
50.89,85.08,5.38,31,28,No,Hot Work,Night,Low,High,Medium,Medium,50
90.71,78.58,4.12,53,23,No,Hot Work,Night,High,Medium,High,Low,40
54.13,89.43,7.31,62,17,Yes,Confined Space,Morning,Low,High,Medium,Medium,60
23.24,66.91,3.07,51,16,Yes,Confined Space,Evening,Low,Medium,Low,Low,80
48.11,86.8,9.34,73,20,Yes,Hot Work,Morning,Low,High,Low,High,50
89.81,93.92,6.59,21,4,No,Hot Work,Morning,High,High,High,Medium,40
93.94,51.35,7.29,57,4,No,Confined Space,Evening,Medium,Low,High,Medium,60
75.72,97.58,6.41,83,19,No,Normal,Morning,Medium,High,High,Medium,55
95.41,43.8,2.33,78,3,No,Hot Work,Evening,Medium,Low,High,Low,70
1.63,44.47,7.73,85,1,Yes,Hot Work,Night,Low,Low,Low,Medium,70
55.71,99.13,5.13,72,18,No,Confined Space,Night,Low,High,Medium,Medium,60
55.47,76.89,1.42,50,3,Yes,Hot Work,Night,Low,Medium,Medium,Low,70
24.58,76.69,3.29,69,12,No,Confined Space,Morning,Low,Medium,Low,Low,90
63.61,70.54,1.71,59,13,No,Hot Work,Evening,Medium,Medium,Medium,Low,75
30.12,87.68,1.66,22,20,No,Confined Space,Evening,Low,High,Low,Low,80
10.63,73.56,7.27,87,5,No,Normal,Evening,Low,Medium,Low,Medium,80
31.04,47.72,2.93,64,15,No,Normal,Morning,Low,Low,Low,Low,100
88.67,79.86,8.3,26,27,Yes,Hot Work,Night,High,Medium,High,High,10
60.28,62.33,7.64,81,19,Yes,Hot Work,Morning,Medium,Medium,Medium,Medium,55
48.98,74.06,7.87,43,23,Yes,Normal,Night,Low,Medium,Low,Medium,50
59.1,57.12,5.52,29,15,No,Hot Work,Evening,Low,Low,Medium,Medium,90
29.86,62.09,1.39,88,4,Yes,Normal,Morning,Low,Medium,Low,Low,80
46.75,34.61,2.65,80,1,Yes,Confined Space,Morning,Low,Low,Low,Low,90
34.4,70.69,4.88,73,22,No,Normal,Night,Low,Medium,Low,Low,70
34.81,34.66,9.65,74,23,Yes,Confined Space,Night,Low,Low,Low,High,50
84.54,64.42,3.96,76,29,Yes,Confined Space,Morning,Medium,Medium,High,Low,40
95.59,54.53,7.95,72,20,No,Hot Work,Morning,Medium,Low,High,Medium,60
25.69,78.02,9.37,20,7,No,Hot Work,Evening,Low,Medium,Low,High,70
83.96,69.46,3.27,48,4,No,Normal,Night,Medium,Medium,High,Low,50
81.83,51.9,7.96,20,9,No,Hot Work,Night,Medium,Low,High,Medium,50
96.1,88.01,2.83,50,2,Yes,Normal,Night,High,High,High,Low,30
43.12,24.32,4.41,71,12,Yes,Hot Work,Evening,Low,Low,Low,Low,90
30.2,57.47,2.46,56,16,No,Confined Space,Morning,Low,Low,Low,Low,100
19.76,90.99,2.01,70,24,No,Confined Space,Night,Low,High,Low,Low,60
28.35,82.25,6.48,73,26,No,Confined Space,Evening,Low,High,Low,Medium,60
30.07,55.68,1.13,53,22,Yes,Normal,Night,Low,Low,Low,Low,70
69.96,50.45,5.58,50,7,No,Hot Work,Evening,Medium,Low,Medium,Medium,75
48.31,89.09,6.36,25,12,No,Confined Space,Morning,Low,High,Low,Medium,70
78.51,74.12,1.06,86,15,Yes,Confined Space,Evening,Medium,Medium,High,Low,65
17.2,29.56,8.94,21,12,Yes,Hot Work,Morning,Low,Low,Low,High,70
12.55,83.1,8.69,84,15,Yes,Confined Space,Evening,Low,High,Low,High,50
81.95,47.59,2.82,59,26,Yes,Confined Space,Night,Medium,Low,High,Low,40
14.18,78.73,8.82,47,9,Yes,Confined Space,Evening,Low,Medium,Low,High,60
90.13,60.26,5.49,74,9,No,Hot Work,Evening,Medium,Medium,High,Medium,50
85.52,42.22,4.85,55,22,Yes,Confined Space,Evening,Medium,Low,High,Low,50
43.32,61.01,7.69,85,16,Yes,Hot Work,Evening,Low,Medium,Low,Medium,70
34.94,43.73,4.69,52,4,No,Hot Work,Evening,Low,Low,Low,Low,100
96.28,45.67,6.54,34,4,Yes,Confined Space,Morning,Medium,Low,High,Medium,50
14.29,31.18,5.22,78,19,Yes,Hot Work,Morning,Low,Low,Low,Medium,80
22.91,71.75,7.41,68,15,Yes,Confined Space,Night,Low,Medium,Low,Medium,60
30.15,66.88,7.34,69,21,Yes,Hot Work,Evening,Low,Medium,Low,Medium,60
72.37,24.19,3.76,22,20,Yes,Normal,Morning,Medium,Low,Medium,Low,75
51.68,86.31,3.51,57,29,Yes,Hot Work,Night,Low,High,Medium,Low,50
59.48,40.6,6.93,87,29,Yes,Hot Work,Night,Low,Low,Medium,Medium,60
97.31,79.51,7.0,21,13,No,Confined Space,Night,High,Medium,High,Medium,40
99.68,28.54,6.46,61,15,Yes,Normal,Morning,Medium,Low,High,Medium,50
29.85,74.35,8.79,26,24,Yes,Confined Space,Night,Low,Medium,Low,High,40
49.79,72.89,6.61,52,6,No,Confined Space,Night,Low,Medium,Low,Medium,70
54.6,72.66,8.59,90,4,No,Confined Space,Night,Low,Medium,Medium,High,60
73.99,85.42,9.8,24,4,Yes,Normal,Evening,Medium,High,Medium,High,35
3.38,39.29,1.49,22,26,No,Confined Space,Evening,Low,Low,Low,Low,90
46.64,42.11,5.13,26,14,No,Confined Space,Night,Low,Low,Low,Medium,80
2.55,54.61,4.17,47,30,No,Normal,Evening,Low,Low,Low,Low,90
78.13,74.16,7.56,43,25,No,Confined Space,Night,Medium,Medium,High,Medium,45
22.05,70.45,1.74,33,2,Yes,Confined Space,Evening,Low,Medium,Low,Low,80
99.29,82.05,4.48,75,10,No,Hot Work,Night,High,High,High,Low,40
75.0,34.38,1.52,78,9,Yes,Confined Space,Night,Medium,Low,Medium,Low,65
47.11,96.13,2.46,28,1,Yes,Normal,Morning,Low,High,Low,Low,70
2.1,45.14,9.36,36,25,Yes,Confined Space,Night,Low,Low,Low,High,50
17.39,44.8,4.06,73,28,Yes,Confined Space,Morning,Low,Low,Low,Low,80
98.26,43.56,2.82,84,30,Yes,Normal,Morning,Medium,Low,High,Low,50
10.67,90.89,9.81,76,23,Yes,Confined Space,Morning,Low,High,Low,High,40
88.04,81.61,6.2,37,3,Yes,Normal,Night,High,High,High,Medium,20
14.75,98.52,8.91,78,21,No,Hot Work,Evening,Low,High,Low,High,50
54.54,40.68,2.04,42,25,No,Confined Space,Morning,Low,Low,Medium,Low,90
12.46,69.27,3.83,79,16,Yes,Hot Work,Morning,Low,Medium,Low,Low,80
8.07,34.77,5.17,88,1,No,Normal,Morning,Low,Low,Low,Medium,90
85.28,32.54,5.19,54,6,Yes,Confined Space,Night,Medium,Low,High,Medium,40
81.01,34.76,3.0,78,14,No,Hot Work,Morning,Medium,Low,High,Low,70
3.08,67.41,7.29,48,21,No,Hot Work,Morning,Low,Medium,Low,Medium,70
74.39,49.47,9.79,83,27,No,Confined Space,Morning,Medium,Low,Medium,High,55
8.33,22.01,9.49,25,20,Yes,Confined Space,Morning,Low,Low,Low,High,70
3.73,78.24,9.58,42,10,No,Confined Space,Evening,Low,Medium,Low,High,70
38.32,64.24,8.45,88,6,No,Hot Work,Evening,Low,Medium,Low,High,70
68.85,35.99,3.9,34,18,No,Hot Work,Evening,Medium,Low,Medium,Low,85
49.46,64.7,3.47,53,20,No,Hot Work,Evening,Low,Medium,Low,Low,90
44.4,32.13,7.54,72,6,Yes,Hot Work,Night,Low,Low,Low,Medium,70
63.48,22.78,9.54,81,9,Yes,Hot Work,Night,Medium,Low,Medium,High,45
76.0,31.83,7.79,72,29,Yes,Confined Space,Evening,Medium,Low,High,Medium,55
12.56,64.4,2.29,86,20,No,Normal,Night,Low,Medium,Low,Low,80
88.07,55.4,5.48,21,26,Yes,Hot Work,Night,Medium,Low,High,Medium,30
46.29,29.46,1.93,77,30,Yes,Normal,Evening,Low,Low,Low,Low,80
2.47,42.57,9.6,23,1,No,Confined Space,Night,Low,Low,Low,High,70
46.1,87.99,7.15,24,13,Yes,Hot Work,Morning,Low,High,Low,Medium,60
43.38,83.85,1.35,86,19,No,Hot Work,Evening,Low,High,Low,Low,80
15.78,92.2,7.12,30,21,No,Confined Space,Evening,Low,High,Low,Medium,60
25.85,67.79,8.27,89,29,Yes,Normal,Morning,Low,Medium,Low,High,50
17.65,24.36,9.32,54,12,Yes,Normal,Night,Low,Low,Low,High,60
53.75,74.3,7.18,73,12,Yes,Normal,Night,Low,Medium,Medium,Medium,60
55.23,45.22,3.13,80,9,No,Hot Work,Evening,Low,Low,Medium,Low,100
10.71,76.03,8.36,45,26,No,Hot Work,Morning,Low,Medium,Low,High,60
55.75,99.97,9.44,55,22,No,Confined Space,Morning,Low,High,Medium,High,50
40.95,99.1,2.34,90,18,Yes,Normal,Morning,Low,High,Low,Low,70
81.01,65.9,6.64,36,4,Yes,Normal,Evening,Medium,Medium,High,Medium,40
42.83,96.76,5.37,23,28,Yes,Hot Work,Morning,Low,High,Low,Medium,50
91.7,34.57,3.09,70,16,Yes,Confined Space,Evening,Medium,Low,High,Low,60
68.65,57.1,4.31,43,25,Yes,Hot Work,Night,Medium,Low,Medium,Low,55
3.51,72.93,8.61,29,12,No,Confined Space,Night,Low,Medium,Low,High,60
47.37,56.12,3.75,46,19,Yes,Confined Space,Night,Low,Low,Low,Low,80
40.7,64.26,8.52,48,8,Yes,Normal,Evening,Low,Medium,Low,High,60
69.17,54.99,5.38,79,2,No,Normal,Night,Medium,Low,Medium,Medium,65
96.5,84.16,1.96,85,5,Yes,Normal,Night,High,High,High,Low,30
78.33,79.68,9.85,73,5,Yes,Hot Work,Evening,Medium,Medium,High,High,45
10.11,92.3,3.54,26,16,Yes,Confined Space,Night,Low,High,Low,Low,60
8.73,81.12,7.73,36,5,No,Confined Space,Evening,Low,High,Low,Medium,70
16.01,70.46,7.34,83,4,Yes,Confined Space,Evening,Low,Medium,Low,Medium,70
39.77,66.36,2.72,88,19,Yes,Confined Space,Evening,Low,Medium,Low,Low,80
84.23,70.6,1.38,51,7,Yes,Normal,Morning,High,Medium,High,Low,50
25.83,38.72,5.38,38,19,Yes,Hot Work,Night,Low,Low,Low,Medium,70
37.68,74.01,6.72,80,19,No,Hot Work,Evening,Low,Medium,Low,Medium,80
3.82,85.66,5.78,45,28,No,Confined Space,Evening,Low,High,Low,Medium,60
81.07,42.08,5.06,43,4,No,Confined Space,Evening,Medium,Low,High,Medium,60
30.9,89.42,2.41,37,26,Yes,Hot Work,Evening,Low,High,Low,Low,60
11.17,60.29,4.38,53,26,No,Normal,Morning,Low,Medium,Low,Low,80
45.91,20.25,6.4,42,13,Yes,Normal,Evening,Low,Low,Low,Medium,80
65.37,62.3,9.54,59,29,No,Hot Work,Night,Medium,Medium,Medium,High,35
84.87,24.67,2.06,74,9,Yes,Hot Work,Evening,Medium,Low,High,Low,60
51.3,72.35,3.11,84,11,No,Normal,Morning,Low,Medium,Medium,Low,90
67.89,20.25,3.82,80,13,No,Hot Work,Night,Medium,Low,Medium,Low,75
55.14,38.21,2.13,25,23,Yes,Hot Work,Evening,Low,Low,Medium,Low,80
27.62,68.26,1.92,30,14,No,Confined Space,Evening,Low,Medium,Low,Low,90
3.61,39.71,5.22,45,8,No,Hot Work,Evening,Low,Low,Low,Medium,90
53.62,22.87,5.32,30,20,Yes,Hot Work,Morning,Low,Low,Medium,Medium,80
36.67,34.5,4.0,79,27,No,Hot Work,Night,Low,Low,Low,Low,80
79.59,80.32,1.27,46,12,Yes,Confined Space,Evening,Medium,High,High,Low,55
73.06,57.22,7.55,79,21,No,Normal,Night,Medium,Low,Medium,Medium,55
28.07,74.07,2.15,71,21,No,Normal,Night,Low,Medium,Low,Low,70
92.81,54.64,2.04,22,4,No,Confined Space,Morning,Medium,Low,High,Low,70
43.67,93.32,8.19,62,18,Yes,Normal,Morning,Low,High,Low,High,50
66.49,35.54,1.62,58,4,No,Confined Space,Evening,Medium,Low,Medium,Low,85
74.02,62.03,1.79,66,26,Yes,Hot Work,Evening,Medium,Medium,Medium,Low,55
40.67,59.98,1.19,56,24,Yes,Normal,Evening,Low,Low,Low,Low,80
26.37,65.24,6.8,50,14,Yes,Hot Work,Night,Low,Medium,Low,Medium,60
60.11,81.53,5.85,41,2,Yes,Hot Work,Morning,Medium,High,Medium,Medium,45
35.16,25.57,8.94,49,14,No,Hot Work,Evening,Low,Low,Low,High,80
2.25,69.81,4.4,48,28,Yes,Normal,Evening,Low,Medium,Low,Low,70
12.45,96.29,3.98,61,9,Yes,Hot Work,Evening,Low,High,Low,Low,70
78.95,90.79,7.92,27,3,No,Hot Work,Night,Medium,High,High,Medium,45
28.93,34.97,2.8,75,25,No,Hot Work,Morning,Low,Low,Low,Low,90
97.97,87.43,8.94,66,12,No,Hot Work,Night,High,High,High,High,20
16.98,41.75,9.58,77,22,Yes,Confined Space,Night,Low,Low,Low,High,50
48.95,58.78,9.55,76,16,No,Confined Space,Night,Low,Low,Low,High,70
63.52,83.26,5.33,90,24,Yes,Confined Space,Evening,Medium,High,Medium,Medium,35
40.23,31.81,9.23,28,17,Yes,Confined Space,Night,Low,Low,Low,High,60
62.19,28.02,7.71,48,17,No,Confined Space,Evening,Medium,Low,Medium,Medium,75
99.63,63.3,5.79,27,22,No,Normal,Evening,Medium,Medium,High,Medium,40
80.45,28.08,5.01,47,3,No,Confined Space,Night,Medium,Low,High,Medium,50
25.09,35.13,2.29,46,19,No,Hot Work,Night,Low,Low,Low,Low,90
97.12,85.1,3.88,35,15,No,Normal,Evening,High,High,High,Low,50
86.57,70.89,8.13,55,27,No,Normal,Morning,High,Medium,High,High,30
62.14,91.8,2.02,75,15,Yes,Normal,Evening,Medium,High,Medium,Low,55
90.5,37.33,1.35,38,17,No,Normal,Morning,Medium,Low,High,Low,70
59.81,70.38,9.0,53,11,Yes,Hot Work,Evening,Low,Medium,Medium,High,60
46.0,68.58,3.53,25,17,Yes,Hot Work,Evening,Low,Medium,Low,Low,80
80.75,25.27,6.38,55,20,Yes,Hot Work,Morning,Medium,Low,High,Medium,50
59.36,72.65,4.31,50,8,No,Hot Work,Night,Low,Medium,Medium,Low,80
27.01,27.17,8.99,90,27,Yes,Confined Space,Evening,Low,Low,Low,High,60
13.97,43.59,6.33,47,2,Yes,Confined Space,Night,Low,Low,Low,Medium,70
62.47,62.51,5.54,31,24,Yes,Confined Space,Morning,Medium,Medium,Medium,Medium,45
4.53,39.18,4.11,54,29,No,Confined Space,Evening,Low,Low,Low,Low,90
45.53,47.81,9.64,38,6,Yes,Confined Space,Night,Low,Low,Low,High,60
78.51,22.65,5.73,39,1,Yes,Normal,Evening,Medium,Low,High,Medium,65
58.71,57.85,5.94,54,4,Yes,Hot Work,Evening,Low,Low,Medium,Medium,80
68.59,20.73,2.38,57,27,No,Confined Space,Evening,Medium,Low,Medium,Low,75
64.51,87.65,9.23,40,24,No,Hot Work,Night,Medium,High,Medium,High,25
40.84,28.82,2.22,45,9,No,Confined Space,Night,Low,Low,Low,Low,90
95.39,84.76,4.27,82,16,Yes,Hot Work,Night,High,High,High,Low,30
71.49,71.61,4.26,52,15,No,Confined Space,Evening,Medium,Medium,Medium,Low,75
67.51,68.82,4.99,85,3,Yes,Normal,Night,Medium,Medium,Medium,Low,55
61.72,76.94,1.4,76,7,Yes,Hot Work,Evening,Medium,Medium,Medium,Low,65
46.8,77.89,5.12,20,8,Yes,Normal,Night,Low,Medium,Low,Medium,60
60.1,51.96,8.34,38,23,No,Normal,Night,Medium,Low,Medium,High,45
52.81,85.87,7.83,86,24,Yes,Confined Space,Evening,Low,High,Medium,Medium,50
85.44,76.57,5.41,88,5,Yes,Hot Work,Night,High,Medium,High,Medium,30
93.31,40.99,7.37,46,13,No,Hot Work,Night,Medium,Low,High,Medium,50
33.14,75.34,4.39,46,9,Yes,Normal,Night,Low,Medium,Low,Low,70
81.38,67.54,1.44,88,10,No,Hot Work,Morning,Medium,Medium,High,Low,60
19.54,77.34,5.94,51,24,No,Confined Space,Night,Low,Medium,Low,Medium,60
70.05,98.78,7.82,84,19,Yes,Confined Space,Night,Medium,High,Medium,Medium,35
96.81,41.3,1.2,65,24,No,Hot Work,Night,Medium,Low,High,Low,50
56.54,68.41,9.28,48,11,Yes,Normal,Evening,Low,Medium,Medium,High,60
70.84,47.87,4.02,51,18,Yes,Confined Space,Morning,Medium,Low,Medium,Low,75
0.0,58.15,7.67,65,28,Yes,Hot Work,Night,Low,Low,Low,Medium,60
98.99,63.66,4.35,85,23,No,Confined Space,Night,Medium,Medium,High,Low,40
8.6,34.37,2.99,55,9,No,Confined Space,Morning,Low,Low,Low,Low,100
29.76,30.69,1.73,73,21,No,Confined Space,Morning,Low,Low,Low,Low,90
7.98,30.59,6.64,42,7,No,Confined Space,Night,Low,Low,Low,Medium,80
72.92,77.12,3.67,65,14,Yes,Normal,Morning,Medium,Medium,Medium,Low,65
49.45,46.25,9.45,57,20,No,Normal,Night,Low,Low,Low,High,70
82.96,56.88,4.46,35,2,Yes,Hot Work,Night,Medium,Low,High,Low,50
36.51,41.21,3.15,69,4,Yes,Hot Work,Evening,Low,Low,Low,Low,90
84.84,50.21,8.33,45,14,Yes,Normal,Night,Medium,Low,High,High,30
87.9,80.66,2.38,75,11,Yes,Hot Work,Evening,High,High,High,Low,40
53.82,26.99,4.48,41,12,Yes,Hot Work,Night,Low,Low,Medium,Low,80
54.32,26.67,2.18,34,30,Yes,Normal,Night,Low,Low,Medium,Low,70
37.37,94.03,3.73,90,26,Yes,Confined Space,Evening,Low,High,Low,Low,60
4.49,91.09,8.95,36,1,No,Confined Space,Evening,Low,High,Low,High,60
8.86,71.37,2.87,43,4,Yes,Normal,Evening,Low,Medium,Low,Low,80
7.1,77.52,4.7,75,26,No,Hot Work,Morning,Low,Medium,Low,Low,80
77.06,85.88,4.84,43,15,Yes,Normal,Morning,Medium,High,High,Low,55
36.13,56.39,10.0,39,16,No,Normal,Night,Low,Low,Low,High,70
66.42,23.53,3.39,27,24,Yes,Hot Work,Night,Medium,Low,Medium,Low,55
8.07,61.26,1.67,51,10,No,Normal,Evening,Low,Medium,Low,Low,90
65.68,31.17,4.21,80,2,Yes,Hot Work,Morning,Medium,Low,Medium,Low,75
69.35,66.93,4.64,84,21,Yes,Hot Work,Morning,Medium,Medium,Medium,Low,55
34.93,97.53,3.9,43,28,No,Confined Space,Evening,Low,High,Low,Low,70
84.03,93.68,2.47,23,17,Yes,Hot Work,Evening,High,High,High,Low,40
81.84,52.28,1.64,76,27,Yes,Confined Space,Night,Medium,Low,High,Low,40
70.54,41.63,8.86,79,27,No,Normal,Night,Medium,Low,Medium,High,45
38.71,87.95,2.58,83,14,No,Normal,Morning,Low,High,Low,Low,80
63.99,87.65,6.14,30,18,No,Confined Space,Evening,Medium,High,Medium,Medium,55
76.52,23.96,4.52,24,15,Yes,Hot Work,Evening,Medium,Low,High,Low,75
92.22,96.06,2.33,25,1,No,Hot Work,Morning,High,High,High,Low,50
91.59,91.93,1.25,63,3,Yes,Hot Work,Morning,High,High,High,Low,40
41.89,72.18,2.27,57,7,No,Normal,Night,Low,Medium,Low,Low,80
3.48,38.08,4.35,60,9,Yes,Hot Work,Night,Low,Low,Low,Low,80
28.1,20.63,5.54,78,29,Yes,Normal,Night,Low,Low,Low,Medium,60
64.23,64.84,3.54,77,3,No,Hot Work,Evening,Medium,Medium,Medium,Low,75
28.16,91.05,9.0,88,18,Yes,Normal,Night,Low,High,Low,High,40
82.33,48.59,8.25,26,7,No,Confined Space,Morning,Medium,Low,High,High,50
64.18,20.34,4.74,87,3,No,Confined Space,Night,Medium,Low,Medium,Low,75
47.6,23.35,6.74,70,14,No,Hot Work,Night,Low,Low,Low,Medium,80
27.66,78.92,9.56,35,2,Yes,Normal,Morning,Low,Medium,Low,High,60
60.98,34.03,5.72,30,2,Yes,Normal,Night,Medium,Low,Medium,Medium,55
68.83,88.99,6.65,42,18,No,Confined Space,Morning,Medium,High,Medium,Medium,55
17.33,43.57,1.37,71,5,Yes,Normal,Morning,Low,Low,Low,Low,90
43.71,52.13,4.07,34,16,Yes,Confined Space,Morning,Low,Low,Low,Low,90
39.59,51.58,6.62,76,15,Yes,Normal,Morning,Low,Low,Low,Medium,80
41.86,91.95,2.88,84,22,Yes,Hot Work,Evening,Low,High,Low,Low,60
5.69,75.93,4.34,49,21,Yes,Confined Space,Night,Low,Medium,Low,Low,60
81.17,24.34,6.2,81,21,Yes,Hot Work,Evening,Medium,Low,High,Medium,40
82.47,96.79,2.5,49,16,Yes,Confined Space,Morning,High,High,High,Low,40
24.64,82.23,8.69,72,19,No,Hot Work,Night,Low,High,Low,High,50
34.42,54.89,7.9,27,2,No,Normal,Night,Low,Low,Low,Medium,80
87.42,71.48,4.76,90,16,No,Normal,Morning,High,Medium,High,Low,60
12.81,33.31,7.41,45,25,Yes,Confined Space,Night,Low,Low,Low,Medium,60
89.87,32.2,7.57,47,13,Yes,Normal,Evening,Medium,Low,High,Medium,50
75.55,95.88,1.89,24,29,Yes,Confined Space,Evening,Medium,High,High,Low,45
38.61,42.39,4.72,36,23,Yes,Normal,Morning,Low,Low,Low,Low,80
92.72,26.46,4.39,26,28,Yes,Hot Work,Morning,Medium,Low,High,Low,50
54.47,75.02,4.47,68,4,Yes,Hot Work,Morning,Low,Medium,Medium,Low,80
66.36,47.1,2.82,25,15,Yes,Confined Space,Morning,Medium,Low,Medium,Low,75
88.87,28.02,7.59,37,28,Yes,Normal,Night,Medium,Low,High,Medium,30
69.7,37.65,6.23,40,22,Yes,Confined Space,Evening,Medium,Low,Medium,Medium,55
1.56,42.14,8.98,24,3,No,Normal,Night,Low,Low,Low,High,70
33.29,88.12,1.12,80,26,No,Normal,Night,Low,High,Low,Low,60
45.0,79.23,7.97,25,12,No,Confined Space,Evening,Low,Medium,Low,Medium,80
44.64,30.76,4.98,30,6,No,Normal,Evening,Low,Low,Low,Low,100
79.71,93.63,6.83,59,24,Yes,Hot Work,Evening,Medium,High,High,Medium,35
73.22,76.13,4.32,78,11,Yes,Confined Space,Morning,Medium,Medium,Medium,Low,65
24.79,98.47,8.99,80,5,Yes,Hot Work,Night,Low,High,Low,High,40
56.13,28.68,7.64,37,10,Yes,Confined Space,Night,Low,Low,Medium,Medium,70
